#
# A fatal error has been detected by the Java Runtime Environment:
#
#  EXCEPTION_ACCESS_VIOLATION (0xc0000005) at pc=0x00007fffa36db910, pid=3100, tid=11912
#
# JRE version: OpenJDK Runtime Environment (21.0.3) (build 21.0.3+-12282718-b509.11)
# Java VM: OpenJDK 64-Bit Server VM (21.0.3+-12282718-b509.11, mixed mode, tiered, compressed oops, compressed class ptrs, g1 gc, windows-amd64)
# Problematic frame:
# V  [jvm.dll+0x5ab910]
#
# No core dump will be written. Minidumps are not enabled by default on client versions of Windows
#
# If you would like to submit a bug report, please visit:
#   https://youtrack.jetbrains.com/issues/JBR
#

---------------  S U M M A R Y ------------

Command Line: --add-opens=java.base/java.lang=ALL-UNNAMED --add-opens=java.base/java.lang.invoke=ALL-UNNAMED --add-opens=java.base/java.util=ALL-UNNAMED --add-opens=java.prefs/java.util.prefs=ALL-UNNAMED --add-exports=jdk.compiler/com.sun.tools.javac.api=ALL-UNNAMED --add-exports=jdk.compiler/com.sun.tools.javac.util=ALL-UNNAMED --add-opens=java.base/java.util=ALL-UNNAMED --add-opens=java.prefs/java.util.prefs=ALL-UNNAMED --add-opens=java.base/java.nio.charset=ALL-UNNAMED --add-opens=java.base/java.net=ALL-UNNAMED --add-opens=java.base/java.util.concurrent=ALL-UNNAMED --add-opens=java.base/java.util.concurrent.atomic=ALL-UNNAMED --add-opens=java.xml/javax.xml.namespace=ALL-UNNAMED --add-opens=java.base/java.time=ALL-UNNAMED -XX:MaxMetaspaceSize=4G -XX:ReservedCodeCacheSize=512m -XX:+HeapDumpOnOutOfMemoryError -Xmx8G -Dfile.encoding=UTF-8 -Duser.country=BR -Duser.language=pt -Duser.variant -javaagent:C:\Users\Usuario\.gradle\wrapper\dists\gradle-9.3.1-all\9ot9r568e8zfvvd4mn8rbu1j0\gradle-9.3.1\lib\agents\gradle-instrumentation-agent-9.3.1.jar org.gradle.launcher.daemon.bootstrap.GradleDaemon 9.3.1

Host: 12th Gen Intel(R) Core(TM) i5-12400F, 12 cores, 15G,  Windows 11 , 64 bit Build 26100 (10.0.26100.8521)
Time: Sat Sep 26 12:53:07 2026 Hora oficial do Brasil elapsed time: 845.974026 seconds (0d 0h 14m 5s)

---------------  T H R E A D  ---------------

Current thread (0x000001910189a770):  JavaThread "Daemon worker Thread 2"        [_thread_in_vm, id=11912, stack(0x000000119bb00000,0x000000119bc00000) (1024K)]

Stack: [0x000000119bb00000,0x000000119bc00000],  sp=0x000000119bbf6168,  free space=984k
Native frames: (J=compiled Java code, j=interpreted, Vv=VM code, C=native code)
V  [jvm.dll+0x5ab910]

Java frames: (J=compiled Java code, j=interpreted, Vv=VM code)
j  org.jetbrains.kotlin.gradle.plugin.abi.JvmOrAndroidKt$finalizeJvmOrAndroidVariant$$inlined$withMainCompilationIfExists$1.execute(Lorg/jetbrains/kotlin/gradle/plugin/KotlinCompilation;)V+24
j  org.jetbrains.kotlin.gradle.plugin.abi.JvmOrAndroidKt$finalizeJvmOrAndroidVariant$$inlined$withMainCompilationIfExists$1.execute(Ljava/lang/Object;)V+5
J 20543 c2 org.gradle.api.internal.DefaultMutationGuard$1.execute(Ljava/lang/Object;)V (67 bytes) @ 0x0000019146d970c8 [0x0000019146d96c60+0x0000000000000468]
J 20543 c2 org.gradle.api.internal.DefaultMutationGuard$1.execute(Ljava/lang/Object;)V (67 bytes) @ 0x0000019146d970c8 [0x0000019146d96c60+0x0000000000000468]
j  org.gradle.api.internal.DefaultNamedDomainObjectCollection$ExistingNamedDomainObjectProvider.configure(Lorg/gradle/api/Action;)V+21
j  org.jetbrains.kotlin.gradle.plugin.abi.JvmOrAndroidKt.finalizeJvmOrAndroidVariant(Lorg/jetbrains/kotlin/gradle/dsl/abi/AbiValidationVariantSpec;Lorg/gradle/api/Project;Lorg/gradle/api/artifacts/Configuration;Lorg/jetbrains/kotlin/gradle/plugin/KotlinTarget;)V+130
j  org.jetbrains.kotlin.gradle.plugin.abi.AbiValidationActionKt$AbiValidationSetupAction$1$1.execute(Lorg/jetbrains/kotlin/gradle/dsl/abi/AbiValidationVariantSpec;)V+22
j  org.jetbrains.kotlin.gradle.plugin.abi.AbiValidationActionKt$AbiValidationSetupAction$1$1.execute(Ljava/lang/Object;)V+5
J 19800 c2 org.gradle.internal.operations.DefaultBuildOperationRunner$1.execute(Lorg/gradle/internal/operations/BuildOperation;Lorg/gradle/internal/operations/BuildOperationContext;)V (10 bytes) @ 0x0000019146ce6b28 [0x0000019146ce6620+0x0000000000000508]
J 8138 c1 org.gradle.internal.operations.DefaultBuildOperationRunner$2.execute(Lorg/gradle/internal/operations/BuildOperationDescriptor;Lorg/gradle/internal/operations/BuildOperationState;Lorg/gradle/internal/operations/BuildOperationState;Lorg/gradle/internal/operations/DefaultBuildOperationRunner$ReadableBuildOperationContext;Lorg/gradle/internal/operations/DefaultBuildOperationRunner$BuildOperationExecutionListener;)Lorg/gradle/internal/operations/BuildOperation; (110 bytes) @ 0x0000019136cfe24c [0x0000019136cfe040+0x000000000000020c]
J 7877 c1 org.gradle.internal.operations.DefaultBuildOperationRunner$2.execute(Lorg/gradle/internal/operations/BuildOperationDescriptor;Lorg/gradle/internal/operations/BuildOperationState;Lorg/gradle/internal/operations/BuildOperationState;Lorg/gradle/internal/operations/DefaultBuildOperationRunner$ReadableBuildOperationContext;Lorg/gradle/internal/operations/DefaultBuildOperationRunner$BuildOperationExecutionListener;)Ljava/lang/Object; (12 bytes) @ 0x0000019136c7863c [0x0000019136c785c0+0x000000000000007c]
j  org.gradle.internal.operations.DefaultBuildOperationRunner.execute(Lorg/gradle/internal/operations/BuildOperationDescriptor$Builder;Lorg/gradle/internal/operations/DefaultBuildOperationRunner$BuildOperationExecution;)Ljava/lang/Object;+141
J 21631 c2 org.gradle.internal.operations.DefaultBuildOperationRunner.execute(Lorg/gradle/internal/operations/BuildOperation;Lorg/gradle/internal/operations/BuildOperationWorker;)V (22 bytes) @ 0x0000019146e92f90 [0x0000019146e92ec0+0x00000000000000d0]
J 20163 c2 org.gradle.api.internal.DefaultCollectionCallbackActionDecorator$BuildOperationEmittingAction.execute(Ljava/lang/Object;)V (26 bytes) @ 0x0000019146d3a194 [0x0000019146d3a0c0+0x00000000000000d4]
J 20543 c2 org.gradle.api.internal.DefaultMutationGuard$1.execute(Ljava/lang/Object;)V (67 bytes) @ 0x0000019146d970c8 [0x0000019146d96c60+0x0000000000000468]
J 20543 c2 org.gradle.api.internal.DefaultMutationGuard$1.execute(Ljava/lang/Object;)V (67 bytes) @ 0x0000019146d970c8 [0x0000019146d96c60+0x0000000000000468]
J 19076 c1 org.gradle.api.internal.DefaultDomainObjectCollection.configureEach(Lorg/gradle/api/Action;)V (127 bytes) @ 0x0000019137fb16dc [0x0000019137fb05e0+0x00000000000010fc]
j  org.jetbrains.kotlin.gradle.plugin.abi.AbiValidationActionKt$AbiValidationSetupAction$1.invokeSuspend(Ljava/lang/Object;)Ljava/lang/Object;+322
J 7936 c1 kotlin.coroutines.jvm.internal.BaseContinuationImpl.resumeWith(Ljava/lang/Object;)V (124 bytes) @ 0x0000019136c993ec [0x0000019136c98fc0+0x000000000000042c]
J 17039 c1 kotlin.coroutines.SafeContinuation.resumeWith(Ljava/lang/Object;)V (73 bytes) @ 0x0000019137ce3f24 [0x0000019137ce3b40+0x00000000000003e4]
j  org.jetbrains.kotlin.gradle.plugin.KotlinPluginLifecycleImpl$await$2$1.invoke(Lorg/jetbrains/kotlin/gradle/plugin/KotlinPluginLifecycle;)V+20
j  org.jetbrains.kotlin.gradle.plugin.KotlinPluginLifecycleImpl$await$2$1.invoke(Ljava/lang/Object;)Ljava/lang/Object;+5
j  org.jetbrains.kotlin.gradle.plugin.KotlinPluginLifecycleImpl.loopIfNecessary()V+56
j  org.jetbrains.kotlin.gradle.plugin.KotlinPluginLifecycleImpl.executeCurrentStageAndScheduleNext()V+138
j  org.jetbrains.kotlin.gradle.plugin.KotlinPluginLifecycleImpl.access$executeCurrentStageAndScheduleNext(Lorg/jetbrains/kotlin/gradle/plugin/KotlinPluginLifecycleImpl;)V+1
j  org.jetbrains.kotlin.gradle.plugin.KotlinPluginLifecycleImpl$executeCurrentStageAndScheduleNext$3.execute(Lorg/gradle/api/Project;)V+4
j  org.jetbrains.kotlin.gradle.plugin.KotlinPluginLifecycleImpl$executeCurrentStageAndScheduleNext$3.execute(Ljava/lang/Object;)V+5
J 7961 c1 org.gradle.internal.code.DefaultUserCodeApplicationContext$CurrentApplication$1.execute(Ljava/lang/Object;)V (79 bytes) @ 0x0000019136cb2b14 [0x0000019136cb2740+0x00000000000003d4]
j  org.gradle.configuration.internal.DefaultListenerBuildOperationDecorator$BuildOperationEmittingAction$1.run(Lorg/gradle/internal/operations/BuildOperationContext;)V+11
J 19800 c2 org.gradle.internal.operations.DefaultBuildOperationRunner$1.execute(Lorg/gradle/internal/operations/BuildOperation;Lorg/gradle/internal/operations/BuildOperationContext;)V (10 bytes) @ 0x0000019146ce6fe0 [0x0000019146ce6620+0x00000000000009c0]
J 8138 c1 org.gradle.internal.operations.DefaultBuildOperationRunner$2.execute(Lorg/gradle/internal/operations/BuildOperationDescriptor;Lorg/gradle/internal/operations/BuildOperationState;Lorg/gradle/internal/operations/BuildOperationState;Lorg/gradle/internal/operations/DefaultBuildOperationRunner$ReadableBuildOperationContext;Lorg/gradle/internal/operations/DefaultBuildOperationRunner$BuildOperationExecutionListener;)Lorg/gradle/internal/operations/BuildOperation; (110 bytes) @ 0x0000019136cfe24c [0x0000019136cfe040+0x000000000000020c]
J 7877 c1 org.gradle.internal.operations.DefaultBuildOperationRunner$2.execute(Lorg/gradle/internal/operations/BuildOperationDescriptor;Lorg/gradle/internal/operations/BuildOperationState;Lorg/gradle/internal/operations/BuildOperationState;Lorg/gradle/internal/operations/DefaultBuildOperationRunner$ReadableBuildOperationContext;Lorg/gradle/internal/operations/DefaultBuildOperationRunner$BuildOperationExecutionListener;)Ljava/lang/Object; (12 bytes) @ 0x0000019136c7863c [0x0000019136c785c0+0x000000000000007c]
j  org.gradle.internal.operations.DefaultBuildOperationRunner.execute(Lorg/gradle/internal/operations/BuildOperationDescriptor$Builder;Lorg/gradle/internal/operations/DefaultBuildOperationRunner$BuildOperationExecution;)Ljava/lang/Object;+141
J 21967 c2 org.gradle.internal.operations.DefaultBuildOperationRunner.run(Lorg/gradle/internal/operations/RunnableBuildOperation;)V (9 bytes) @ 0x0000019146ee4788 [0x0000019146ee46c0+0x00000000000000c8]
j  org.gradle.configuration.internal.DefaultListenerBuildOperationDecorator$BuildOperationEmittingAction.execute(Ljava/lang/Object;)V+24
j  org.gradle.internal.event.BroadcastDispatch$ActionInvocationHandler.dispatch(Lorg/gradle/internal/dispatch/MethodInvocation;)V+24
j  org.gradle.internal.event.BroadcastDispatch$ActionInvocationHandler.dispatch(Ljava/lang/Object;)V+5
J 23443 c2 org.gradle.internal.event.BroadcastDispatch$SingletonDispatch.dispatch(Ljava/lang/Object;)V (9 bytes) @ 0x000001914701a5ac [0x000001914701a540+0x000000000000006c]
J 10600 c1 org.gradle.internal.event.ListenerBroadcast.dispatch(Ljava/lang/Object;)V (9 bytes) @ 0x00000191370d8f14 [0x00000191370d8c60+0x00000000000002b4]
J 23688 c2 org.gradle.internal.dispatch.ProxyDispatchAdapter$DispatchingInvocationHandler.invoke(Ljava/lang/Object;Ljava/lang/reflect/Method;[Ljava/lang/Object;)Ljava/lang/Object; (266 bytes) @ 0x000001914704ce54 [0x000001914704cac0+0x0000000000000394]
j  jdk.proxy1.$Proxy69.afterEvaluate(Lorg/gradle/api/Project;Lorg/gradle/api/ProjectState;)V+20 jdk.proxy1
j  org.gradle.configuration.project.LifecycleProjectEvaluator$NotifyAfterEvaluate$1.execute(Lorg/gradle/api/ProjectEvaluationListener;)V+15
j  org.gradle.configuration.project.LifecycleProjectEvaluator$NotifyAfterEvaluate$1.execute(Ljava/lang/Object;)V+5
j  org.gradle.api.internal.project.DefaultProject.stepEvaluationListener(Lorg/gradle/api/ProjectEvaluationListener;Lorg/gradle/api/Action;)Lorg/gradle/api/ProjectEvaluationListener;+19
j  org.gradle.configuration.project.LifecycleProjectEvaluator$NotifyAfterEvaluate.run(Lorg/gradle/internal/operations/BuildOperationContext;)V+25
J 19800 c2 org.gradle.internal.operations.DefaultBuildOperationRunner$1.execute(Lorg/gradle/internal/operations/BuildOperation;Lorg/gradle/internal/operations/BuildOperationContext;)V (10 bytes) @ 0x0000019146ce6fe0 [0x0000019146ce6620+0x00000000000009c0]
J 8138 c1 org.gradle.internal.operations.DefaultBuildOperationRunner$2.execute(Lorg/gradle/internal/operations/BuildOperationDescriptor;Lorg/gradle/internal/operations/BuildOperationState;Lorg/gradle/internal/operations/BuildOperationState;Lorg/gradle/internal/operations/DefaultBuildOperationRunner$ReadableBuildOperationContext;Lorg/gradle/internal/operations/DefaultBuildOperationRunner$BuildOperationExecutionListener;)Lorg/gradle/internal/operations/BuildOperation; (110 bytes) @ 0x0000019136cfe24c [0x0000019136cfe040+0x000000000000020c]
J 7877 c1 org.gradle.internal.operations.DefaultBuildOperationRunner$2.execute(Lorg/gradle/internal/operations/BuildOperationDescriptor;Lorg/gradle/internal/operations/BuildOperationState;Lorg/gradle/internal/operations/BuildOperationState;Lorg/gradle/internal/operations/DefaultBuildOperationRunner$ReadableBuildOperationContext;Lorg/gradle/internal/operations/DefaultBuildOperationRunner$BuildOperationExecutionListener;)Ljava/lang/Object; (12 bytes) @ 0x0000019136c7863c [0x0000019136c785c0+0x000000000000007c]
j  org.gradle.internal.operations.DefaultBuildOperationRunner.execute(Lorg/gradle/internal/operations/BuildOperationDescriptor$Builder;Lorg/gradle/internal/operations/DefaultBuildOperationRunner$BuildOperationExecution;)Ljava/lang/Object;+141
J 21967 c2 org.gradle.internal.operations.DefaultBuildOperationRunner.run(Lorg/gradle/internal/operations/RunnableBuildOperation;)V (9 bytes) @ 0x0000019146ee4788 [0x0000019146ee46c0+0x00000000000000c8]
j  org.gradle.configuration.project.LifecycleProjectEvaluator$EvaluateProject.lambda$run$0(Lorg/gradle/internal/operations/BuildOperationContext;Lorg/gradle/api/internal/project/ProjectInternal;)V+102
j  org.gradle.configuration.project.LifecycleProjectEvaluator$EvaluateProject$$Lambda+0x00000008007f5710.accept(Ljava/lang/Object;)V+12
j  org.gradle.api.internal.project.DefaultProjectStateRegistry$ProjectStateImpl.lambda$applyToMutableState$0(Ljava/util/function/Consumer;Lorg/gradle/api/internal/project/ProjectInternal;)Ljava/lang/Object;+2
j  org.gradle.api.internal.project.DefaultProjectStateRegistry$ProjectStateImpl$$Lambda+0x00000008007f5960.apply(Ljava/lang/Object;)Ljava/lang/Object;+8
j  org.gradle.api.internal.project.DefaultProjectStateRegistry$ProjectStateImpl.lambda$fromMutableState$1(Ljava/util/function/Function;)Ljava/lang/Object;+5
j  org.gradle.api.internal.project.DefaultProjectStateRegistry$ProjectStateImpl$$Lambda+0x00000008007f5bc0.get()Ljava/lang/Object;+8
j  org.gradle.api.internal.project.DefaultProjectStateRegistry$ProjectStateImpl$$Lambda+0x00000008007f5e00.create()Ljava/lang/Object;+4
J 22308 c1 org.gradle.internal.work.DefaultWorkerLeaseService$$Lambda+0x0000000800378000.create()Ljava/lang/Object; (16 bytes) @ 0x00000191385dabb4 [0x00000191385daa40+0x0000000000000174]
J 22306 c1 org.gradle.internal.work.DefaultWorkerLeaseService.withLocksAcquired(Ljava/util/Collection;Lorg/gradle/internal/Factory;)Ljava/lang/Object; (27 bytes) @ 0x00000191385d88a4 [0x00000191385d8080+0x0000000000000824]
j  org.gradle.internal.work.DefaultWorkerLeaseService.lambda$withReplacedLocks$3(Lorg/gradle/internal/resources/ResourceLock;Lorg/gradle/internal/Factory;)Ljava/lang/Object;+6
j  org.gradle.internal.work.DefaultWorkerLeaseService$$Lambda+0x00000008007f6040.create()Ljava/lang/Object;+12
j  org.gradle.internal.work.DefaultWorkerLeaseService.withoutLocks(Ljava/util/Collection;Lorg/gradle/internal/Factory;)Ljava/lang/Object;+10
j  org.gradle.internal.work.DefaultWorkerLeaseService.withReplacedLocks(Ljava/util/Collection;Lorg/gradle/internal/resources/ResourceLock;Lorg/gradle/internal/Factory;)Ljava/lang/Object;+27
j  org.gradle.api.internal.project.DefaultProjectStateRegistry$ProjectStateImpl.runWithModelLock(Ljava/util/function/Supplier;)Ljava/lang/Object;+129
j  org.gradle.api.internal.project.DefaultProjectStateRegistry$ProjectStateImpl.fromMutableState(Ljava/util/function/Function;)Ljava/lang/Object;+8
j  org.gradle.api.internal.project.DefaultProjectStateRegistry$ProjectStateImpl.applyToMutableState(Ljava/util/function/Consumer;)V+7
j  org.gradle.configuration.project.LifecycleProjectEvaluator$EvaluateProject.run(Lorg/gradle/internal/operations/BuildOperationContext;)V+16
J 19800 c2 org.gradle.internal.operations.DefaultBuildOperationRunner$1.execute(Lorg/gradle/internal/operations/BuildOperation;Lorg/gradle/internal/operations/BuildOperationContext;)V (10 bytes) @ 0x0000019146ce6fe0 [0x0000019146ce6620+0x00000000000009c0]
J 8138 c1 org.gradle.internal.operations.DefaultBuildOperationRunner$2.execute(Lorg/gradle/internal/operations/BuildOperationDescriptor;Lorg/gradle/internal/operations/BuildOperationState;Lorg/gradle/internal/operations/BuildOperationState;Lorg/gradle/internal/operations/DefaultBuildOperationRunner$ReadableBuildOperationContext;Lorg/gradle/internal/operations/DefaultBuildOperationRunner$BuildOperationExecutionListener;)Lorg/gradle/internal/operations/BuildOperation; (110 bytes) @ 0x0000019136cfe24c [0x0000019136cfe040+0x000000000000020c]
J 7877 c1 org.gradle.internal.operations.DefaultBuildOperationRunner$2.execute(Lorg/gradle/internal/operations/BuildOperationDescriptor;Lorg/gradle/internal/operations/BuildOperationState;Lorg/gradle/internal/operations/BuildOperationState;Lorg/gradle/internal/operations/DefaultBuildOperationRunner$ReadableBuildOperationContext;Lorg/gradle/internal/operations/DefaultBuildOperationRunner$BuildOperationExecutionListener;)Ljava/lang/Object; (12 bytes) @ 0x0000019136c7863c [0x0000019136c785c0+0x000000000000007c]
j  org.gradle.internal.operations.DefaultBuildOperationRunner.execute(Lorg/gradle/internal/operations/BuildOperationDescriptor$Builder;Lorg/gradle/internal/operations/DefaultBuildOperationRunner$BuildOperationExecution;)Ljava/lang/Object;+141
J 21967 c2 org.gradle.internal.operations.DefaultBuildOperationRunner.run(Lorg/gradle/internal/operations/RunnableBuildOperation;)V (9 bytes) @ 0x0000019146ee4788 [0x0000019146ee46c0+0x00000000000000c8]
j  org.gradle.configuration.project.LifecycleProjectEvaluator.evaluate(Lorg/gradle/api/internal/project/ProjectInternal;Lorg/gradle/api/internal/project/ProjectStateInternal;)V+42
j  org.gradle.api.internal.project.DefaultProject.evaluateUnchecked()Lorg/gradle/api/internal/project/ProjectInternal;+20
j  org.gradle.api.internal.project.ProjectLifecycleController.lambda$ensureSelfConfigured$2()V+4
j  org.gradle.api.internal.project.ProjectLifecycleController$$Lambda+0x00000008007eba20.run()V+4
j  org.gradle.internal.model.StateTransitionController.lambda$doTransition$14(Ljava/lang/Runnable;)Lorg/gradle/internal/build/ExecutionResult;+1
j  org.gradle.internal.model.StateTransitionController$$Lambda+0x0000000800510c80.get()Ljava/lang/Object;+4
j  org.gradle.internal.model.StateTransitionController.doTransition(Lorg/gradle/internal/model/StateTransitionController$State;Lorg/gradle/internal/model/StateTransitionController$State;Ljava/util/function/Supplier;)Lorg/gradle/internal/build/ExecutionResult;+24
j  org.gradle.internal.model.StateTransitionController.doTransition(Lorg/gradle/internal/model/StateTransitionController$State;Lorg/gradle/internal/model/StateTransitionController$State;Ljava/lang/Runnable;)V+9
j  org.gradle.internal.model.StateTransitionController.lambda$maybeTransitionIfNotCurrentlyTransitioning$10(Lorg/gradle/internal/model/StateTransitionController$State;Lorg/gradle/internal/model/StateTransitionController$State;Ljava/lang/Runnable;)V+16
j  org.gradle.internal.model.StateTransitionController$$Lambda+0x00000008007ebc60.run()V+16
j  org.gradle.internal.work.DefaultSynchronizer.withLock(Ljava/lang/Runnable;)V+6
j  org.gradle.internal.model.StateTransitionController.maybeTransitionIfNotCurrentlyTransitioning(Lorg/gradle/internal/model/StateTransitionController$State;Lorg/gradle/internal/model/StateTransitionController$State;Ljava/lang/Runnable;)V+13
j  org.gradle.api.internal.project.ProjectLifecycleController.ensureSelfConfigured()V+16
j  org.gradle.api.internal.project.DefaultProjectStateRegistry$ProjectStateImpl.ensureConfigured()V+19
j  org.gradle.execution.TaskPathProjectEvaluator.configure(Lorg/gradle/api/internal/project/ProjectInternal;)V+6
j  org.gradle.execution.TaskPathProjectEvaluator.configureHierarchy(Lorg/gradle/api/internal/project/ProjectInternal;)V+2
j  org.gradle.configuration.DefaultProjectsPreparer.prepareProjects(Lorg/gradle/api/internal/GradleInternal;)V+52
j  org.gradle.configuration.BuildTreePreparingProjectsPreparer.prepareProjects(Lorg/gradle/api/internal/GradleInternal;)V+114
j  org.gradle.configuration.BuildOperationFiringProjectsPreparer$ConfigureBuild.run(Lorg/gradle/internal/operations/BuildOperationContext;)V+11
J 19800 c2 org.gradle.internal.operations.DefaultBuildOperationRunner$1.execute(Lorg/gradle/internal/operations/BuildOperation;Lorg/gradle/internal/operations/BuildOperationContext;)V (10 bytes) @ 0x0000019146ce6fe0 [0x0000019146ce6620+0x00000000000009c0]
J 8138 c1 org.gradle.internal.operations.DefaultBuildOperationRunner$2.execute(Lorg/gradle/internal/operations/BuildOperationDescriptor;Lorg/gradle/internal/operations/BuildOperationState;Lorg/gradle/internal/operations/BuildOperationState;Lorg/gradle/internal/operations/DefaultBuildOperationRunner$ReadableBuildOperationContext;Lorg/gradle/internal/operations/DefaultBuildOperationRunner$BuildOperationExecutionListener;)Lorg/gradle/internal/operations/BuildOperation; (110 bytes) @ 0x0000019136cfe24c [0x0000019136cfe040+0x000000000000020c]
J 7877 c1 org.gradle.internal.operations.DefaultBuildOperationRunner$2.execute(Lorg/gradle/internal/operations/BuildOperationDescriptor;Lorg/gradle/internal/operations/BuildOperationState;Lorg/gradle/internal/operations/BuildOperationState;Lorg/gradle/internal/operations/DefaultBuildOperationRunner$ReadableBuildOperationContext;Lorg/gradle/internal/operations/DefaultBuildOperationRunner$BuildOperationExecutionListener;)Ljava/lang/Object; (12 bytes) @ 0x0000019136c7863c [0x0000019136c785c0+0x000000000000007c]
j  org.gradle.internal.operations.DefaultBuildOperationRunner.execute(Lorg/gradle/internal/operations/BuildOperationDescriptor$Builder;Lorg/gradle/internal/operations/DefaultBuildOperationRunner$BuildOperationExecution;)Ljava/lang/Object;+141
J 21967 c2 org.gradle.internal.operations.DefaultBuildOperationRunner.run(Lorg/gradle/internal/operations/RunnableBuildOperation;)V (9 bytes) @ 0x0000019146ee4788 [0x0000019146ee46c0+0x00000000000000c8]
j  org.gradle.configuration.BuildOperationFiringProjectsPreparer.prepareProjects(Lorg/gradle/api/internal/GradleInternal;)V+13
j  org.gradle.initialization.VintageBuildModelController.lambda$prepareProjects$2()V+8
j  org.gradle.initialization.VintageBuildModelController$$Lambda+0x00000008007a62d8.run()V+4
j  org.gradle.internal.model.StateTransitionController.lambda$doTransition$14(Ljava/lang/Runnable;)Lorg/gradle/internal/build/ExecutionResult;+1
j  org.gradle.internal.model.StateTransitionController$$Lambda+0x0000000800510c80.get()Ljava/lang/Object;+4
j  org.gradle.internal.model.StateTransitionController.doTransition(Lorg/gradle/internal/model/StateTransitionController$State;Lorg/gradle/internal/model/StateTransitionController$State;Ljava/util/function/Supplier;)Lorg/gradle/internal/build/ExecutionResult;+24
j  org.gradle.internal.model.StateTransitionController.doTransition(Lorg/gradle/internal/model/StateTransitionController$State;Lorg/gradle/internal/model/StateTransitionController$State;Ljava/lang/Runnable;)V+9
j  org.gradle.internal.model.StateTransitionController.lambda$transitionIfNotPreviously$11(Lorg/gradle/internal/model/StateTransitionController$State;Lorg/gradle/internal/model/StateTransitionController$State;Ljava/lang/Runnable;)V+16
j  org.gradle.internal.model.StateTransitionController$$Lambda+0x0000000800518000.run()V+16
j  org.gradle.internal.work.DefaultSynchronizer.withLock(Ljava/lang/Runnable;)V+6
j  org.gradle.internal.model.StateTransitionController.transitionIfNotPreviously(Lorg/gradle/internal/model/StateTransitionController$State;Lorg/gradle/internal/model/StateTransitionController$State;Ljava/lang/Runnable;)V+13
j  org.gradle.initialization.VintageBuildModelController.prepareProjects()V+16
j  org.gradle.initialization.VintageBuildModelController.getConfiguredModel()Lorg/gradle/api/internal/GradleInternal;+5
j  org.gradle.internal.build.DefaultBuildLifecycleController$$Lambda+0x00000008007a6098.get()Ljava/lang/Object;+4
j  org.gradle.internal.model.StateTransitionController.lambda$notInState$3(Lorg/gradle/internal/model/StateTransitionController$State;Ljava/util/function/Supplier;)Ljava/lang/Object;+11
j  org.gradle.internal.model.StateTransitionController$$Lambda+0x0000000800796ee8.create()Ljava/lang/Object;+12
j  org.gradle.internal.work.DefaultSynchronizer.withLock(Lorg/gradle/internal/Factory;)Ljava/lang/Object;+6
j  org.gradle.internal.model.StateTransitionController.notInState(Lorg/gradle/internal/model/StateTransitionController$State;Ljava/util/function/Supplier;)Ljava/lang/Object;+12
j  org.gradle.internal.build.DefaultBuildLifecycleController.configureProjects()V+21
j  org.gradle.internal.build.AbstractBuildState.ensureProjectsConfigured()V+4
j  org.gradle.internal.buildtree.BuildInclusionCoordinator$$Lambda+0x00000008007a5788.run()V+4
j  org.gradle.internal.buildtree.BuildInclusionCoordinator$BuildSynchronizer.lambda$withLock$0(Ljava/lang/Runnable;)V+14
j  org.gradle.internal.buildtree.BuildInclusionCoordinator$BuildSynchronizer$$Lambda+0x00000008007a5e58.run()V+8
j  org.gradle.internal.work.DefaultSynchronizer.withLock(Ljava/lang/Runnable;)V+6
j  org.gradle.internal.buildtree.BuildInclusionCoordinator$BuildSynchronizer.withLock(Ljava/lang/Runnable;)V+11
j  org.gradle.internal.buildtree.BuildInclusionCoordinator.withLockForBuild(Lorg/gradle/internal/build/BuildState;Ljava/lang/Runnable;)V+20
j  org.gradle.internal.buildtree.BuildInclusionCoordinator.prepareForPluginResolution(Lorg/gradle/internal/build/IncludedBuildState;)V+13
j  org.gradle.internal.composite.DefaultBuildIncluder.prepareForPluginResolution(Lorg/gradle/internal/build/IncludedBuildState;)V+5
j  org.gradle.composite.internal.plugins.CompositeBuildPluginResolverContributor$CompositeBuildPluginResolver.resolveFromIncludedPluginBuilds(Lorg/gradle/plugin/use/PluginId;)Lorg/gradle/plugin/use/resolve/internal/PluginResolution;+39
j  org.gradle.composite.internal.plugins.CompositeBuildPluginResolverContributor$CompositeBuildPluginResolver.doResolve(Lorg/gradle/plugin/use/PluginId;)Lorg/gradle/composite/internal/plugins/CompositeBuildPluginResolverContributor$PluginResult;+2
j  org.gradle.composite.internal.plugins.CompositeBuildPluginResolverContributor$CompositeBuildPluginResolver$$Lambda+0x000000080078f700.apply(Ljava/lang/Object;)Ljava/lang/Object;+8
J 22251 c2 java.util.concurrent.ConcurrentHashMap.computeIfAbsent(Ljava/lang/Object;Ljava/util/function/Function;)Ljava/lang/Object; java.base@21.0.3 (576 bytes) @ 0x0000019146f2ad0c [0x0000019146f2a960+0x00000000000003ac]
j  org.gradle.composite.internal.plugins.CompositeBuildPluginResolverContributor$CompositeBuildPluginResolver.resolve(Lorg/gradle/plugin/management/internal/PluginRequestInternal;)Lorg/gradle/plugin/use/resolve/internal/PluginResolutionResult;+16
j  org.gradle.plugin.use.resolve.internal.CompositePluginResolver.resolve(Lorg/gradle/plugin/management/internal/PluginRequestInternal;)Lorg/gradle/plugin/use/resolve/internal/PluginResolutionResult;+37
j  org.gradle.plugin.use.resolve.internal.AlreadyOnClasspathPluginResolver.resolve(Lorg/gradle/plugin/management/internal/PluginRequestInternal;)Lorg/gradle/plugin/use/resolve/internal/PluginResolutionResult;+28
j  org.gradle.plugin.use.internal.DefaultPluginRequestApplicator.resolvePluginRequest(Lorg/gradle/plugin/use/resolve/internal/PluginResolver;Lorg/gradle/plugin/management/internal/PluginRequestInternal;)Lorg/gradle/plugin/use/resolve/internal/PluginResolution;+2
j  org.gradle.plugin.use.internal.DefaultPluginRequestApplicator.applyPlugins(Lorg/gradle/plugin/management/internal/PluginRequests;Lorg/gradle/api/internal/initialization/ScriptHandlerInternal;Lorg/gradle/api/internal/plugins/PluginManagerInternal;Lorg/gradle/api/internal/initialization/ClassLoaderScope;)V+136
j  org.gradle.kotlin.dsl.provider.PluginRequestsHandler.handle(Lorg/gradle/plugin/management/internal/PluginRequests;Lorg/gradle/api/internal/initialization/ScriptHandlerInternal;Lorg/gradle/api/internal/plugins/PluginAwareInternal;Lorg/gradle/api/internal/initialization/ClassLoaderScope;)V+71
j  org.gradle.kotlin.dsl.provider.StandardKotlinScriptEvaluator$InterpreterHost.applyPluginsTo(Lorg/gradle/kotlin/dsl/support/KotlinScriptHost;Lorg/gradle/plugin/management/internal/PluginRequests;)V+53
j  org.gradle.kotlin.dsl.execution.Interpreter$ProgramHost.applyPluginsTo(Lorg/gradle/kotlin/dsl/support/KotlinScriptHost;Lorg/gradle/plugin/management/internal/PluginRequests;)V+21
j  Program.execute(Lorg/gradle/kotlin/dsl/execution/ExecutableProgram$Host;Lorg/gradle/kotlin/dsl/support/KotlinScriptHost;)V+45
j  org.gradle.kotlin.dsl.execution.Interpreter$ProgramHost.eval(Lorg/gradle/kotlin/dsl/execution/CompiledScript;Lorg/gradle/kotlin/dsl/support/KotlinScriptHost;)V+89
j  org.gradle.kotlin.dsl.execution.Interpreter.eval(Ljava/lang/Object;Lorg/gradle/groovy/scripts/ScriptSource;Lorg/gradle/internal/hash/HashCode;Lorg/gradle/api/initialization/dsl/ScriptHandler;Lorg/gradle/api/internal/initialization/ClassLoaderScope;Lorg/gradle/api/internal/initialization/ClassLoaderScope;ZLjava/util/EnumSet;)V+171
j  org.gradle.kotlin.dsl.provider.StandardKotlinScriptEvaluator.evaluate(Ljava/lang/Object;Lorg/gradle/groovy/scripts/ScriptSource;Lorg/gradle/api/initialization/dsl/ScriptHandler;Lorg/gradle/api/internal/initialization/ClassLoaderScope;Lorg/gradle/api/internal/initialization/ClassLoaderScope;ZLjava/util/EnumSet;)V+167
j  org.gradle.kotlin.dsl.provider.KotlinScriptPluginFactory.create$lambda$0(Lorg/gradle/kotlin/dsl/provider/KotlinScriptPluginFactory;Lorg/gradle/groovy/scripts/ScriptSource;Lorg/gradle/api/internal/initialization/ClassLoaderScope;Lorg/gradle/api/initialization/dsl/ScriptHandler;Lorg/gradle/api/internal/initialization/ClassLoaderScope;ZLjava/lang/Object;)Lkotlin/Unit;+48
j  org.gradle.kotlin.dsl.provider.KotlinScriptPluginFactory$$Lambda+0x00000008006c7c20.invoke(Ljava/lang/Object;)Ljava/lang/Object;+25
j  org.gradle.kotlin.dsl.provider.KotlinScriptPlugin.apply(Ljava/lang/Object;)V+22
j  org.gradle.configuration.BuildOperationScriptPlugin$1.run(Lorg/gradle/internal/operations/BuildOperationContext;)V+11
J 19800 c2 org.gradle.internal.operations.DefaultBuildOperationRunner$1.execute(Lorg/gradle/internal/operations/BuildOperation;Lorg/gradle/internal/operations/BuildOperationContext;)V (10 bytes) @ 0x0000019146ce6fe0 [0x0000019146ce6620+0x00000000000009c0]
J 8138 c1 org.gradle.internal.operations.DefaultBuildOperationRunner$2.execute(Lorg/gradle/internal/operations/BuildOperationDescriptor;Lorg/gradle/internal/operations/BuildOperationState;Lorg/gradle/internal/operations/BuildOperationState;Lorg/gradle/internal/operations/DefaultBuildOperationRunner$ReadableBuildOperationContext;Lorg/gradle/internal/operations/DefaultBuildOperationRunner$BuildOperationExecutionListener;)Lorg/gradle/internal/operations/BuildOperation; (110 bytes) @ 0x0000019136cfe24c [0x0000019136cfe040+0x000000000000020c]
J 7877 c1 org.gradle.internal.operations.DefaultBuildOperationRunner$2.execute(Lorg/gradle/internal/operations/BuildOperationDescriptor;Lorg/gradle/internal/operations/BuildOperationState;Lorg/gradle/internal/operations/BuildOperationState;Lorg/gradle/internal/operations/DefaultBuildOperationRunner$ReadableBuildOperationContext;Lorg/gradle/internal/operations/DefaultBuildOperationRunner$BuildOperationExecutionListener;)Ljava/lang/Object; (12 bytes) @ 0x0000019136c7863c [0x0000019136c785c0+0x000000000000007c]
j  org.gradle.internal.operations.DefaultBuildOperationRunner.execute(Lorg/gradle/internal/operations/BuildOperationDescriptor$Builder;Lorg/gradle/internal/operations/DefaultBuildOperationRunner$BuildOperationExecution;)Ljava/lang/Object;+141
J 21967 c2 org.gradle.internal.operations.DefaultBuildOperationRunner.run(Lorg/gradle/internal/operations/RunnableBuildOperation;)V (9 bytes) @ 0x0000019146ee4788 [0x0000019146ee46c0+0x00000000000000c8]
j  org.gradle.configuration.BuildOperationScriptPlugin.lambda$apply$0(Ljava/lang/Object;Lorg/gradle/internal/code/UserCodeApplicationId;)V+14
j  org.gradle.configuration.BuildOperationScriptPlugin$$Lambda+0x00000008006c2fa8.execute(Ljava/lang/Object;)V+12
j  org.gradle.internal.code.DefaultUserCodeApplicationContext.apply(Lorg/gradle/internal/code/UserCodeSource;Lorg/gradle/api/Action;)V+37
j  org.gradle.configuration.BuildOperationScriptPlugin.apply(Ljava/lang/Object;)V+71
j  org.gradle.initialization.ScriptEvaluatingSettingsProcessor.applySettingsScript(Lorg/gradle/groovy/scripts/TextResourceScriptSource;Lorg/gradle/api/internal/SettingsInternal;)V+32
j  org.gradle.initialization.ScriptEvaluatingSettingsProcessor.process(Lorg/gradle/api/internal/GradleInternal;Lorg/gradle/initialization/SettingsLocation;Lorg/gradle/api/internal/initialization/ClassLoaderScope;Lorg/gradle/StartParameter;)Lorg/gradle/initialization/SettingsState;+90
j  org.gradle.initialization.SettingsEvaluatedCallbackFiringSettingsProcessor.process(Lorg/gradle/api/internal/GradleInternal;Lorg/gradle/initialization/SettingsLocation;Lorg/gradle/api/internal/initialization/ClassLoaderScope;Lorg/gradle/StartParameter;)Lorg/gradle/initialization/SettingsState;+9
j  org.gradle.initialization.RootBuildCacheControllerSettingsProcessor.process(Lorg/gradle/api/internal/GradleInternal;Lorg/gradle/initialization/SettingsLocation;Lorg/gradle/api/internal/initialization/ClassLoaderScope;Lorg/gradle/StartParameter;)Lorg/gradle/initialization/SettingsState;+9
j  org.gradle.initialization.BuildOperationSettingsProcessor$2.call(Lorg/gradle/internal/operations/BuildOperationContext;)Lorg/gradle/initialization/SettingsState;+23
j  org.gradle.initialization.BuildOperationSettingsProcessor$2.call(Lorg/gradle/internal/operations/BuildOperationContext;)Ljava/lang/Object;+2
J 9769 c1 org.gradle.internal.operations.DefaultBuildOperationRunner$CallableBuildOperationWorker.execute(Lorg/gradle/internal/operations/BuildOperation;Lorg/gradle/internal/operations/BuildOperationContext;)V (10 bytes) @ 0x0000019136fdb9cc [0x0000019136fdb760+0x000000000000026c]
J 8138 c1 org.gradle.internal.operations.DefaultBuildOperationRunner$2.execute(Lorg/gradle/internal/operations/BuildOperationDescriptor;Lorg/gradle/internal/operations/BuildOperationState;Lorg/gradle/internal/operations/BuildOperationState;Lorg/gradle/internal/operations/DefaultBuildOperationRunner$ReadableBuildOperationContext;Lorg/gradle/internal/operations/DefaultBuildOperationRunner$BuildOperationExecutionListener;)Lorg/gradle/internal/operations/BuildOperation; (110 bytes) @ 0x0000019136cfe24c [0x0000019136cfe040+0x000000000000020c]
J 7877 c1 org.gradle.internal.operations.DefaultBuildOperationRunner$2.execute(Lorg/gradle/internal/operations/BuildOperationDescriptor;Lorg/gradle/internal/operations/BuildOperationState;Lorg/gradle/internal/operations/BuildOperationState;Lorg/gradle/internal/operations/DefaultBuildOperationRunner$ReadableBuildOperationContext;Lorg/gradle/internal/operations/DefaultBuildOperationRunner$BuildOperationExecutionListener;)Ljava/lang/Object; (12 bytes) @ 0x0000019136c7863c [0x0000019136c785c0+0x000000000000007c]
j  org.gradle.internal.operations.DefaultBuildOperationRunner.execute(Lorg/gradle/internal/operations/BuildOperationDescriptor$Builder;Lorg/gradle/internal/operations/DefaultBuildOperationRunner$BuildOperationExecution;)Ljava/lang/Object;+141
J 21631 c2 org.gradle.internal.operations.DefaultBuildOperationRunner.execute(Lorg/gradle/internal/operations/BuildOperation;Lorg/gradle/internal/operations/BuildOperationWorker;)V (22 bytes) @ 0x0000019146e92f90 [0x0000019146e92ec0+0x00000000000000d0]
J 10043 c1 org.gradle.internal.operations.DefaultBuildOperationRunner.call(Lorg/gradle/internal/operations/CallableBuildOperation;)Ljava/lang/Object; (20 bytes) @ 0x00000191370763f4 [0x0000019137076260+0x0000000000000194]
j  org.gradle.initialization.BuildOperationSettingsProcessor.process(Lorg/gradle/api/internal/GradleInternal;Lorg/gradle/initialization/SettingsLocation;Lorg/gradle/api/internal/initialization/ClassLoaderScope;Lorg/gradle/StartParameter;)Lorg/gradle/initialization/SettingsState;+17
j  org.gradle.initialization.DefaultSettingsLoader.findSettingsAndLoadIfAppropriate(Lorg/gradle/api/internal/GradleInternal;Lorg/gradle/StartParameter;Lorg/gradle/initialization/SettingsLocation;Lorg/gradle/api/internal/initialization/ClassLoaderScope;)Lorg/gradle/initialization/SettingsState;+9
j  org.gradle.initialization.DefaultSettingsLoader.findAndLoadSettings(Lorg/gradle/api/internal/GradleInternal;)Lorg/gradle/initialization/SettingsState;+99
j  org.gradle.initialization.SettingsAttachingSettingsLoader.findAndLoadSettings(Lorg/gradle/api/internal/GradleInternal;)Lorg/gradle/initialization/SettingsState;+5
j  org.gradle.internal.composite.CommandLineIncludedBuildSettingsLoader.findAndLoadSettings(Lorg/gradle/api/internal/GradleInternal;)Lorg/gradle/initialization/SettingsState;+5
j  org.gradle.internal.composite.ChildBuildRegisteringSettingsLoader.findAndLoadSettings(Lorg/gradle/api/internal/GradleInternal;)Lorg/gradle/initialization/SettingsState;+5
j  org.gradle.internal.composite.CompositeBuildSettingsLoader.findAndLoadSettings(Lorg/gradle/api/internal/GradleInternal;)Lorg/gradle/initialization/SettingsState;+5
j  org.gradle.initialization.InitScriptHandlingSettingsLoader.findAndLoadSettings(Lorg/gradle/api/internal/GradleInternal;)Lorg/gradle/initialization/SettingsState;+13
j  org.gradle.api.internal.initialization.CacheConfigurationsHandlingSettingsLoader.findAndLoadSettings(Lorg/gradle/api/internal/GradleInternal;)Lorg/gradle/initialization/SettingsState;+15
j  org.gradle.initialization.DaemonJvmToolchainsValidatingSettingsLoader.findAndLoadSettings(Lorg/gradle/api/internal/GradleInternal;)Lorg/gradle/initialization/SettingsState;+14
j  org.gradle.initialization.GradlePropertiesHandlingSettingsLoader.findAndLoadSettings(Lorg/gradle/api/internal/GradleInternal;)Lorg/gradle/initialization/SettingsState;+49
j  org.gradle.initialization.DefaultSettingsPreparer.prepareSettings(Lorg/gradle/api/internal/GradleInternal;)V+33
j  org.gradle.initialization.BuildOperationFiringSettingsPreparer$LoadBuild.doLoadBuild()V+11
j  org.gradle.initialization.BuildOperationFiringSettingsPreparer$LoadBuild.run(Lorg/gradle/internal/operations/BuildOperationContext;)V+1
J 19800 c2 org.gradle.internal.operations.DefaultBuildOperationRunner$1.execute(Lorg/gradle/internal/operations/BuildOperation;Lorg/gradle/internal/operations/BuildOperationContext;)V (10 bytes) @ 0x0000019146ce6fe0 [0x0000019146ce6620+0x00000000000009c0]
J 8138 c1 org.gradle.internal.operations.DefaultBuildOperationRunner$2.execute(Lorg/gradle/internal/operations/BuildOperationDescriptor;Lorg/gradle/internal/operations/BuildOperationState;Lorg/gradle/internal/operations/BuildOperationState;Lorg/gradle/internal/operations/DefaultBuildOperationRunner$ReadableBuildOperationContext;Lorg/gradle/internal/operations/DefaultBuildOperationRunner$BuildOperationExecutionListener;)Lorg/gradle/internal/operations/BuildOperation; (110 bytes) @ 0x0000019136cfe24c [0x0000019136cfe040+0x000000000000020c]
J 7877 c1 org.gradle.internal.operations.DefaultBuildOperationRunner$2.execute(Lorg/gradle/internal/operations/BuildOperationDescriptor;Lorg/gradle/internal/operations/BuildOperationState;Lorg/gradle/internal/operations/BuildOperationState;Lorg/gradle/internal/operations/DefaultBuildOperationRunner$ReadableBuildOperationContext;Lorg/gradle/internal/operations/DefaultBuildOperationRunner$BuildOperationExecutionListener;)Ljava/lang/Object; (12 bytes) @ 0x0000019136c7863c [0x0000019136c785c0+0x000000000000007c]
j  org.gradle.internal.operations.DefaultBuildOperationRunner.execute(Lorg/gradle/internal/operations/BuildOperationDescriptor$Builder;Lorg/gradle/internal/operations/DefaultBuildOperationRunner$BuildOperationExecution;)Ljava/lang/Object;+141
J 21967 c2 org.gradle.internal.operations.DefaultBuildOperationRunner.run(Lorg/gradle/internal/operations/RunnableBuildOperation;)V (9 bytes) @ 0x0000019146ee4788 [0x0000019146ee46c0+0x00000000000000c8]
j  org.gradle.initialization.BuildOperationFiringSettingsPreparer.prepareSettings(Lorg/gradle/api/internal/GradleInternal;)V+31
j  org.gradle.initialization.VintageBuildModelController.lambda$prepareSettings$1()V+8
j  org.gradle.initialization.VintageBuildModelController$$Lambda+0x0000000800510400.run()V+4
j  org.gradle.internal.model.StateTransitionController.lambda$doTransition$14(Ljava/lang/Runnable;)Lorg/gradle/internal/build/ExecutionResult;+1
j  org.gradle.internal.model.StateTransitionController$$Lambda+0x0000000800510c80.get()Ljava/lang/Object;+4
j  org.gradle.internal.model.StateTransitionController.doTransition(Lorg/gradle/internal/model/StateTransitionController$State;Lorg/gradle/internal/model/StateTransitionController$State;Ljava/util/function/Supplier;)Lorg/gradle/internal/build/ExecutionResult;+24
j  org.gradle.internal.model.StateTransitionController.doTransition(Lorg/gradle/internal/model/StateTransitionController$State;Lorg/gradle/internal/model/StateTransitionController$State;Ljava/lang/Runnable;)V+9
j  org.gradle.internal.model.StateTransitionController.lambda$transitionIfNotPreviously$11(Lorg/gradle/internal/model/StateTransitionController$State;Lorg/gradle/internal/model/StateTransitionController$State;Ljava/lang/Runnable;)V+16
j  org.gradle.internal.model.StateTransitionController$$Lambda+0x0000000800518000.run()V+16
j  org.gradle.internal.work.DefaultSynchronizer.withLock(Ljava/lang/Runnable;)V+6
j  org.gradle.internal.model.StateTransitionController.transitionIfNotPreviously(Lorg/gradle/internal/model/StateTransitionController$State;Lorg/gradle/internal/model/StateTransitionController$State;Ljava/lang/Runnable;)V+13
j  org.gradle.initialization.VintageBuildModelController.prepareSettings()V+16
j  org.gradle.initialization.VintageBuildModelController.prepareToScheduleTasks()V+1
j  org.gradle.internal.build.DefaultBuildLifecycleController.lambda$prepareToScheduleTasks$6()V+9
j  org.gradle.internal.build.DefaultBuildLifecycleController$$Lambda+0x0000000800510800.run()V+4
j  org.gradle.internal.model.StateTransitionController.lambda$doTransition$14(Ljava/lang/Runnable;)Lorg/gradle/internal/build/ExecutionResult;+1
j  org.gradle.internal.model.StateTransitionController$$Lambda+0x0000000800510c80.get()Ljava/lang/Object;+4
j  org.gradle.internal.model.StateTransitionController.doTransition(Lorg/gradle/internal/model/StateTransitionController$State;Lorg/gradle/internal/model/StateTransitionController$State;Ljava/util/function/Supplier;)Lorg/gradle/internal/build/ExecutionResult;+24
j  org.gradle.internal.model.StateTransitionController.doTransition(Lorg/gradle/internal/model/StateTransitionController$State;Lorg/gradle/internal/model/StateTransitionController$State;Ljava/lang/Runnable;)V+9
j  org.gradle.internal.model.StateTransitionController.lambda$maybeTransition$9(Lorg/gradle/internal/model/StateTransitionController$State;Lorg/gradle/internal/model/StateTransitionController$State;Ljava/lang/Runnable;)V+16
j  org.gradle.internal.model.StateTransitionController$$Lambda+0x0000000800510a40.run()V+16
j  org.gradle.internal.work.DefaultSynchronizer.withLock(Ljava/lang/Runnable;)V+6
j  org.gradle.internal.model.StateTransitionController.maybeTransition(Lorg/gradle/internal/model/StateTransitionController$State;Lorg/gradle/internal/model/StateTransitionController$State;Ljava/lang/Runnable;)V+13
j  org.gradle.internal.build.DefaultBuildLifecycleController.prepareToScheduleTasks()V+16
j  org.gradle.internal.buildtree.DefaultBuildTreeWorkPreparer.scheduleRequestedTasks(Lorg/gradle/internal/buildtree/BuildTreeWorkGraph;Lorg/gradle/execution/EntryTaskSelector;)Lorg/gradle/internal/buildtree/BuildTreeWorkGraph$FinalizedGraph;+4
j  org.gradle.internal.cc.impl.barrier.BarrierAwareBuildTreeWorkPreparer.scheduleRequestedTasks$lambda$0(Lorg/gradle/internal/cc/impl/barrier/BarrierAwareBuildTreeWorkPreparer;Lorg/gradle/internal/buildtree/BuildTreeWorkGraph;Lorg/gradle/execution/EntryTaskSelector;)Lorg/gradle/internal/buildtree/BuildTreeWorkGraph$FinalizedGraph;+6
j  org.gradle.internal.cc.impl.barrier.BarrierAwareBuildTreeWorkPreparer$$Lambda+0x0000000800507170.invoke()Ljava/lang/Object;+12
j  org.gradle.internal.cc.impl.barrier.VintageConfigurationTimeActionRunner.runConfigurationTimeAction(Lkotlin/jvm/functions/Function0;)Ljava/lang/Object;+25
j  org.gradle.internal.cc.impl.barrier.BarrierAwareBuildTreeWorkPreparer.scheduleRequestedTasks(Lorg/gradle/internal/buildtree/BuildTreeWorkGraph;Lorg/gradle/execution/EntryTaskSelector;)Lorg/gradle/internal/buildtree/BuildTreeWorkGraph$FinalizedGraph;+18
j  org.gradle.internal.cc.impl.VintageBuildTreeWorkController$scheduleAndRunRequestedTasks$1.apply(Lorg/gradle/internal/buildtree/BuildTreeWorkGraph;)Lorg/gradle/internal/build/ExecutionResult;+18
j  org.gradle.internal.cc.impl.VintageBuildTreeWorkController$scheduleAndRunRequestedTasks$1.apply(Ljava/lang/Object;)Ljava/lang/Object;+5
j  org.gradle.composite.internal.DefaultIncludedBuildTaskGraph.withNewWorkGraph(Ljava/util/function/Function;)Ljava/lang/Object;+30
j  org.gradle.internal.cc.impl.VintageBuildTreeWorkController.scheduleAndRunRequestedTasks(Lorg/gradle/execution/EntryTaskSelector;)Lorg/gradle/internal/build/ExecutionResult;+16
j  org.gradle.internal.buildtree.DefaultBuildTreeLifecycleController.lambda$scheduleAndRunTasks$1(Lorg/gradle/execution/EntryTaskSelector;)Lorg/gradle/internal/build/ExecutionResult;+5
j  org.gradle.internal.buildtree.DefaultBuildTreeLifecycleController$$Lambda+0x0000000800513b68.get()Ljava/lang/Object;+8
j  org.gradle.internal.buildtree.DefaultBuildTreeLifecycleController.lambda$runBuild$4(Ljava/util/function/Supplier;)Ljava/lang/Object;+1
j  org.gradle.internal.buildtree.DefaultBuildTreeLifecycleController$$Lambda+0x0000000800513da8.get()Ljava/lang/Object;+8
j  org.gradle.internal.model.StateTransitionController.lambda$transition$6(Ljava/util/function/Supplier;)Lorg/gradle/internal/build/ExecutionResult;+1
j  org.gradle.internal.model.StateTransitionController$$Lambda+0x0000000800511240.get()Ljava/lang/Object;+4
j  org.gradle.internal.model.StateTransitionController.doTransition(Lorg/gradle/internal/model/StateTransitionController$State;Lorg/gradle/internal/model/StateTransitionController$State;Ljava/util/function/Supplier;)Lorg/gradle/internal/build/ExecutionResult;+24
j  org.gradle.internal.model.StateTransitionController.lambda$transition$7(Lorg/gradle/internal/model/StateTransitionController$State;Lorg/gradle/internal/model/StateTransitionController$State;Ljava/util/function/Supplier;)Ljava/lang/Object;+9
j  org.gradle.internal.model.StateTransitionController$$Lambda+0x0000000800511000.create()Ljava/lang/Object;+16
j  org.gradle.internal.work.DefaultSynchronizer.withLock(Lorg/gradle/internal/Factory;)Ljava/lang/Object;+6
j  org.gradle.internal.model.StateTransitionController.transition(Lorg/gradle/internal/model/StateTransitionController$State;Lorg/gradle/internal/model/StateTransitionController$State;Ljava/util/function/Supplier;)Ljava/lang/Object;+13
j  org.gradle.internal.buildtree.DefaultBuildTreeLifecycleController.runBuild(Ljava/util/function/Supplier;)Ljava/lang/Object;+17
j  org.gradle.internal.buildtree.DefaultBuildTreeLifecycleController.scheduleAndRunTasks(Lorg/gradle/execution/EntryTaskSelector;)V+8
j  org.gradle.internal.buildtree.DefaultBuildTreeLifecycleController.scheduleAndRunTasks()V+2
j  org.gradle.tooling.internal.provider.ExecuteBuildActionRunner.run(Lorg/gradle/internal/invocation/BuildAction;Lorg/gradle/internal/buildtree/BuildTreeLifecycleController;)Lorg/gradle/internal/buildtree/BuildActionRunner$Result;+12
j  org.gradle.launcher.exec.ChainingBuildActionRunner.run(Lorg/gradle/internal/invocation/BuildAction;Lorg/gradle/internal/buildtree/BuildTreeLifecycleController;)Lorg/gradle/internal/buildtree/BuildActionRunner$Result;+34
j  org.gradle.internal.buildtree.ProblemReportingBuildActionRunner.run(Lorg/gradle/internal/invocation/BuildAction;Lorg/gradle/internal/buildtree/BuildTreeLifecycleController;)Lorg/gradle/internal/buildtree/BuildActionRunner$Result;+12
j  org.gradle.launcher.exec.BuildOutcomeReportingBuildActionRunner.run(Lorg/gradle/internal/invocation/BuildAction;Lorg/gradle/internal/buildtree/BuildTreeLifecycleController;)Lorg/gradle/internal/buildtree/BuildActionRunner$Result;+69
j  org.gradle.tooling.internal.provider.FileSystemWatchingBuildActionRunner.run(Lorg/gradle/internal/invocation/BuildAction;Lorg/gradle/internal/buildtree/BuildTreeLifecycleController;)Lorg/gradle/internal/buildtree/BuildActionRunner$Result;+317
j  org.gradle.launcher.exec.BuildCompletionNotifyingBuildActionRunner.run(Lorg/gradle/internal/invocation/BuildAction;Lorg/gradle/internal/buildtree/BuildTreeLifecycleController;)Lorg/gradle/internal/buildtree/BuildActionRunner$Result;+6
j  org.gradle.launcher.exec.RootBuildLifecycleBuildActionExecutor.lambda$execute$0(Lorg/gradle/internal/invocation/BuildAction;Lorg/gradle/internal/buildtree/BuildTreeLifecycleController;)Lorg/gradle/internal/buildtree/BuildActionRunner$Result;+6
j  org.gradle.launcher.exec.RootBuildLifecycleBuildActionExecutor$$Lambda+0x00000008004fc6d8.apply(Ljava/lang/Object;)Ljava/lang/Object;+12
j  org.gradle.composite.internal.DefaultRootBuildState.run(Ljava/util/function/Function;)Ljava/lang/Object;+92
j  org.gradle.launcher.exec.RootBuildLifecycleBuildActionExecutor.execute(Lorg/gradle/internal/invocation/BuildAction;)Lorg/gradle/internal/buildtree/BuildActionRunner$Result;+91
j  org.gradle.launcher.exec.BuildTreeLifecycleBuildActionExecutor.runRootBuildAction(Lorg/gradle/internal/invocation/BuildAction;Lorg/gradle/internal/service/ServiceRegistry;Lorg/gradle/internal/buildtree/BuildTreeModelControllerServices$Supplier;)Lorg/gradle/internal/buildtree/BuildActionRunner$Result;+39
j  org.gradle.launcher.exec.BuildTreeLifecycleBuildActionExecutor.execute(Lorg/gradle/internal/invocation/BuildAction;Lorg/gradle/internal/session/BuildSessionContext;)Lorg/gradle/internal/buildtree/BuildActionRunner$Result;+44
j  org.gradle.launcher.exec.RunAsBuildOperationBuildActionExecutor$2.call(Lorg/gradle/internal/operations/BuildOperationContext;)Lorg/gradle/internal/buildtree/BuildActionRunner$Result;+25
j  org.gradle.launcher.exec.RunAsBuildOperationBuildActionExecutor$2.call(Lorg/gradle/internal/operations/BuildOperationContext;)Ljava/lang/Object;+2
J 9769 c1 org.gradle.internal.operations.DefaultBuildOperationRunner$CallableBuildOperationWorker.execute(Lorg/gradle/internal/operations/BuildOperation;Lorg/gradle/internal/operations/BuildOperationContext;)V (10 bytes) @ 0x0000019136fdb9cc [0x0000019136fdb760+0x000000000000026c]
J 8138 c1 org.gradle.internal.operations.DefaultBuildOperationRunner$2.execute(Lorg/gradle/internal/operations/BuildOperationDescriptor;Lorg/gradle/internal/operations/BuildOperationState;Lorg/gradle/internal/operations/BuildOperationState;Lorg/gradle/internal/operations/DefaultBuildOperationRunner$ReadableBuildOperationContext;Lorg/gradle/internal/operations/DefaultBuildOperationRunner$BuildOperationExecutionListener;)Lorg/gradle/internal/operations/BuildOperation; (110 bytes) @ 0x0000019136cfe24c [0x0000019136cfe040+0x000000000000020c]
J 7877 c1 org.gradle.internal.operations.DefaultBuildOperationRunner$2.execute(Lorg/gradle/internal/operations/BuildOperationDescriptor;Lorg/gradle/internal/operations/BuildOperationState;Lorg/gradle/internal/operations/BuildOperationState;Lorg/gradle/internal/operations/DefaultBuildOperationRunner$ReadableBuildOperationContext;Lorg/gradle/internal/operations/DefaultBuildOperationRunner$BuildOperationExecutionListener;)Ljava/lang/Object; (12 bytes) @ 0x0000019136c7863c [0x0000019136c785c0+0x000000000000007c]
j  org.gradle.internal.operations.DefaultBuildOperationRunner.execute(Lorg/gradle/internal/operations/BuildOperationDescriptor$Builder;Lorg/gradle/internal/operations/DefaultBuildOperationRunner$BuildOperationExecution;)Ljava/lang/Object;+141
J 21631 c2 org.gradle.internal.operations.DefaultBuildOperationRunner.execute(Lorg/gradle/internal/operations/BuildOperation;Lorg/gradle/internal/operations/BuildOperationWorker;)V (22 bytes) @ 0x0000019146e92f90 [0x0000019146e92ec0+0x00000000000000d0]
J 10043 c1 org.gradle.internal.operations.DefaultBuildOperationRunner.call(Lorg/gradle/internal/operations/CallableBuildOperation;)Ljava/lang/Object; (20 bytes) @ 0x00000191370763f4 [0x0000019137076260+0x0000000000000194]
j  org.gradle.launcher.exec.RunAsBuildOperationBuildActionExecutor.execute(Lorg/gradle/internal/invocation/BuildAction;Lorg/gradle/internal/session/BuildSessionContext;)Lorg/gradle/internal/buildtree/BuildActionRunner$Result;+23
j  org.gradle.launcher.exec.RunAsWorkerThreadBuildActionExecutor.lambda$execute$0(Lorg/gradle/internal/invocation/BuildAction;Lorg/gradle/internal/session/BuildSessionContext;)Lorg/gradle/internal/buildtree/BuildActionRunner$Result;+6
j  org.gradle.launcher.exec.RunAsWorkerThreadBuildActionExecutor$$Lambda+0x000000080036f8e0.create()Ljava/lang/Object;+12
J 22308 c1 org.gradle.internal.work.DefaultWorkerLeaseService$$Lambda+0x0000000800378000.create()Ljava/lang/Object; (16 bytes) @ 0x00000191385dabb4 [0x00000191385daa40+0x0000000000000174]
J 22306 c1 org.gradle.internal.work.DefaultWorkerLeaseService.withLocksAcquired(Ljava/util/Collection;Lorg/gradle/internal/Factory;)Ljava/lang/Object; (27 bytes) @ 0x00000191385d88a4 [0x00000191385d8080+0x0000000000000824]
J 22310 c1 org.gradle.internal.work.DefaultWorkerLeaseService.runAsWorkerThread(Lorg/gradle/internal/Factory;)Ljava/lang/Object; (37 bytes) @ 0x00000191385da004 [0x00000191385d98c0+0x0000000000000744]
j  org.gradle.launcher.exec.RunAsWorkerThreadBuildActionExecutor.execute(Lorg/gradle/internal/invocation/BuildAction;Lorg/gradle/internal/session/BuildSessionContext;)Lorg/gradle/internal/buildtree/BuildActionRunner$Result;+12
j  org.gradle.tooling.internal.provider.continuous.ContinuousBuildActionExecutor.execute(Lorg/gradle/internal/invocation/BuildAction;Lorg/gradle/internal/session/BuildSessionContext;)Lorg/gradle/internal/buildtree/BuildActionRunner$Result;+58
j  org.gradle.tooling.internal.provider.SubscribableBuildActionExecutor.execute(Lorg/gradle/internal/invocation/BuildAction;Lorg/gradle/internal/session/BuildSessionContext;)Lorg/gradle/internal/buildtree/BuildActionRunner$Result;+30
j  org.gradle.internal.session.DefaultBuildSessionContext.execute(Lorg/gradle/internal/invocation/BuildAction;)Lorg/gradle/internal/buildtree/BuildActionRunner$Result;+64
j  org.gradle.internal.buildprocess.execution.BuildSessionLifecycleBuildActionExecutor$ActionImpl.apply(Lorg/gradle/internal/session/BuildSessionContext;)Lorg/gradle/launcher/exec/BuildActionResult;+6
j  org.gradle.internal.buildprocess.execution.BuildSessionLifecycleBuildActionExecutor$ActionImpl.apply(Ljava/lang/Object;)Ljava/lang/Object;+5
j  org.gradle.internal.session.BuildSessionState.run(Ljava/util/function/Function;)Ljava/lang/Object;+5
j  org.gradle.internal.buildprocess.execution.BuildSessionLifecycleBuildActionExecutor.execute(Lorg/gradle/internal/invocation/BuildAction;Lorg/gradle/launcher/exec/BuildActionParameters;Lorg/gradle/initialization/BuildRequestContext;)Lorg/gradle/launcher/exec/BuildActionResult;+105
j  org.gradle.internal.buildprocess.execution.BuildSessionLifecycleBuildActionExecutor.execute(Lorg/gradle/internal/invocation/BuildAction;Ljava/lang/Object;Ljava/lang/Object;)Lorg/gradle/launcher/exec/BuildActionResult;+10
j  org.gradle.internal.buildprocess.execution.StartParamsValidatingActionExecutor.execute(Lorg/gradle/internal/invocation/BuildAction;Lorg/gradle/launcher/exec/BuildActionParameters;Lorg/gradle/initialization/BuildRequestContext;)Lorg/gradle/launcher/exec/BuildActionResult;+142
j  org.gradle.internal.buildprocess.execution.StartParamsValidatingActionExecutor.execute(Lorg/gradle/internal/invocation/BuildAction;Ljava/lang/Object;Ljava/lang/Object;)Lorg/gradle/launcher/exec/BuildActionResult;+10
j  org.gradle.internal.buildprocess.execution.SessionFailureReportingActionExecutor.execute(Lorg/gradle/internal/invocation/BuildAction;Lorg/gradle/launcher/exec/BuildActionParameters;Lorg/gradle/initialization/BuildRequestContext;)Lorg/gradle/launcher/exec/BuildActionResult;+7
j  org.gradle.internal.buildprocess.execution.SessionFailureReportingActionExecutor.execute(Lorg/gradle/internal/invocation/BuildAction;Ljava/lang/Object;Ljava/lang/Object;)Lorg/gradle/launcher/exec/BuildActionResult;+10
j  org.gradle.internal.buildprocess.execution.SetupLoggingActionExecutor.execute(Lorg/gradle/internal/invocation/BuildAction;Lorg/gradle/launcher/exec/BuildActionParameters;Lorg/gradle/initialization/BuildRequestContext;)Lorg/gradle/launcher/exec/BuildActionResult;+50
j  org.gradle.internal.buildprocess.execution.SetupLoggingActionExecutor.execute(Lorg/gradle/internal/invocation/BuildAction;Ljava/lang/Object;Ljava/lang/Object;)Lorg/gradle/launcher/exec/BuildActionResult;+10
j  org.gradle.launcher.daemon.server.exec.ExecuteBuild.doBuild(Lorg/gradle/launcher/daemon/server/api/DaemonCommandExecution;Lorg/gradle/launcher/daemon/protocol/Build;)V+147
j  org.gradle.launcher.daemon.server.exec.BuildCommandOnly.execute(Lorg/gradle/launcher/daemon/server/api/DaemonCommandExecution;)V+49
j  org.gradle.launcher.daemon.server.api.DaemonCommandExecution.proceed()Z+23
j  org.gradle.launcher.daemon.server.exec.WatchForDisconnection.execute(Lorg/gradle/launcher/daemon/server/api/DaemonCommandExecution;)V+19
j  org.gradle.launcher.daemon.server.api.DaemonCommandExecution.proceed()Z+23
j  org.gradle.launcher.daemon.server.exec.ResetDeprecationLogger.execute(Lorg/gradle/launcher/daemon/server/api/DaemonCommandExecution;)V+7
j  org.gradle.launcher.daemon.server.api.DaemonCommandExecution.proceed()Z+23
j  org.gradle.launcher.daemon.server.exec.RequestStopIfSingleUsedDaemon.execute(Lorg/gradle/launcher/daemon/server/api/DaemonCommandExecution;)V+33
j  org.gradle.launcher.daemon.server.api.DaemonCommandExecution.proceed()Z+23
j  org.gradle.launcher.daemon.server.exec.ForwardClientInput.lambda$execute$0(Lorg/gradle/launcher/daemon/server/api/DaemonCommandExecution;Lorg/gradle/internal/daemon/clientinput/StdinHandler;)Ljava/lang/Object;+11
j  org.gradle.launcher.daemon.server.exec.ForwardClientInput$$Lambda+0x000000080023e7b0.apply(Ljava/lang/Object;)Ljava/lang/Object;+8
j  org.gradle.internal.daemon.clientinput.ClientInputForwarder.forwardInput(Ljava/util/function/Function;)Ljava/lang/Object;+46
j  org.gradle.launcher.daemon.server.exec.ForwardClientInput.execute(Lorg/gradle/launcher/daemon/server/api/DaemonCommandExecution;)V+10
j  org.gradle.launcher.daemon.server.api.DaemonCommandExecution.proceed()Z+23
j  org.gradle.launcher.daemon.server.exec.LogAndCheckHealth.execute(Lorg/gradle/launcher/daemon/server/api/DaemonCommandExecution;)V+51
j  org.gradle.launcher.daemon.server.api.DaemonCommandExecution.proceed()Z+23
j  org.gradle.launcher.daemon.server.exec.LogToClient.doBuild(Lorg/gradle/launcher/daemon/server/api/DaemonCommandExecution;Lorg/gradle/launcher/daemon/protocol/Build;)V+87
j  org.gradle.launcher.daemon.server.exec.BuildCommandOnly.execute(Lorg/gradle/launcher/daemon/server/api/DaemonCommandExecution;)V+49
j  org.gradle.launcher.daemon.server.api.DaemonCommandExecution.proceed()Z+23
j  org.gradle.launcher.daemon.server.exec.EstablishBuildEnvironment.doBuild(Lorg/gradle/launcher/daemon/server/api/DaemonCommandExecution;Lorg/gradle/launcher/daemon/protocol/Build;)V+356
j  org.gradle.launcher.daemon.server.exec.BuildCommandOnly.execute(Lorg/gradle/launcher/daemon/server/api/DaemonCommandExecution;)V+49
j  org.gradle.launcher.daemon.server.api.DaemonCommandExecution.proceed()Z+23
j  org.gradle.launcher.daemon.server.exec.StartBuildOrRespondWithBusy$1.run()V+44
j  org.gradle.launcher.daemon.server.DaemonStateCoordinator.lambda$runCommand$0(Ljava/lang/Runnable;)V+1
j  org.gradle.launcher.daemon.server.DaemonStateCoordinator$$Lambda+0x000000080023af38.run()V+8
J 12136 c2 org.gradle.internal.concurrent.ExecutorPolicy$CatchAndRecordFailures.onExecute(Ljava/lang/Runnable;)V (29 bytes) @ 0x00000191467f2c94 [0x00000191467f2c40+0x0000000000000054]
J 22401 c1 org.gradle.internal.concurrent.AbstractManagedExecutor$1.run()V (57 bytes) @ 0x000001913657907c [0x0000019136578ea0+0x00000000000001dc]
j  java.util.concurrent.ThreadPoolExecutor.runWorker(Ljava/util/concurrent/ThreadPoolExecutor$Worker;)V+92 java.base@21.0.3
j  java.util.concurrent.ThreadPoolExecutor$Worker.run()V+5 java.base@21.0.3
j  java.lang.Thread.runWith(Ljava/lang/Object;Ljava/lang/Runnable;)V+5 java.base@21.0.3
j  java.lang.Thread.run()V+19 java.base@21.0.3
v  ~StubRoutines::call_stub 0x0000019145c2100d

siginfo: EXCEPTION_ACCESS_VIOLATION (0xc0000005), reading address 0x0000000820bb3a1c


Registers:
RAX=0x00000000000003d8, RBX=0x000001910189a770, RCX=0x0000000820bb3a10, RDX=0x0000000800bd8000
RSP=0x000000119bbf6168, RBP=0x00000191140de780, RSI=0x00000191140de770, RDI=0x000001911228f9b0
R8 =0x0000000820bb3a10, R9 =0x00007ff811c91b0c, R10=0x0000000800000000, R11=0x000000119bbf64a0
R12=0x0000000000000000, R13=0x00000191140deb58, R14=0x00007fffa3a6d728, R15=0x0000000800bd8000
RIP=0x00007fffa36db910, EFLAGS=0x0000000000010202


Register to memory mapping:

RAX=0x00000000000003d8 is an unknown value
RBX=0x000001910189a770 is a thread
RCX=0x0000000820bb3a10 is an unknown value
RDX=0x0000000800bd8000 is a pointer to class: 
org.jetbrains.kotlin.gradle.plugin.mpp.KotlinWithJavaCompilation_Decorated {0x0000000800bd8008}
 - instance size:     11
 - klass size:        244
 - access:            public synthetic 
 - flags:             rewritten has_nonstatic_fields should_verify_class has_nonstatic_concrete_methods has_resolved_methods 
 - state:             fully_initialized
 - name:              'org/jetbrains/kotlin/gradle/plugin/mpp/KotlinWithJavaCompilation_Decorated'
 - super:             'org/jetbrains/kotlin/gradle/plugin/mpp/KotlinWithJavaCompilation'
 - sub:               
 - arrays:            null
 - methods:           Array<T>(0x000001917043b6c8)
 - method ordering:   Array<T>(0x0000019164000018)
 - default_methods:   Array<T>(0x0000000000000000)
 - local interfaces:  Array<T>(0x000001917043b688)
 - trans. interfaces: Array<T>(0x000001917043ea40)
 - constants:         constant pool [587]/operands[7] {0x000001917043a270} for 'org/jetbrains/kotlin/gradle/plugin/mpp/KotlinWithJavaCompilation_Decorated' cache=0x000001917043ec10
 - class loader data:  loader data: 0x000001916e535650 for instance a 'org/gradle/internal/classloader/VisitableURLClassLoader$InstrumentingVisitableURLClassLoader'{0x0000000602c80850}
 - class annotations:       Array<T>(0x000001917043e950)
 - class type annotations:  Array<T>(0x0000000000000000)
 - field annotations:       Array<T>(0x0000000000000000)
 - field type annotations:  Array<T>(0x0000000000000000)
 - generic signature: '<KotlinOptionsType:Ljava/lang/Object;CO:Ljava/lang/Object;>Lorg/jetbrains/kotlin/gradle/plugin/mpp/KotlinWithJavaCompilation<TKotlinOptionsType;TCO;>;'
 - inner classes:     Array<T>(0x000001917043ea08)
 - nest members:     Array<T>(0x0000019164000028)
 - permitted subclasses:     Array<T>(0x0000019164000028)
 - java mirror:       a 'java/lang/Class'{0x000000060230a268} = 'org/jetbrains/kotlin/gradle/plugin/mpp/KotlinWithJavaCompilation_Decorated'
 - vtable length      75  (start addr: 0x0000000800bd81e8)
 - itable length      106 (start addr: 0x0000000800bd8440)
 - ---- static fields (0 words):
 - ---- non-static fields (19 words):
 - private final 'compilation' 'Lorg/jetbrains/kotlin/gradle/plugin/mpp/compilationImpl/KotlinCompilationImpl;' @12 
 - private final synthetic '$$delegate_0' 'Lorg/jetbrains/kotlin/gradle/plugin/mpp/InternalKotlinCompilation;' @16 
 - private final 'javaSourceSet' 'Lorg/gradle/api/tasks/SourceSet;' @20 
 - private final 'compilerOptions' 'Lorg/jetbrains/kotlin/gradle/plugin/HasCompilerOptions;' @24 
 - private transient '__allAssociatedCompilations__' 'Z' @28 
 - private transient '__allKotlinSourceSets__' 'Z' @29 
 - private transient '__apiConfigurationName__' 'Z' @30 
 - private transient '__archiveTaskName__' 'Z' @31 
 - private transient '__associateWith__' 'Z' @32 
 - private transient '__associatedCompilations__' 'Z' @33 
 - private transient '__attributes__' 'Z' @34 
 - private transient '__compilationName__' 'Z' @35 
 - private transient '__compileAllTaskName__' 'Z' @36 
 - private transient '__compileDependencyConfigurationName__' 'Z' @37 
 - private transient '__compileDependencyFiles__' 'Z' @38 
 - private transient '__compileKotlinTask__' 'Z' @39 
 - private transient '__compileKotlinTaskName__' 'Z' @40 
 - private transient '__compileKotlinTaskProvider__' 'Z' @41 
 - private transient '__compileOnlyConfigurationName__' 'Z' @42 
 - private transient '__compileTaskProvider__' 'Z' @43 
 - private transient '__compilerOptions__' 'Z' @44 
 - private transient '__configurations__' 'Z' @45 
 - private transient '__defaultSourceSet__' 'Z' @46 
 - private transient '__defaultSourceSetName__' 'Z' @47 
 - private transient '__disambiguatedName__' 'Z' @48 
 - private transient '__extras__' 'Z' @49 
 - private transient '__friendPaths__' 'Z' @50 
 - private transient '__implementationConfigurationName__' 'Z' @51 
 - private transient '__kotlinOptions__' 'Z' @52 
 - private transient '__kotlinSourceSets__' 'Z' @53 
 - private transient '__name__' 'Z' @54 
 - private transient '__output__' 'Z' @55 
 - private transient '__platformType__' 'Z' @56 
 - private transient '__processResourcesTaskName__' 'Z' @57 
 - private transient '__project__' 'Z' @58 
 - private transient '__runtimeOnlyConfigurationName__' 'Z' @59 
 - private transient '__target__' 'Z' @60 
 - private synthetic '_gr_dn_' 'Lorg/gradle/api/Describable;' @64 
 - private synthetic '_gr_owner_' 'Lorg/gradle/internal/state/ModelObject;' @68 
 - private transient synthetic '_gr_svcs_' 'Lorg/gradle/internal/service/ServiceLookup;' @72 
 - private transient '_gr_map_' 'Lorg/gradle/api/internal/ConventionMapping;' @76 
 - private transient '_gr_dyn_' 'Lorg/gradle/internal/metaobject/AbstractDynamicObject;' @80 
 - private transient '_gr_mc_' 'Lgroovy/lang/MetaClass;' @84 
 - non-static oop maps: 12-24 64-84 
RSP=0x000000119bbf6168 is pointing into the stack for thread: 0x000001910189a770
RBP=0x00000191140de780 points into unknown readable memory: 0x0000000000000040 | 40 00 00 00 00 00 00 00
RSI=0x00000191140de770 points into unknown readable memory: 0x0000000000000000 | 00 00 00 00 00 00 00 00
RDI=0x000001911228f9b0 points into unknown readable memory: 0x0000019169927902 | 02 79 92 69 91 01 00 00
R8 =0x0000000820bb3a10 is an unknown value
R9 =0x00007ff811c91b0c VCRUNTIME140.dll
R10=0x0000000800000000 is pointing into metadata
R11=0x000000119bbf64a0 is pointing into the stack for thread: 0x000001910189a770
R12=0x0 is null
R13=0x00000191140deb58 points into unknown readable memory: 0x88000400b5aac9ae | ae c9 aa b5 00 04 00 88
R14=0x00007fffa3a6d728 jvm.dll
R15=0x0000000800bd8000 is a pointer to class: 
org.jetbrains.kotlin.gradle.plugin.mpp.KotlinWithJavaCompilation_Decorated {0x0000000800bd8008}
 - instance size:     11
 - klass size:        244
 - access:            public synthetic 
 - flags:             rewritten has_nonstatic_fields should_verify_class has_nonstatic_concrete_methods has_resolved_methods 
 - state:             fully_initialized
 - name:              'org/jetbrains/kotlin/gradle/plugin/mpp/KotlinWithJavaCompilation_Decorated'
 - super:             'org/jetbrains/kotlin/gradle/plugin/mpp/KotlinWithJavaCompilation'
 - sub:               
 - arrays:            null
 - methods:           Array<T>(0x000001917043b6c8)
 - method ordering:   Array<T>(0x0000019164000018)
 - default_methods:   Array<T>(0x0000000000000000)
 - local interfaces:  Array<T>(0x000001917043b688)
 - trans. interfaces: Array<T>(0x000001917043ea40)
 - constants:         constant pool [587]/operands[7] {0x000001917043a270} for 'org/jetbrains/kotlin/gradle/plugin/mpp/KotlinWithJavaCompilation_Decorated' cache=0x000001917043ec10
 - class loader data:  loader data: 0x000001916e535650 for instance a 'org/gradle/internal/classloader/VisitableURLClassLoader$InstrumentingVisitableURLClassLoader'{0x0000000602c80850}
 - class annotations:       Array<T>(0x000001917043e950)
 - class type annotations:  Array<T>(0x0000000000000000)
 - field annotations:       Array<T>(0x0000000000000000)
 - field type annotations:  Array<T>(0x0000000000000000)
 - generic signature: '<KotlinOptionsType:Ljava/lang/Object;CO:Ljava/lang/Object;>Lorg/jetbrains/kotlin/gradle/plugin/mpp/KotlinWithJavaCompilation<TKotlinOptionsType;TCO;>;'
 - inner classes:     Array<T>(0x000001917043ea08)
 - nest members:     Array<T>(0x0000019164000028)
 - permitted subclasses:     Array<T>(0x0000019164000028)
 - java mirror:       a 'java/lang/Class'{0x000000060230a268} = 'org/jetbrains/kotlin/gradle/plugin/mpp/KotlinWithJavaCompilation_Decorated'
 - vtable length      75  (start addr: 0x0000000800bd81e8)
 - itable length      106 (start addr: 0x0000000800bd8440)
 - ---- static fields (0 words):
 - ---- non-static fields (19 words):
 - private final 'compilation' 'Lorg/jetbrains/kotlin/gradle/plugin/mpp/compilationImpl/KotlinCompilationImpl;' @12 
 - private final synthetic '$$delegate_0' 'Lorg/jetbrains/kotlin/gradle/plugin/mpp/InternalKotlinCompilation;' @16 
 - private final 'javaSourceSet' 'Lorg/gradle/api/tasks/SourceSet;' @20 
 - private final 'compilerOptions' 'Lorg/jetbrains/kotlin/gradle/plugin/HasCompilerOptions;' @24 
 - private transient '__allAssociatedCompilations__' 'Z' @28 
 - private transient '__allKotlinSourceSets__' 'Z' @29 
 - private transient '__apiConfigurationName__' 'Z' @30 
 - private transient '__archiveTaskName__' 'Z' @31 
 - private transient '__associateWith__' 'Z' @32 
 - private transient '__associatedCompilations__' 'Z' @33 
 - private transient '__attributes__' 'Z' @34 
 - private transient '__compilationName__' 'Z' @35 
 - private transient '__compileAllTaskName__' 'Z' @36 
 - private transient '__compileDependencyConfigurationName__' 'Z' @37 
 - private transient '__compileDependencyFiles__' 'Z' @38 
 - private transient '__compileKotlinTask__' 'Z' @39 
 - private transient '__compileKotlinTaskName__' 'Z' @40 
 - private transient '__compileKotlinTaskProvider__' 'Z' @41 
 - private transient '__compileOnlyConfigurationName__' 'Z' @42 
 - private transient '__compileTaskProvider__' 'Z' @43 
 - private transient '__compilerOptions__' 'Z' @44 
 - private transient '__configurations__' 'Z' @45 
 - private transient '__defaultSourceSet__' 'Z' @46 
 - private transient '__defaultSourceSetName__' 'Z' @47 
 - private transient '__disambiguatedName__' 'Z' @48 
 - private transient '__extras__' 'Z' @49 
 - private transient '__friendPaths__' 'Z' @50 
 - private transient '__implementationConfigurationName__' 'Z' @51 
 - private transient '__kotlinOptions__' 'Z' @52 
 - private transient '__kotlinSourceSets__' 'Z' @53 
 - private transient '__name__' 'Z' @54 
 - private transient '__output__' 'Z' @55 
 - private transient '__platformType__' 'Z' @56 
 - private transient '__processResourcesTaskName__' 'Z' @57 
 - private transient '__project__' 'Z' @58 
 - private transient '__runtimeOnlyConfigurationName__' 'Z' @59 
 - private transient '__target__' 'Z' @60 
 - private synthetic '_gr_dn_' 'Lorg/gradle/api/Describable;' @64 
 - private synthetic '_gr_owner_' 'Lorg/gradle/internal/state/ModelObject;' @68 
 - private transient synthetic '_gr_svcs_' 'Lorg/gradle/internal/service/ServiceLookup;' @72 
 - private transient '_gr_map_' 'Lorg/gradle/api/internal/ConventionMapping;' @76 
 - private transient '_gr_dyn_' 'Lorg/gradle/internal/metaobject/AbstractDynamicObject;' @80 
 - private transient '_gr_mc_' 'Lgroovy/lang/MetaClass;' @84 
 - non-static oop maps: 12-24 64-84 

Top of Stack: (sp=0x000000119bbf6168)
0x000000119bbf6168:   00007fffa35055ee 00000006147108e0
0x000000119bbf6178:   00000006147108f8 000000119bbf61e8
0x000000119bbf6188:   0000000100000000 00000007ffc00228
0x000000119bbf6198:   0000000602dca720 00000000000003d8
0x000000119bbf61a8:   000001913725f2bc 00000191654ef600
0x000000119bbf61b8:   000000119bbf61b8 0000019167a9b4b8
0x000000119bbf61c8:   0000000000000002 0000019167aa02f8
0x000000119bbf61d8:   0000000000000000 0000000602c302d0
0x000000119bbf61e8:   0000019167a9b4c0 0000000000000000
0x000000119bbf61f8:   000000119bbf6210 000000119bbf6260
0x000000119bbf6208:   0000019145c28860 00000006147134a0
0x000000119bbf6218:   000000119bbf6218 0000019167a9b570
0x000000119bbf6228:   0000000000000002 0000019167aa02f8
0x000000119bbf6238:   0000000000000000 0000000602c302d0
0x000000119bbf6248:   0000019167a9b578 0000000000000000
0x000000119bbf6258:   000000119bbf6270 000000119bbf62c0
0x000000119bbf6268:   0000019145c28860 00000006147134a0
0x000000119bbf6278:   000000119bbf6278 0000019167aa091c
0x000000119bbf6288:   0000000000000002 0000019167aa09b0
0x000000119bbf6298:   0000000000000000 0000000603b33d10
0x000000119bbf62a8:   0000019167aa0920 0000000000000000
0x000000119bbf62b8:   000000119bbf62e0 0000000616b876f0
0x000000119bbf62c8:   000001914680b204 00000006147134d0
0x000000119bbf62d8:   000001914680b204 00000006147134d0
0x000000119bbf62e8:   00000191463a1000 00000006147134a0
0x000000119bbf62f8:   00000006147134d0 00000006fff805be
0x000000119bbf6308:   0000000616f2d908 0000000000000000
0x000000119bbf6318:   0000019100000000 c2de66739bbf6398
0x000000119bbf6328:   0000019154660000 00000011c2d70ede
0x000000119bbf6338:   00000191463c17ec 00000006021407f8
0x000000119bbf6348:   00000007c2de6673 000000119bbf63c0
0x000000119bbf6358:   0000019145c290b8 000000119bbf63c0 

Instructions: (pc=0x00007fffa36db910)
0x00007fffa36db810:   20 48 8b 82 f8 00 00 00 8b 88 a4 00 00 00 c1 e9
0x00007fffa36db820:   1a f6 c1 01 74 0b 48 8b 4a 18 e8 d1 fe ff ff eb
0x00007fffa36db830:   17 48 8b 4a 18 48 85 c9 75 09 48 8d 05 0f 3c 37
0x00007fffa36db840:   00 eb 05 e8 28 66 21 00 48 8b 1d 69 13 60 00 48
0x00007fffa36db850:   8d 15 3a 14 3f 00 4c 8b c0 48 8d 4c 24 30 e8 dd
0x00007fffa36db860:   ea c5 ff 4c 8b cb 48 8d 15 fb 13 3f 00 49 8b cf
0x00007fffa36db870:   4c 8b 00 4c 89 44 24 20 41 b8 a4 00 00 00 e8 ad
0x00007fffa36db880:   6b d5 ff 48 83 3e 00 74 13 49 8b d4 48 8b cf e8
0x00007fffa36db890:   ec 47 b1 ff 48 8b ce e8 c4 47 b1 ff 48 39 6f 18
0x00007fffa36db8a0:   74 0c 48 89 77 10 48 89 6f 18 4c 89 77 20 48 8b
0x00007fffa36db8b0:   8c 24 40 01 00 00 48 33 cc e8 82 c3 2d 00 4c 8d
0x00007fffa36db8c0:   9c 24 50 01 00 00 49 8b 5b 30 49 8b 6b 40 49 8b
0x00007fffa36db8d0:   e3 41 5f 41 5e 41 5c 5f 5e c3 cc cc cc cc cc cc
0x00007fffa36db8e0:   8b 91 a4 00 00 00 8b c2 c1 e8 09 a8 01 74 08 48
0x00007fffa36db8f0:   8d 05 c2 42 3a 00 c3 c1 ea 0a 48 8d 05 7f 14 3f
0x00007fffa36db900:   00 f6 c2 01 75 07 48 8d 05 83 14 3f 00 c3 cc cc
0x00007fffa36db910:   8b 41 0c 48 8b d1 83 f8 04 7f 16 8b 81 a4 00 00
0x00007fffa36db920:   00 c1 e8 1a a8 01 74 2c 48 8b 49 18 e9 cf fd ff
0x00007fffa36db930:   ff 83 f8 06 75 1e 48 8b 81 f8 00 00 00 8b 88 a4
0x00007fffa36db940:   00 00 00 c1 e9 1a f6 c1 01 74 09 48 8b 4a 18 e9
0x00007fffa36db950:   ac fd ff ff 48 8b 4a 18 48 85 c9 75 08 48 8d 05
0x00007fffa36db960:   ec 3a 37 00 c3 e9 06 65 21 00 cc cc cc cc cc cc
0x00007fffa36db970:   48 83 ec 28 ba b2 00 00 00 48 8d 0d e8 12 3f 00
0x00007fffa36db980:   e8 bb 18 cd ff cc cc cc cc cc cc cc cc cc cc cc
0x00007fffa36db990:   48 83 ec 28 ba a9 00 00 00 48 8d 0d c8 12 3f 00
0x00007fffa36db9a0:   e8 9b 18 cd ff cc cc cc cc cc cc cc cc cc cc cc
0x00007fffa36db9b0:   4c 89 4c 24 20 53 55 56 57 41 56 41 57 48 83 ec
0x00007fffa36db9c0:   38 33 ed 4d 8b f9 49 8b f0 48 8b da 4c 8b f1 48
0x00007fffa36db9d0:   85 d2 75 0d 48 89 69 78 48 89 49 30 e9 bf 00 00
0x00007fffa36db9e0:   00 48 3b 59 78 75 33 48 8b 05 e2 aa 61 00 48 3b
0x00007fffa36db9f0:   d8 74 27 40 38 aa c4 00 00 00 0f 84 a0 00 00 00
0x00007fffa36dba00:   48 8b 88 b8 00 00 00 48 85 c9 74 05 e8 6f 82 b9 


Stack slot to memory mapping:

stack at sp + 0 slots: 0x00007fffa35055ee jvm.dll
stack at sp + 1 slots: 0x00000006147108e0 is an oop: org.gradle.api.internal.provider.MapCollectors$EntryWithValueFromProvider 
{0x00000006147108e0} - klass: 'org/gradle/api/internal/provider/MapCollectors$EntryWithValueFromProvider'
 - ---- fields (total size 3 words):
 - private final 'key' 'Ljava/lang/Object;' @12  a 'org/gradle/api/attributes/Attribute'{0x000000060140bff8} (0xc02817ff)
 - private final 'providerOfValue' 'Lorg/gradle/api/internal/provider/ProviderInternal;' @16  a 'org/gradle/api/internal/provider/MappingProvider'{0x00000006147108b0} (0xc28e2116)
stack at sp + 2 slots: 0x00000006147108f8 is an oop: org.gradle.api.internal.provider.DefaultMapProperty$CollectingSupplier 
{0x00000006147108f8} - klass: 'org/gradle/api/internal/provider/DefaultMapProperty$CollectingSupplier'
 - ---- fields (total size 3 words):
 - protected final 'collectors' 'Lorg/gradle/api/internal/provider/AppendOnceList;' @12  a 'org/gradle/api/internal/provider/AppendOnceList'{0x0000000614710910} (0xc28e2122)
 - private final 'keyCollector' 'Lorg/gradle/api/internal/provider/ValueCollector;' @16  a 'org/gradle/api/internal/provider/ValidatingValueCollector'{0x0000000614709c78} (0xc28e138f)
 - private final 'entryCollector' 'Lorg/gradle/api/internal/provider/MapEntryCollector;' @20  a 'org/gradle/api/internal/provider/ValidatingMapEntryCollector'{0x0000000614709c90} (0xc28e1392)
stack at sp + 3 slots: 0x000000119bbf61e8 is pointing into the stack for thread: 0x000001910189a770
stack at sp + 4 slots: 0x0000000100000000 is an unknown value
stack at sp + 5 slots: 0x00000007ffc00228 is an oop: jdk.internal.misc.Unsafe 
{0x00000007ffc00228} - klass: 'jdk/internal/misc/Unsafe'
 - ---- fields (total size 2 words):
stack at sp + 6 slots: 0x0000000602dca720 is an oop: java.lang.Class 
{0x0000000602dca720} - klass: 'java/lang/Class'
 - ---- fields (total size 14 words):
 - private volatile transient 'classRedefinedCount' 'I' @12  0 (0x00000000)
 - injected 'klass' 'J' @16  34370272128 (0x0000000800a0bb80)
 - injected 'array_klass' 'J' @24  0 (0x0000000000000000)
 - injected 'oop_size' 'I' @32  14 (0x0000000e)
 - injected 'static_oop_field_count' 'I' @36  0 (0x00000000)
 - private volatile transient 'cachedConstructor' 'Ljava/lang/reflect/Constructor;' @40  null (0x00000000)
 - private transient 'name' 'Ljava/lang/String;' @44  "org.gradle.api.internal.attributes.DefaultMutableAttributeContainer$$Lambda/0x0000000800a0bb80"{0x0000000602dca790} (0xc05b94f2)
 - private transient 'module' 'Ljava/lang/Module;' @48  a 'java/lang/Module'{0x00000007ffc01a70} (0xfff8034e)
 - private final 'classLoader' 'Ljava/lang/ClassLoader;' @52  a 'org/gradle/internal/classloader/VisitableURLClassLoader'{0x00000007ffc009d8} (0xfff8013b)
 - private transient 'classData' 'Ljava/lang/Object;' @56  null (0x00000000)
 - private transient 'packageName' 'Ljava/lang/String;' @60  "org.gradle.api.internal.attributes"{0x0000000600c00570} (0xc01800ae)
 - private final 'componentType' 'Ljava/lang/Class;' @64  null (0x00000000)
 - private volatile transient 'reflectionData' 'Ljava/lang/ref/SoftReference;' @68  null (0x00000000)
 - private volatile transient 'genericInfo' 'Lsun/reflect/generics/repository/ClassRepository;' @72  null (0x00000000)
 - private volatile transient 'enumConstants' '[Ljava/lang/Object;' @76  null (0x00000000)
 - private volatile transient 'enumConstantDirectory' 'Ljava/util/Map;' @80  null (0x00000000)
 - private volatile transient 'annotationData' 'Ljava/lang/Class$AnnotationData;' @84  null (0x00000000)
 - private volatile transient 'annotationType' 'Lsun/reflect/annotation/AnnotationType;' @88  null (0x00000000)
 - transient 'classValueMap' 'Ljava/lang/ClassValue$ClassValueMap;' @92  null (0x00000000)
 - injected 'protection_domain' 'Ljava/lang/Object;' @96  a 'java/security/ProtectionDomain'{0x00000007ffc75938} (0xfff8eb27)
 - injected 'signers_name' 'Ljava/lang/Object;' @100  null (0x00000000)
 - injected 'source_file' 'Ljava/lang/Object;' @104  null (0x00000000)
 - signature: Lorg/gradle/api/internal/attributes/DefaultMutableAttributeContainer$$Lambda+0x0000000800a0bb80;
 - ---- static fields (0):
stack at sp + 7 slots: 0x00000000000003d8 is an unknown value


Compiled method (c2)  846015 20543   !   4       org.gradle.api.internal.DefaultMutationGuard$1::execute (67 bytes)
 total in heap  [0x0000019146d96910,0x0000019146d99a58] = 12616
 relocation     [0x0000019146d96a70,0x0000019146d96c60] = 496
 main code      [0x0000019146d96c60,0x0000019146d98918] = 7352
 stub code      [0x0000019146d98918,0x0000019146d989a8] = 144
 oops           [0x0000019146d989a8,0x0000019146d989c0] = 24
 metadata       [0x0000019146d989c0,0x0000019146d98ae8] = 296
 scopes data    [0x0000019146d98ae8,0x0000019146d99360] = 2168
 scopes pcs     [0x0000019146d99360,0x0000019146d99840] = 1248
 dependencies   [0x0000019146d99840,0x0000019146d99898] = 88
 handler table  [0x0000019146d99898,0x0000019146d999a0] = 264
 nul chk table  [0x0000019146d999a0,0x0000019146d99a58] = 184

[Constant Pool (empty)]

[MachCode]
[Entry Point]
  # {method} {0x00000191664631e0} 'execute' '(Ljava/lang/Object;)V' in 'org/gradle/api/internal/DefaultMutationGuard$1'
  # this:     rdx:rdx   = 'org/gradle/api/internal/DefaultMutationGuard$1'
  # parm0:    r8:r8     = 'java/lang/Object'
  #           [sp+0xa0]  (sp of caller)
  0x0000019146d96c60: 448b 5208 | 49bb 0000 | 0000 0800 | 0000 4d03 | d349 3bc2 

  0x0000019146d96c74: ;   {runtime_call ic_miss_stub}
  0x0000019146d96c74: 0f85 067b | edfe 6690 | 0f1f 4000 
[Verified Entry Point]
  0x0000019146d96c80: 8984 2400 | 80ff ff55 | 4881 ec90 | 0000 0090 | 4181 7f20 | 1900 0000 | 0f85 701c | 0000 4c89 
  0x0000019146d96ca0: 4424 2848 | 8954 2420 | 448b 5a14 

  0x0000019146d96cac: ; implicit exception: dispatches to 0x0000019146d97ee0
  0x0000019146d96cac: 438b 6cdc | 0c45 8b54 

  0x0000019146d96cb4: ;   {metadata('java/lang/ThreadLocal$SuppliedThreadLocal')}
  0x0000019146d96cb4: ec08 4181 | fad0 b627 | 000f 8559 | 0d00 004d | 8d14 ec4c | 8954 2430 | 4d8b 9780 | 0300 0049 
  0x0000019146d96cd4: 8b0a 448b | 414c 4585 | c00f 8468 | 0700 0043 | 8b6c c414 

  0x0000019146d96ce8: ; implicit exception: dispatches to 0x0000019146d97f98
  0x0000019146d96ce8: 458b 5cec | 0c45 8d53 | ff4c 8b4c | 2430 4523 | 510c 4585 | db0f 866d | 0d00 004d | 8d1c ec47 
  0x0000019146d96d08: 8b4c 9310 | 4585 c90f | 842f 0700 | 0043 8b5c | cc0c 4b8d | 3ccc 4c8b | db49 c1e3 | 034c 8b4c 
  0x0000019146d96d28: 2430 4d3b | d974 304b | 8d14 c44c | 8b44 2430 | 458b ca48 | 8be9 4889 

  0x0000019146d96d40: ;   {optimized virtual_call}
  0x0000019146d96d40: 4c24 38e8 

  0x0000019146d96d44: ; ImmutableOopMap {rbp=Oop [32]=Oop [40]=Oop [48]=Oop [56]=Oop }
                      ;*invokevirtual getEntryAfterMiss {reexecute=0 rethrow=0 return_oop=1}
                      ; - java.lang.ThreadLocal$ThreadLocalMap::getEntry@38
                      ; - java.lang.ThreadLocal::get@12
                      ; - java.lang.ThreadLocal::get@4
                      ; - org.gradle.api.internal.DefaultMutationGuard$1::execute@7 (line 63)
  0x0000019146d96d44: f8a9 88ff 

  0x0000019146d96d48: ;   {other}
  0x0000019146d96d48: 0f1f 8400 | 3804 0000 | 4885 c00f | 84f7 0600 | 0048 8bf8 | 488b cd44 | 8b57 1c4d | 8bda 49c1 
  0x0000019146d96d68: e303 458b 

  0x0000019146d96d6c: ;   {metadata('java/lang/Boolean')}
  0x0000019146d96d6c: 5308 4181 | fad0 9205 | 000f 853d | 1100 004c | 8b54 2420 | 458b 5214 | 450f b643 | 0c44 8944 
  0x0000019146d96d8c: 2430 478b | 54d4 0c4c | 8b5c 2420 | 450f b65b | 0c45 85db 

  0x0000019146d96da0: ;   {oop(a 'java/lang/Boolean'{0x00000007ffc10d60} = true)}
  0x0000019146d96da0: 740c 48be | 600d c1ff | 0700 0000 

  0x0000019146d96dac: ;   {oop(a 'java/lang/Boolean'{0x00000007ffc10d50} = false)}
  0x0000019146d96dac: eb0a 48be | 500d c1ff | 0700 0000 

  0x0000019146d96db8: ; implicit exception: dispatches to 0x0000019146d97f4c
  0x0000019146d96db8: 478b 44d4 

  0x0000019146d96dbc: ;   {metadata('java/lang/ThreadLocal$SuppliedThreadLocal')}
  0x0000019146d96dbc: 0841 81f8 | d0b6 2700 | 0f85 660c | 0000 448b | 594c 4489 | 5c24 704f | 8d1c d445 | 33d2 448b 
  0x0000019146d96ddc: 4424 7045 | 85c0 0f84 | 2507 0000 | 478b 4cc4 | 1444 894c | 2474 438b | 7ccc 0c8d | 5fff 4123 
  0x0000019146d96dfc: 5b0c 85ff | 0f86 8e0c | 0000 4889 | 4c24 684c | 8bee 49c1 | ed03 448b | 4c24 704f | 8d04 cc4c 
  0x0000019146d96e1c: 8944 2438 | 448b 4424 | 744b 8d2c | c444 8b44 | 9d10 4585 | c074 584f | 8d34 c4eb | 0b0f 1f80 
  0x0000019146d96e3c: 0000 0000 | 4f8d 34cc | 458b 4e0c | 4d8b c149 | c1e0 034d | 3bc3 0f84 | 5f05 0000 | 458b 4e0c 
  0x0000019146d96e5c: 4585 c90f | 84f3 0c00 | 00ff c33b | df0f 8d11 | 0600 003b | df0f 83ed | 0a00 0044 | 8b4c 9d10 
  0x0000019146d96e7c: 4d8b 8758 

  0x0000019146d96e80: ; ImmutableOopMap {r11=Oop r9=NarrowOop rsi=Oop rbp=Oop r13=NarrowOop [32]=Oop [40]=Oop [56]=Oop [104]=Oop [112]=NarrowOop [116]=NarrowOop }
                      ;*goto {reexecute=1 rethrow=0 return_oop=0}
                      ; - (reexecute) java.lang.ThreadLocal$ThreadLocalMap::set@79
                      ; - java.lang.ThreadLocal::set@13
                      ; - java.lang.ThreadLocal::set@5
                      ; - org.gradle.api.internal.DefaultMutationGuard$1::execute@31 (line 64)
                      ;   {poll}
  0x0000019146d96e80: 0400 0041 | 8500 4585 | c975 b54d | 8bb7 b801 | 0000 4d8b | d649 83c2 | 204d 3b97 | c801 0000 
  0x0000019146d96ea0: 0f83 4209 | 0000 4d89 | 97b8 0100 | 0041 0f0d | 8ac0 0000 | 0049 c706 | 0100 0000 

  0x0000019146d96ebc: ;   {metadata('java/lang/ThreadLocal$ThreadLocalMap$Entry')}
  0x0000019146d96ebc: 41c7 4608 | 583a 0800 | 4589 660c | 4d89 6610 | 4d89 6618 | 49c1 eb03 | 4589 5e0c | 4180 7f40 
  0x0000019146d96edc: 000f 8506 

  0x0000019146d96ee0: ;   {oop(a 'java/lang/ref/ReferenceQueue$Null'{0x00000007ffc01cf0})}
  0x0000019146d96ee0: 0700 0041 | c746 109e | 03f8 ff4d 

  0x0000019146d96eec: ;   {oop(a 'java/lang/ref/ReferenceQueue$Null'{0x00000007ffc01cf0})}
  0x0000019146d96eec: 8bd6 49bb | f01c c0ff | 0700 0000 | 4d33 da49 | c1eb 164d | 85db 741a | 49c1 ea09 | 48b9 0000 
  0x0000019146d96f0c: 6654 9101 | 0000 4903 | ca80 3902 | 0f85 3807 | 0000 f083 | 4424 c000 | 4180 7f40 | 000f 8583 
  0x0000019146d96f2c: 0600 0045 | 896e 1c4c | 8bd6 4d8b | de4d 33d3 | 49c1 ea16 | 4d85 d274 | 1a49 c1eb | 0948 b900 
  0x0000019146d96f4c: 0066 5491 | 0100 0049 | 03cb 8039 | 020f 857d | 0700 003b | df0f 83b5 | 0b00 0048 | 8d7c 9d10 
  0x0000019146d96f6c: 4180 7f40 | 000f 85a9 | 0600 004c | 8bd7 4d8b | c649 c1e8 | 0344 8907 | 4d8b de4d | 33da 49c1 
  0x0000019146d96f8c: eb16 4d85 | db74 1a49 | c1ea 0948 | b900 0066 | 5491 0100 | 0049 03ca | 8039 020f | 857d 0700 
  0x0000019146d96fac: 0044 8b5c | 2470 438b | 74dc 1447 | 8b44 dc0c | 41ff c047 | 8944 dc0c 

  0x0000019146d96fc4: ; implicit exception: dispatches to 0x0000019146d98010
  0x0000019146d96fc4: 418b 4cf4 | 0c49 8d2c | f445 8bd0 | 4533 dbe9 | 8900 0000 | 894c 2450 | 4489 4424 | 4c89 7424 
  0x0000019146d96fe4: 4848 ff74 | 2438 488f 

  0x0000019146d96fec: ;   {no_reloc}
  0x0000019146d96fec: 4424 4048 | 8944 24f8 | 8b44 2430 | 8944 2438 | 488b 4424 | f848 8b54 | 2440 448b 

  0x0000019146d97008: ;   {optimized virtual_call}
  0x0000019146d97008: c366 90e8 

  0x0000019146d9700c: ; ImmutableOopMap {rbp=Oop [32]=Oop [40]=Oop [64]=Oop [72]=NarrowOop [104]=Oop [112]=NarrowOop }
                      ;*invokevirtual expungeStaleEntry {reexecute=0 rethrow=0 return_oop=0}
                      ; - java.lang.ThreadLocal$ThreadLocalMap::cleanSomeSlots@47
                      ; - java.lang.ThreadLocal$ThreadLocalMap::set@113
                      ; - java.lang.ThreadLocal::set@13
                      ; - java.lang.ThreadLocal::set@5
                      ; - org.gradle.api.internal.DefaultMutationGuard$1::execute@31 (line 64)
  0x0000019146d9700c: 707a edfe 

  0x0000019146d97010: ;   {other}
  0x0000019146d97010: 0f1f 8400 | 0007 0002 | 41bb 0100 | 0000 448b | 5424 5048 | 8944 24f8 | 8b44 2438 | 8944 2430 
  0x0000019146d97030: 488b 4424 | f88b d848 | ff74 2440 | 488f 4424 | 388b 7424 | 4844 8b44 | 244c 418b | ca66 6690 
  0x0000019146d97050: 498b bf58 | 0400 0041 

  0x0000019146d97058: ; ImmutableOopMap {rsi=NarrowOop rbp=Oop [32]=Oop [40]=Oop [56]=Oop [104]=Oop [112]=NarrowOop }
                      ;*ifne {reexecute=1 rethrow=0 return_oop=0}
                      ; - (reexecute) java.lang.ThreadLocal$ThreadLocalMap::cleanSomeSlots@56
                      ; - java.lang.ThreadLocal$ThreadLocalMap::set@113
                      ; - java.lang.ThreadLocal::set@13
                      ; - java.lang.ThreadLocal::set@5
                      ; - org.gradle.api.internal.DefaultMutationGuard$1::execute@31 (line 64)
                      ;   {poll}
  0x0000019146d97058: d1ea 8507 | 4585 d274 | 29ff c33b | d90f 8d0e | 0400 003b | d90f 83a1 | 0800 0044 | 8b4c 9d10 
  0x0000019146d97078: 4585 c974 | d347 3b64 | cc0c 0f84 | 50ff ffff | ebc6 4585 | db75 1344 | 8b54 2470 | 478b 5cd4 
  0x0000019146d97098: 1045 3bc3 | 0f8d ed03 | 0000 4c8b | 5424 2045 | 8b5a 1049 | 8bd3 48c1 | e203 4c8b | 4424 2866 
  0x0000019146d970b8: 9048 b8f0 | c5d0 1391 

  0x0000019146d970c0: ;   {virtual_call}
  0x0000019146d970c0: 0100 00e8 

  0x0000019146d970c4: ; ImmutableOopMap {[32]=Oop [104]=Oop }
                      ;*invokeinterface execute {reexecute=0 rethrow=0 return_oop=0}
                      ; - org.gradle.api.internal.DefaultMutationGuard$1::execute@39 (line 66)
  0x0000019146d970c4: 3834 fafe 

  0x0000019146d970c8: ;   {other}
  0x0000019146d970c8: 0f1f 8400 | b807 0004 | 4c8b 5424 | 2045 8b5a | 1443 8b5c | dc0c 448b | 5424 3045 | 85d2 0f84 
  0x0000019146d970e8: ec03 0000 

  0x0000019146d970ec: ; implicit exception: dispatches to 0x0000019146d97fd4
  0x0000019146d970ec: 458b 5cdc 

  0x0000019146d970f0: ;   {metadata('java/lang/ThreadLocal$SuppliedThreadLocal')}
  0x0000019146d970f0: 0841 81fb | d0b6 2700 | 0f85 e209 | 0000 4c8b | 5424 6845 | 8b42 4c43 | 8b4c c414 

  0x0000019146d9710c: ; implicit exception: dispatches to 0x0000019146d97fe8
  0x0000019146d9710c: 458b 4ccc | 0c45 8d51 | ff48 c1e3 | 0344 2353 | 0c45 85c9 | 0f86 ce09 | 0000 498d | 34cc 468b 
  0x0000019146d9712c: 5c96 1045 | 85db 0f84 | 6902 0000 | 4b8d 14dc | 4b8d 3cc4 | eb35 4533 | db66 6666 | 0f1f 8400 
  0x0000019146d9714c: 0000 0000 | 453b d90f | 8390 0700 | 0046 8b54 | 9e10 498b | 9758 0400 

  0x0000019146d97164: ; ImmutableOopMap {r10=NarrowOop r8=NarrowOop rcx=NarrowOop rbx=Oop rdi=Oop rsi=Oop }
                      ;*goto {reexecute=1 rethrow=0 return_oop=0}
                      ; - (reexecute) java.lang.ThreadLocal$ThreadLocalMap::remove@64
                      ; - java.lang.ThreadLocal::remove@12
                      ; - java.lang.ThreadLocal::remove@4
                      ; - org.gradle.api.internal.DefaultMutationGuard::removeThreadLocalStateIfMutationAllowed@8 (line 97)
                      ; - org.gradle.api.internal.DefaultMutationGuard::setMutationGuardState@6 (line 76)
                      ; - org.gradle.api.internal.DefaultMutationGuard::access$100@2 (line 24)
                      ; - org.gradle.api.internal.DefaultMutationGuard$1::execute@49 (line 68)
                      ;   {poll}
  0x0000019146d97164: 0085 0245 | 85d2 0f84 | 3102 0000 | 4b8d 14d4 | 458b d38b | 420c 458d | 5a01 48c1 | e003 483b 
  0x0000019146d97184: c374 0745 | 3bd9 7db6 | ebc2 4489 | 5c24 2448 | 897c 2428 | 4489 5424 | 2041 8be8 

  0x0000019146d971a0: ;   {optimized virtual_call}
  0x0000019146d971a0: 6666 90e8 

  0x0000019146d971a4: ; ImmutableOopMap {rbp=NarrowOop [40]=Oop }
                      ;*invokevirtual clear0 {reexecute=0 rethrow=0 return_oop=0}
                      ; - java.lang.ref.Reference::clear@1
                      ; - java.lang.ThreadLocal$ThreadLocalMap::remove@40
                      ; - java.lang.ThreadLocal::remove@12
                      ; - java.lang.ThreadLocal::remove@4
                      ; - org.gradle.api.internal.DefaultMutationGuard::removeThreadLocalStateIfMutationAllowed@8 (line 97)
                      ; - org.gradle.api.internal.DefaultMutationGuard::setMutationGuardState@6 (line 76)
                      ; - org.gradle.api.internal.DefaultMutationGuard::access$100@2 (line 24)
                      ; - org.gradle.api.internal.DefaultMutationGuard$1::execute@49 (line 68)
  0x0000019146d971a4: 983a 45ff 

  0x0000019146d971a8: ;   {other}
  0x0000019146d971a8: 0f1f 8400 | 9808 0006 | 448b d543 | 8b74 d414 

  0x0000019146d971b8: ; implicit exception: dispatches to 0x0000019146d97ffc
  0x0000019146d971b8: 458b 5cf4 | 0c8b 4424 | 2041 3bc3 | 0f83 f207 | 0000 498d | 3cf4 8b5c | 8710 85db | 0f84 0608 
  0x0000019146d971d8: 0000 4180 | 7f40 000f | 8595 0300 | 0041 807f | 4000 0f85 | 5203 0000 | 448b 4424 | 2445 3bc3 
  0x0000019146d971f8: 0f8d 8902 | 0000 4489 | 6487 1045 | 8964 dc1c | 438b 4cd4 | 0cff c943 | 894c d40c | 453b c30f 
  0x0000019146d97218: 83d7 0700 | 0046 8b4c | 8710 4585 | c90f 8476 | 0100 0049 | c1e1 0345 | 8d73 ff41 | 8b69 0c41 
  0x0000019146d97238: 807f 4000 | 0f85 3605 | 0000 418b | 5cec 0848 | b900 0000 | 0008 0000 | 0048 03cb | 488b 4938 
  0x0000019146d97258: ;   {metadata('java/lang/ThreadLocal')}
  0x0000019146d97258: 48bb 902b | 0800 0800 | 0000 483b | cb0f 8591 | 0a00 0049 | 8d0c ec41 | 8bee 2369 | 0c41 3be8 
  0x0000019146d97278: 0f84 f100 | 0000 453b | c30f 8315 | 0b00 0041 | 807f 4000 | 0f85 ef05 | 0000 4689 | 6487 1045 
  0x0000019146d97298: 85db 0f86 | 540b 0000 | 443b 64af | 1074 2d66 | 0f1f 8400 | 0000 0000 | ffc5 413b | eb0f 8def 
  0x0000019146d972b8: 0400 0049 | 8b9f 5804 

  0x0000019146d972c0: ; ImmutableOopMap {r10=NarrowOop r9=Oop rdi=Oop rsi=NarrowOop [40]=Oop }
                      ;*goto {reexecute=1 rethrow=0 return_oop=0}
                      ; - (reexecute) java.lang.ThreadLocal$ThreadLocalMap::expungeStaleEntry@123
                      ; - java.lang.ThreadLocal$ThreadLocalMap::remove@46
                      ; - java.lang.ThreadLocal::remove@12
                      ; - java.lang.ThreadLocal::remove@4
                      ; - org.gradle.api.internal.DefaultMutationGuard::removeThreadLocalStateIfMutationAllowed@8 (line 97)
                      ; - org.gradle.api.internal.DefaultMutationGuard::setMutationGuardState@6 (line 76)
                      ; - org.gradle.api.internal.DefaultMutationGuard::access$100@2 (line 24)
                      ; - org.gradle.api.internal.DefaultMutationGuard$1::execute@49 (line 68)
                      ;   {poll}
  0x0000019146d972c0: 0000 8503 | 413b eb0f | 83a3 0a00 | 0044 3b64 | af10 75dc | 413b eb0f | 83eb 0a00 | 0048 8d5c 
  0x0000019146d972e0: af10 4180 | 7f40 000f | 85cb 0500 | 0048 8bc3 | 498b d148 | c1ea 0389 | 134c 33c8 | 49c1 e916 
  0x0000019146d97300: 4d85 c974 | 6a48 c1e8 | 0948 b900 | 0066 5491 | 0100 0048 | 03c8 8039 | 0274 544d | 8b4f 4849 
  0x0000019146d97320: 8b5f 58f0 | 8344 24c0 | 0080 3900 | 7441 4488 | 214d 85c9 | 752c 458b | eb41 8be8 | 418b da49 
  0x0000019146d97340: 8bd7 49ba | 60d1 44a3 | ff7f 0000 

  0x0000019146d9734c: ;   {other}
  0x0000019146d9734c: 41ff d20f | 1f84 0000 | 0000 0044 | 8bd3 448b | c545 8bdd | eb0d 4a89 | 4c0b f849 | 83c1 f84d 
  0x0000019146d9736c: 894f 4841 | ffc0 453b | c30f 8dbf | 0100 004d | 8b8f 5804 

  0x0000019146d97380: ; ImmutableOopMap {r10=NarrowOop rdi=Oop rsi=NarrowOop [40]=Oop }
                      ;*goto {reexecute=1 rethrow=0 return_oop=0}
                      ; - (reexecute) java.lang.ThreadLocal$ThreadLocalMap::expungeStaleEntry@140
                      ; - java.lang.ThreadLocal$ThreadLocalMap::remove@46
                      ; - java.lang.ThreadLocal::remove@12
                      ; - java.lang.ThreadLocal::remove@4
                      ; - org.gradle.api.internal.DefaultMutationGuard::removeThreadLocalStateIfMutationAllowed@8 (line 97)
                      ; - org.gradle.api.internal.DefaultMutationGuard::setMutationGuardState@6 (line 76)
                      ; - org.gradle.api.internal.DefaultMutationGuard::access$100@2 (line 24)
                      ; - org.gradle.api.internal.DefaultMutationGuard$1::execute@49 (line 68)
                      ;   {poll}
  0x0000019146d97380: 0000 4185 | 0145 3bc3 | 0f83 4709 | 0000 468b | 4c87 1045 | 85c9 7409 | 49c1 e103 | e992 feff 
  0x0000019146d973a0: ff48 81c4 | 9000 0000 

  0x0000019146d973a8: ;   {poll_return}
  0x0000019146d973a8: 5d49 3ba7 | 5004 0000 | 0f87 4215 | 0000 c341 | 807f 4000 | 0f85 ef03 | 0000 4589 | 6e1c 4d8b 
  0x0000019146d973c8: d64c 8bde | 4d33 da49 | c1eb 164d | 85db 0f84 | c6fc ffff | 49c1 ea09 | 48b9 0000 | 6654 9101 
  0x0000019146d973e8: 0000 4903 | ca80 3902 | 0f84 acfc | ffff 4d8b | 5748 4d8b | 5f58 f083 | 4424 c000 | 8039 000f 
  0x0000019146d97408: 8495 fcff | ff44 8821 | 4d85 d275 | 1d49 8bd7 | 49ba 60d1 | 44a3 ff7f | 0000 41ff 

  0x0000019146d97424: ;   {other}
  0x0000019146d97424: d20f 1f84 | 0000 0000 | 00e9 70fc | ffff 4b89 | 4c13 f849 | 83c2 f84d | 8957 48e9 | 5efc ffff 
  0x0000019146d97444: 33ff e9e4 | f8ff ff48 | 894c 2438 | 488b 5424 | 304c 8b44 | 2438 488b 

  0x0000019146d9745c: ;   {optimized virtual_call}
  0x0000019146d9745c: 6c24 20e8 

  0x0000019146d97460: ; ImmutableOopMap {rbp=Oop [32]=Oop [40]=Oop [56]=Oop }
                      ;*invokevirtual setInitialValue {reexecute=0 rethrow=0 return_oop=1}
                      ; - java.lang.ThreadLocal::get@31
                      ; - java.lang.ThreadLocal::get@4
                      ; - org.gradle.api.internal.DefaultMutationGuard$1::execute@7 (line 63)
  0x0000019146d97460: dc28 e9ff 

  0x0000019146d97464: ;   {other}
  0x0000019146d97464: 0f1f 8400 | 540b 0009 | 4c8b d848 | 8b4c 2438 | e9f1 f8ff | ff33 dbe9 | ebfb ffff | 33db e9e8 
  0x0000019146d97484: f9ff ff45 | 33c0 e96f | fdff ff4c | 8b54 2438 | 4889 4424 | f88b 4424 | 3089 4424 | 3848 8b44 
  0x0000019146d974a4: 24f8 488b | 6c24 2049 

  0x0000019146d974ac: ;   {optimized virtual_call}
  0x0000019146d974ac: 8bd2 90e8 

  0x0000019146d974b0: ; ImmutableOopMap {rbp=Oop [40]=Oop [104]=Oop }
                      ;*invokevirtual rehash {reexecute=0 rethrow=0 return_oop=0}
                      ; - java.lang.ThreadLocal$ThreadLocalMap::set@129
                      ; - java.lang.ThreadLocal::set@13
                      ; - java.lang.ThreadLocal::set@5
                      ; - org.gradle.api.internal.DefaultMutationGuard$1::execute@31 (line 64)
  0x0000019146d974b0: cc75 edfe 

  0x0000019146d974b4: ;   {other}
  0x0000019146d974b4: 0f1f 8400 | a40b 000a | 4889 6c24 | 2048 8944 | 24f8 8b44 | 2438 8944 | 2430 488b | 4424 f8e9 
  0x0000019146d974d4: cafb ffff 

  0x0000019146d974d8: ; implicit exception: dispatches to 0x0000019146d98074
  0x0000019146d974d8: 458b 54dc 

  0x0000019146d974dc: ;   {metadata('java/lang/ThreadLocal$SuppliedThreadLocal')}
  0x0000019146d974dc: 0841 81fa | d0b6 2700 | 0f85 ba09 | 0000 498d 

  0x0000019146d974ec: ;   {oop(a 'java/lang/Boolean'{0x00000007ffc10d50} = false)}
  0x0000019146d974ec: 14dc 49b8 | 500d c1ff | 0700 0000 

  0x0000019146d974f8: ;   {optimized virtual_call}
  0x0000019146d974f8: 6666 90e8 

  0x0000019146d974fc: ; ImmutableOopMap {}
                      ;*invokevirtual set {reexecute=0 rethrow=0 return_oop=0}
                      ; - org.gradle.api.internal.DefaultMutationGuard::setMutationGuardState@20 (line 78)
                      ; - org.gradle.api.internal.DefaultMutationGuard::access$100@2 (line 24)
                      ; - org.gradle.api.internal.DefaultMutationGuard$1::execute@49 (line 68)
  0x0000019146d974fc: 8075 edfe 

  0x0000019146d97500: ;   {other}
  0x0000019146d97500: 0f1f 8400 | f00b 000b | e994 feff | ff48 894c | 2468 488b | 6c24 2049 | 8bd3 4c8b | c14c 8bce 
  0x0000019146d97520: ;   {optimized virtual_call}
  0x0000019146d97520: 6666 90e8 

  0x0000019146d97524: ; ImmutableOopMap {rbp=Oop [40]=Oop [104]=Oop }
                      ;*invokevirtual createMap {reexecute=0 rethrow=0 return_oop=0}
                      ; - java.lang.ThreadLocal::set@22
                      ; - java.lang.ThreadLocal::set@5
                      ; - org.gradle.api.internal.DefaultMutationGuard$1::execute@31 (line 64)
  0x0000019146d97524: 5875 edfe 

  0x0000019146d97528: ;   {other}
  0x0000019146d97528: 0f1f 8400 | 180c 000c | 4889 6c24 | 20e9 68fb | ffff 4533 | c0e9 39fe | ffff 448b | 4c87 1045 
  0x0000019146d97548: 85c9 0f84 | a0fc ffff | 4d8b 4728 | 498b c948 | c1e1 034d | 85c0 0f84 | 4406 0000 | 4d8b 4f38 
  0x0000019146d97568: 4b89 4c01 | f849 83c0 | f84d 8947 | 28e9 76fc | ffff 458b | 4cdc 1c45 | 85c9 0f84 | 5dfc ffff 
  0x0000019146d97588: 4d8b 4728 | 498b c948 | c1e1 034d | 85c0 0f84 | 3f06 0000 | 4d8b 4f38 | 4b89 4c01 | f849 83c0 
  0x0000019146d975a8: f84d 8947 | 28e9 33fc | ffff 458b | 5e1c 4585 | db0f 8470 | f9ff ff4d | 8b57 2849 | 8bcb 48c1 
  0x0000019146d975c8: e103 4d85 | d20f 8490 | 0600 004d | 8b5f 384b | 894c 13f8 | 4983 c2f8 | 4d89 5728 | e946 f9ff 
  0x0000019146d975e8: ff45 8b56 | 1045 85d2 | 0f84 edf8 | ffff 4d8b | 5f28 498b | ca48 c1e1 | 034d 85db | 0f84 0406 
  0x0000019146d97608: 0000 4d8b | 5738 4b89 | 4c1a f849 | 83c3 f84d | 895f 28e9 | c3f8 ffff | 448b 1745 

  0x0000019146d97624: ;   {no_reloc}
  0x0000019146d97624: 85d2 0f84 | 4bf9 ffff | 4d8b 5f28 | 498b ca48 | c1e1 034d | 85db 0f84 | 7806 0000 | 4d8b 5738 
  0x0000019146d97644: 4b89 4c1a | f849 83c3 | f84d 895f | 28e9 21f9 | ffff 4d8b | 5758 4d8b | 5f48 f083 | 4424 c000 
  0x0000019146d97664: 8039 000f | 84b1 f8ff | ff44 8821 | 4d85 db75 | 554c 8974 | 2450 48ff | 7424 3848 | 8f44 2448 
  0x0000019146d97684: 4489 6c24 | 4089 5c24 | 3c89 7c24 | 3849 8bd7 | 49ba 60d1 | 44a3 ff7f | 0000 41ff 

  0x0000019146d976a0: ;   {other}
  0x0000019146d976a0: d20f 1f84 | 0000 0000 | 008b 7c24 | 388b 5c24 | 3c44 8b6c | 2440 48ff | 7424 4848 | 8f44 2438 
  0x0000019146d976c0: 4c8b 7424 | 50e9 54f8 | ffff 4b89 | 4c1a f849 | 83c3 f84d | 895f 48e9 | 42f8 ffff | 4d8b 5758 
  0x0000019146d976e0: 4d8b 5f48 | f083 4424 | c000 8039 | 000f 846c | f8ff ff44 | 8821 4d85 | db75 1d49 | 8bd7 49ba 
  0x0000019146d97700: 60d1 44a3 | ff7f 0000 

  0x0000019146d97708: ;   {other}
  0x0000019146d97708: 41ff d20f | 1f84 0000 | 0000 00e9 | 47f8 ffff | 4b89 4c1a | f849 83c3 | f84d 895f | 48e9 35f8 
  0x0000019146d97728: ffff 4d8b | 5748 4d8b | 5f58 f083 | 4424 c000 | 8039 000f | 846c f8ff | ff44 8821 | 4d85 d275 
  0x0000019146d97748: 1d49 8bd7 | 49ba 60d1 | 44a3 ff7f | 0000 41ff 

  0x0000019146d97758: ;   {other}
  0x0000019146d97758: d20f 1f84 | 0000 0000 | 00e9 47f8 | ffff 4b89 | 4c13 f849 | 83c2 f84d | 8957 48e9 | 35f8 ffff 
  0x0000019146d97778: 85ed 0f84 | c2fa ffff | 498b 5f28 | 488b cd48 | c1e1 0348 | 85db 0f84 | 7c05 0000 | 498b 5738 
  0x0000019146d97798: 4889 4c1a | f848 83c3 | f849 895f | 28e9 98fa | ffff 33ed | e90a fbff | ff45 8b5e | 1c45 85db 
  0x0000019146d977b8: 0f84 04fc | ffff 4d8b | 5728 498b | cb48 c1e1 | 034d 85d2 | 0f84 8105 | 0000 4d8b | 5f38 4b89 
  0x0000019146d977d8: 4c13 f849 | 83c2 f84d | 8957 28e9 | dafb ffff | 48ff 7424 | 3848 8f44 | 2460 4489 | 6c24 5c89 
  0x0000019146d977f8: 5c24 5889 | 7c24 544c | 895c 2448 | 4889 7424 | 4048 8944 | 24f8 8b44 | 2430 8944 | 2438 488b 
  0x0000019146d97818: 4424 f848 | ff74 2468 | 488f 4424 

  0x0000019146d97824: ;   {metadata('java/lang/ThreadLocal$ThreadLocalMap$Entry')}
  0x0000019146d97824: 3048 ba58 | 3a08 0008 

  0x0000019146d9782c: ;   {runtime_call _new_instance_Java}
  0x0000019146d9782c: 0000 00e8 

  0x0000019146d97830: ; ImmutableOopMap {rbp=Oop [32]=Oop [40]=Oop [48]=Oop [64]=Oop [72]=Oop [92]=NarrowOop [96]=Oop [112]=NarrowOop [116]=NarrowOop }
                      ;*new {reexecute=0 rethrow=0 return_oop=1}
                      ; - java.lang.ThreadLocal$ThreadLocalMap::set@85
                      ; - java.lang.ThreadLocal::set@13
                      ; - java.lang.ThreadLocal::set@5
                      ; - org.gradle.api.internal.DefaultMutationGuard$1::execute@31 (line 64)
  0x0000019146d97830: cce2 f9fe 

  0x0000019146d97834: ;   {other}
  0x0000019146d97834: 0f1f 8400 | 240f 000d | 48ff 7424 | 3048 8f44 | 2468 4889 | 4424 f88b | 4424 3889 | 4424 3048 
  0x0000019146d97854: 8b44 24f8 | 488b 7424 | 404c 8b5c | 2448 8b7c | 2454 8b5c | 2458 448b | 6c24 5c48 | ff74 2460 
  0x0000019146d97874: 488f 4424 | 384c 8bf0 | e94f f6ff | ff42 8b5c | 8710 85db | 0f84 04fa | ffff 498b | 5728 488b 
  0x0000019146d97894: cb48 c1e1 | 0348 85d2 | 0f84 7e05 | 0000 498b | 5f38 4889 | 4c13 f848 | 83c2 f849 | 8957 28e9 
  0x0000019146d978b4: daf9 ffff | 8b0b 85c9 | 0f84 2bfa | ffff 498b | 5728 48c1 | e103 4885 | d20f 8490 | 0500 0049 
  0x0000019146d978d4: 8b47 3848 | 894c 10f8 | 4883 c2f8 | 4989 5728 | e904 faff | ffba e4ff | ffff 488b | eb44 894c 
  0x0000019146d978f4: 2420 4489 | 5c24 2844 | 8944 242c | 894c 2434 

  0x0000019146d97904: ;   {runtime_call UncommonTrapBlob}
  0x0000019146d97904: 6666 90e8 

  0x0000019146d97908: ; ImmutableOopMap {rbp=Oop [44]=NarrowOop [52]=NarrowOop }
                      ;*aaload {reexecute=0 rethrow=0 return_oop=0}
                      ; - java.lang.ThreadLocal$ThreadLocalMap::remove@61
                      ; - java.lang.ThreadLocal::remove@12
                      ; - java.lang.ThreadLocal::remove@4
                      ; - org.gradle.api.internal.DefaultMutationGuard::removeThreadLocalStateIfMutationAllowed@8 (line 97)
                      ; - org.gradle.api.internal.DefaultMutationGuard::setMutationGuardState@6 (line 76)
                      ; - org.gradle.api.internal.DefaultMutationGuard::access$100@2 (line 24)
                      ; - org.gradle.api.internal.DefaultMutationGuard$1::execute@49 (line 68)
  0x0000019146d97908: f4cc edfe 

  0x0000019146d9790c: ;   {other}
  0x0000019146d9790c: 0f1f 8400 | fc0f 000e | bae4 ffff | ff48 8b6c | 2420 4c8b | 4c24 284c | 894c 2420 | 4889 4424 
  0x0000019146d9792c: f88b 4424 | 3089 4424 | 2848 8b44 | 24f8 4489 | 4424 2c44 | 8954 2434 | 4489 5c24 | 3889 4c24 
  0x0000019146d9794c: 3c89 5c24 | 4089 7424 

  0x0000019146d97954: ;   {runtime_call UncommonTrapBlob}
  0x0000019146d97954: 5066 90e8 

  0x0000019146d97958: ; ImmutableOopMap {rbp=Oop [32]=Oop [80]=NarrowOop [112]=NarrowOop }
                      ;*aaload {reexecute=0 rethrow=0 return_oop=0}
                      ; - java.lang.ThreadLocal$ThreadLocalMap::cleanSomeSlots@23
                      ; - java.lang.ThreadLocal$ThreadLocalMap::set@113
                      ; - java.lang.ThreadLocal::set@13
                      ; - java.lang.ThreadLocal::set@5
                      ; - org.gradle.api.internal.DefaultMutationGuard$1::execute@31 (line 64)
  0x0000019146d97958: a4cc edfe 

  0x0000019146d9795c: ;   {other}
  0x0000019146d9795c: 0f1f 8400 | 4c10 000f | bae4 ffff | ff48 8b6c | 2420 4c8b | 5424 284c | 8954 2420 | 4889 4424 
  0x0000019146d9797c: f88b 4424 | 3089 4424 | 2848 8b44 | 24f8 4c89 | 5c24 3089 | 5c24 3848 | 8974 2440 | 4889 4424 
  0x0000019146d9799c: f88b 4424 | 7489 4424 | 4848 8b44 | 24f8 897c 

  0x0000019146d979ac: ;   {runtime_call UncommonTrapBlob}
  0x0000019146d979ac: 244c 90e8 

  0x0000019146d979b0: ; ImmutableOopMap {rbp=Oop [32]=Oop [48]=Oop [64]=Oop [72]=NarrowOop [112]=NarrowOop }
                      ;*aaload {reexecute=0 rethrow=0 return_oop=0}
                      ; - java.lang.ThreadLocal$ThreadLocalMap::set@76
                      ; - java.lang.ThreadLocal::set@13
                      ; - java.lang.ThreadLocal::set@5
                      ; - org.gradle.api.internal.DefaultMutationGuard$1::execute@31 (line 64)
  0x0000019146d979b0: 4ccc edfe 

  0x0000019146d979b4: ;   {other}
  0x0000019146d979b4: 0f1f 8400 | a410 0010 | bae4 ffff | ff8b e844 | 8954 2424 | 4489 5c24 | 2c89 7424 

  0x0000019146d979d0: ;   {runtime_call UncommonTrapBlob}
  0x0000019146d979d0: 3066 90e8 

  0x0000019146d979d4: ; ImmutableOopMap {[36]=NarrowOop [48]=NarrowOop }
                      ;*aaload {reexecute=0 rethrow=0 return_oop=0}
                      ; - java.lang.ThreadLocal$ThreadLocalMap::expungeStaleEntry@10
                      ; - java.lang.ThreadLocal$ThreadLocalMap::remove@46
                      ; - java.lang.ThreadLocal::remove@12
                      ; - java.lang.ThreadLocal::remove@4
                      ; - org.gradle.api.internal.DefaultMutationGuard::removeThreadLocalStateIfMutationAllowed@8 (line 97)
                      ; - org.gradle.api.internal.DefaultMutationGuard::setMutationGuardState@6 (line 76)
                      ; - org.gradle.api.internal.DefaultMutationGuard::access$100@2 (line 24)
                      ; - org.gradle.api.internal.DefaultMutationGuard$1::execute@49 (line 68)
  0x0000019146d979d4: 28cc edfe 

  0x0000019146d979d8: ;   {other}
  0x0000019146d979d8: 0f1f 8400 | c810 0011 | baf6 ffff 

  0x0000019146d979e4: ;   {runtime_call UncommonTrapBlob}
  0x0000019146d979e4: ff66 90e8 

  0x0000019146d979e8: ; ImmutableOopMap {}
                      ;*putfield value {reexecute=1 rethrow=0 return_oop=0}
                      ; - (reexecute) java.lang.ThreadLocal$ThreadLocalMap::expungeStaleEntry@12
                      ; - java.lang.ThreadLocal$ThreadLocalMap::remove@46
                      ; - java.lang.ThreadLocal::remove@12
                      ; - java.lang.ThreadLocal::remove@4
                      ; - org.gradle.api.internal.DefaultMutationGuard::removeThreadLocalStateIfMutationAllowed@8 (line 97)
                      ; - org.gradle.api.internal.DefaultMutationGuard::setMutationGuardState@6 (line 76)
                      ; - org.gradle.api.internal.DefaultMutationGuard::access$100@2 (line 24)
                      ; - org.gradle.api.internal.DefaultMutationGuard$1::execute@49 (line 68)
  0x0000019146d979e8: 14cc edfe 

  0x0000019146d979ec: ;   {other}
  0x0000019146d979ec: 0f1f 8400 | dc10 0012 | bae4 ffff | ff44 8944 | 2420 4489 | 5424 2444 | 895c 242c | 8974 2430 
  0x0000019146d97a0c: ;   {runtime_call UncommonTrapBlob}
  0x0000019146d97a0c: 6666 90e8 

  0x0000019146d97a10: ; ImmutableOopMap {[36]=NarrowOop [48]=NarrowOop }
                      ;*aaload {reexecute=0 rethrow=0 return_oop=0}
                      ; - java.lang.ThreadLocal$ThreadLocalMap::expungeStaleEntry@39
                      ; - java.lang.ThreadLocal$ThreadLocalMap::remove@46
                      ; - java.lang.ThreadLocal::remove@12
                      ; - java.lang.ThreadLocal::remove@4
                      ; - org.gradle.api.internal.DefaultMutationGuard::removeThreadLocalStateIfMutationAllowed@8 (line 97)
                      ; - org.gradle.api.internal.DefaultMutationGuard::setMutationGuardState@6 (line 76)
                      ; - org.gradle.api.internal.DefaultMutationGuard::access$100@2 (line 24)
                      ; - org.gradle.api.internal.DefaultMutationGuard$1::execute@49 (line 68)
  0x0000019146d97a10: eccb edfe 

  0x0000019146d97a14: ;   {other}
  0x0000019146d97a14: 0f1f 8400 | 0411 0013 | bade ffff 

  0x0000019146d97a20: ;   {runtime_call UncommonTrapBlob}
  0x0000019146d97a20: ff66 90e8 

  0x0000019146d97a24: ; ImmutableOopMap {rbp=NarrowOop [32]=Oop [40]=Oop }
                      ;*invokevirtual get {reexecute=0 rethrow=0 return_oop=0}
                      ; - org.gradle.api.internal.DefaultMutationGuard$1::execute@7 (line 63)
  0x0000019146d97a24: d8cb edfe 

  0x0000019146d97a28: ;   {other}
  0x0000019146d97a28: 0f1f 8400 | 1811 0014 | bade ffff | ff48 8b6c | 2420 4c8b | 5c24 284c | 895c 2420 | 4889 4424 
  0x0000019146d97a48: f88b 4424 | 3089 4424 | 2848 8b44 | 24f8 4489 | 5424 2c48 | 8974 2430 

  0x0000019146d97a60: ;   {runtime_call UncommonTrapBlob}
  0x0000019146d97a60: 6666 90e8 

  0x0000019146d97a64: ; ImmutableOopMap {rbp=Oop [32]=Oop [44]=NarrowOop [48]=Oop }
                      ;*invokevirtual set {reexecute=0 rethrow=0 return_oop=0}
                      ; - org.gradle.api.internal.DefaultMutationGuard$1::execute@31 (line 64)
  0x0000019146d97a64: 98cb edfe 

  0x0000019146d97a68: ;   {other}
  0x0000019146d97a68: 0f1f 8400 | 5811 0015 | bae4 ffff | ff48 894c | 2438 4489 | 4424 4044 | 8954 2450 

  0x0000019146d97a84: ;   {runtime_call UncommonTrapBlob}
  0x0000019146d97a84: 6666 90e8 

  0x0000019146d97a88: ; ImmutableOopMap {rbp=NarrowOop [32]=Oop [40]=Oop [48]=Oop [56]=Oop [64]=NarrowOop }
                      ;*aaload {reexecute=0 rethrow=0 return_oop=0}
                      ; - java.lang.ThreadLocal$ThreadLocalMap::getEntry@18
                      ; - java.lang.ThreadLocal::get@12
                      ; - java.lang.ThreadLocal::get@4
                      ; - org.gradle.api.internal.DefaultMutationGuard$1::execute@7 (line 63)
  0x0000019146d97a88: 74cb edfe 

  0x0000019146d97a8c: ;   {other}
  0x0000019146d97a8c: 0f1f 8400 | 7c11 0016 | bae4 ffff | ff48 8b6c | 2420 4c8b | 5424 284c | 8954 2420 | 4889 4424 
  0x0000019146d97aac: f88b 4424 | 3089 4424 | 2848 8b44 | 24f8 4c89 | 5c24 3089 | 5c24 3848 | 8974 2440 | 897c 244c 
  0x0000019146d97acc: 4489 4c24 

  0x0000019146d97ad0: ;   {runtime_call UncommonTrapBlob}
  0x0000019146d97ad0: 5066 90e8 

  0x0000019146d97ad4: ; ImmutableOopMap {rbp=Oop [32]=Oop [48]=Oop [64]=Oop [80]=NarrowOop [112]=NarrowOop [116]=NarrowOop }
                      ;*aaload {reexecute=0 rethrow=0 return_oop=0}
                      ; - java.lang.ThreadLocal$ThreadLocalMap::set@23
                      ; - java.lang.ThreadLocal::set@13
                      ; - java.lang.ThreadLocal::set@5
                      ; - org.gradle.api.internal.DefaultMutationGuard$1::execute@31 (line 64)
  0x0000019146d97ad4: 28cb edfe 

  0x0000019146d97ad8: ;   {other}
  0x0000019146d97ad8: 0f1f 8400 | c811 0017 | bade ffff 

  0x0000019146d97ae4: ;   {runtime_call UncommonTrapBlob}
  0x0000019146d97ae4: ff8b ebe8 

  0x0000019146d97ae8: ; ImmutableOopMap {rbp=NarrowOop }
                      ;*invokevirtual remove {reexecute=0 rethrow=0 return_oop=0}
                      ; - org.gradle.api.internal.DefaultMutationGuard::removeThreadLocalStateIfMutationAllowed@8 (line 97)
                      ; - org.gradle.api.internal.DefaultMutationGuard::setMutationGuardState@6 (line 76)
                      ; - org.gradle.api.internal.DefaultMutationGuard::access$100@2 (line 24)
                      ; - org.gradle.api.internal.DefaultMutationGuard$1::execute@49 (line 68)
  0x0000019146d97ae8: 14cb edfe 

  0x0000019146d97aec: ;   {other}
  0x0000019146d97aec: 0f1f 8400 | dc11 0018 | bae4 ffff | ff48 8beb | 4489 4c24 | 2044 8954 | 2428 4489 | 4424 2c89 
  0x0000019146d97b0c: ;   {runtime_call UncommonTrapBlob}
  0x0000019146d97b0c: 4c24 34e8 

  0x0000019146d97b10: ; ImmutableOopMap {rbp=Oop [44]=NarrowOop [52]=NarrowOop }
                      ;*aaload {reexecute=0 rethrow=0 return_oop=0}
                      ; - java.lang.ThreadLocal$ThreadLocalMap::remove@21
                      ; - java.lang.ThreadLocal::remove@12
                      ; - java.lang.ThreadLocal::remove@4
                      ; - org.gradle.api.internal.DefaultMutationGuard::removeThreadLocalStateIfMutationAllowed@8 (line 97)
                      ; - org.gradle.api.internal.DefaultMutationGuard::setMutationGuardState@6 (line 76)
                      ; - org.gradle.api.internal.DefaultMutationGuard::access$100@2 (line 24)
                      ; - org.gradle.api.internal.DefaultMutationGuard$1::execute@49 (line 68)
  0x0000019146d97b10: ecca edfe 

  0x0000019146d97b14: ;   {other}
  0x0000019146d97b14: 0f1f 8400 | 0412 0019 | bae4 ffff | ff48 8b6c | 2420 4c8b | 5424 284c | 8954 2420 | 4889 4424 
  0x0000019146d97b34: f88b 4424 | 3089 4424 | 2848 8b44 | 24f8 895c | 2430 4c89 

  0x0000019146d97b48: ;   {runtime_call UncommonTrapBlob}
  0x0000019146d97b48: 7424 40e8 

  0x0000019146d97b4c: ; ImmutableOopMap {rbp=Oop [32]=Oop [64]=Oop [112]=NarrowOop [116]=NarrowOop }
                      ;*aastore {reexecute=1 rethrow=0 return_oop=0}
                      ; - (reexecute) java.lang.ThreadLocal$ThreadLocalMap::set@94
                      ; - java.lang.ThreadLocal::set@13
                      ; - java.lang.ThreadLocal::set@5
                      ; - org.gradle.api.internal.DefaultMutationGuard$1::execute@31 (line 64)
  0x0000019146d97b4c: b0ca edfe 

  0x0000019146d97b50: ;   {other}
  0x0000019146d97b50: 0f1f 8400 | 4012 001a | 4585 c941 | 0f94 c2ba | 45ff ffff | 488b 6c24 | 204c 8b44 | 2428 4c89 
  0x0000019146d97b70: 4424 2048 | 8944 24f8 | 8b44 2430 | 8944 2428 | 488b 4424 | f84c 895c | 2430 895c | 242c 4489 
  0x0000019146d97b90: 5424 3848 | 8974 2440 

  0x0000019146d97b98: ;   {runtime_call UncommonTrapBlob}
  0x0000019146d97b98: 6666 90e8 

  0x0000019146d97b9c: ; ImmutableOopMap {rbp=Oop [32]=Oop [48]=Oop [64]=Oop [112]=NarrowOop }
                      ;*ifeq {reexecute=1 rethrow=0 return_oop=0}
                      ; - (reexecute) java.lang.ThreadLocal$ThreadLocalMap::set@53
                      ; - java.lang.ThreadLocal::set@13
                      ; - java.lang.ThreadLocal::set@5
                      ; - org.gradle.api.internal.DefaultMutationGuard$1::execute@31 (line 64)
  0x0000019146d97b9c: 60ca edfe 

  0x0000019146d97ba0: ;   {other}
  0x0000019146d97ba0: 0f1f 8400 | 9012 001b | 458b f38b | ee44 8be8 | 418b f249 | 8bd7 49ba | 80d1 44a3 | ff7f 0000 
  0x0000019146d97bc0: ;   {other}
  0x0000019146d97bc0: 41ff d20f | 1f84 0000 | 0000 0044 | 8bd6 418b | c58b f545 | 8bde e915 | f6ff ff45 | 8bf3 8bee 
  0x0000019146d97be0: 448b e841 | 8bf2 498b | d749 ba80 | d144 a3ff | 7f00 0041 

  0x0000019146d97bf4: ;   {other}
  0x0000019146d97bf4: ffd2 0f1f | 8400 0000 | 0000 448b | d641 8bc5 | 8bf5 458b | dee9 d7f5 | ffff 4c89 | 7424 5048 
  0x0000019146d97c14: ff74 2438 | 488f 4424 | 4844 896c | 2440 895c | 243c 897c | 2438 498b | d749 ba80 | d144 a3ff 
  0x0000019146d97c34: 7f00 0041 

  0x0000019146d97c38: ;   {other}
  0x0000019146d97c38: ffd2 0f1f | 8400 0000 | 0000 8b7c | 2438 8b5c | 243c 448b | 6c24 4048 | ff74 2448 | 488f 4424 
  0x0000019146d97c58: 384c 8b74 | 2450 e980 | f2ff ff4c | 8974 2450 | 48ff 7424 | 3848 8f44 | 2448 4489 | 6c24 4089 
  0x0000019146d97c78: 5c24 3c89 | 7c24 3849 | 8bd7 49ba | 80d1 44a3 | ff7f 0000 

  0x0000019146d97c8c: ;   {other}
  0x0000019146d97c8c: 41ff d20f | 1f84 0000 | 0000 008b | 7c24 388b | 5c24 3c44 | 8b6c 2440 | 48ff 7424 | 4848 8f44 
  0x0000019146d97cac: 2438 4c8b | 7424 50e9 | 77f2 ffff | 498b d749 | ba80 d144 | a3ff 7f00 | 0041 ffd2 

  0x0000019146d97cc8: ;   {other}
  0x0000019146d97cc8: 0f1f 8400 | 0000 0000 | e9a2 f2ff | ffba e4ff | ffff 4489 | 4424 2044 | 8954 2424 | 4489 5c24 
  0x0000019146d97ce8: 2c89 7424 

  0x0000019146d97cec: ;   {runtime_call UncommonTrapBlob}
  0x0000019146d97cec: 3066 90e8 

  0x0000019146d97cf0: ; ImmutableOopMap {[36]=NarrowOop [48]=NarrowOop }
                      ;*aaload {reexecute=0 rethrow=0 return_oop=0}
                      ; - java.lang.ThreadLocal$ThreadLocalMap::expungeStaleEntry@39
                      ; - java.lang.ThreadLocal$ThreadLocalMap::remove@46
                      ; - java.lang.ThreadLocal::remove@12
                      ; - java.lang.ThreadLocal::remove@4
                      ; - org.gradle.api.internal.DefaultMutationGuard::removeThreadLocalStateIfMutationAllowed@8 (line 97)
                      ; - org.gradle.api.internal.DefaultMutationGuard::setMutationGuardState@6 (line 76)
                      ; - org.gradle.api.internal.DefaultMutationGuard::access$100@2 (line 24)
                      ; - org.gradle.api.internal.DefaultMutationGuard$1::execute@49 (line 68)
  0x0000019146d97cf0: 0cc9 edfe 

  0x0000019146d97cf4: ;   {other}
  0x0000019146d97cf4: 0f1f 8400 | e413 001c | bade ffff 

  0x0000019146d97d00: ;   {runtime_call UncommonTrapBlob}
  0x0000019146d97d00: ff66 90e8 

  0x0000019146d97d04: ; ImmutableOopMap {rbp=NarrowOop }
                      ;*checkcast {reexecute=0 rethrow=0 return_oop=0}
                      ; - java.lang.ThreadLocal$ThreadLocalMap::expungeStaleEntry@51
                      ; - java.lang.ThreadLocal$ThreadLocalMap::remove@46
                      ; - java.lang.ThreadLocal::remove@12
                      ; - java.lang.ThreadLocal::remove@4
                      ; - org.gradle.api.internal.DefaultMutationGuard::removeThreadLocalStateIfMutationAllowed@8 (line 97)
                      ; - org.gradle.api.internal.DefaultMutationGuard::setMutationGuardState@6 (line 76)
                      ; - org.gradle.api.internal.DefaultMutationGuard::access$100@2 (line 24)
                      ; - org.gradle.api.internal.DefaultMutationGuard$1::execute@49 (line 68)
  0x0000019146d97d04: f8c8 edfe 

  0x0000019146d97d08: ;   {other}
  0x0000019146d97d08: 0f1f 8400 | f813 001d | 4c89 4c24 | 3044 895c | 2420 448b | ee41 8bd8 | 418b f249 | 8bd7 49ba 
  0x0000019146d97d28: 80d1 44a3 | ff7f 0000 

  0x0000019146d97d30: ;   {other}
  0x0000019146d97d30: 41ff d20f | 1f84 0000 | 0000 0044 | 8bd6 448b | c341 8bf5 | 448b 5c24 | 204c 8b4c | 2430 e9ef 
  0x0000019146d97d50: f4ff ff49 | 8bd7 49ba | 80d1 44a3 | ff7f 0000 

  0x0000019146d97d60: ;   {other}
  0x0000019146d97d60: 41ff d20f | 1f84 0000 | 0000 00e9 | 52f6 ffff | bae4 ffff | ff44 8944 | 2420 4489 | 5424 2444 
  0x0000019146d97d80: 895c 242c | 4c89 4c24 | 3089 7424 

  0x0000019146d97d8c: ;   {runtime_call UncommonTrapBlob}
  0x0000019146d97d8c: 3866 90e8 

  0x0000019146d97d90: ; ImmutableOopMap {[36]=NarrowOop [48]=Oop [56]=NarrowOop }
                      ;*aaload {reexecute=0 rethrow=0 return_oop=0}
                      ; - java.lang.ThreadLocal$ThreadLocalMap::expungeStaleEntry@111
                      ; - java.lang.ThreadLocal$ThreadLocalMap::remove@46
                      ; - java.lang.ThreadLocal::remove@12
                      ; - java.lang.ThreadLocal::remove@4
                      ; - org.gradle.api.internal.DefaultMutationGuard::removeThreadLocalStateIfMutationAllowed@8 (line 97)
                      ; - org.gradle.api.internal.DefaultMutationGuard::setMutationGuardState@6 (line 76)
                      ; - org.gradle.api.internal.DefaultMutationGuard::access$100@2 (line 24)
                      ; - org.gradle.api.internal.DefaultMutationGuard$1::execute@49 (line 68)
  0x0000019146d97d90: 6cc8 edfe 

  0x0000019146d97d94: ;   {other}
  0x0000019146d97d94: 0f1f 8400 | 8414 001e | bae4 ffff | ff44 8944 | 2424 4489 | 5424 2844 | 895c 2430 | 4c89 4c24 
  0x0000019146d97db4: 3889 7424 

  0x0000019146d97db8: ;   {runtime_call UncommonTrapBlob}
  0x0000019146d97db8: 3466 90e8 

  0x0000019146d97dbc: ; ImmutableOopMap {[40]=NarrowOop [52]=NarrowOop [56]=Oop }
                      ;*aastore {reexecute=1 rethrow=0 return_oop=0}
                      ; - (reexecute) java.lang.ThreadLocal$ThreadLocalMap::expungeStaleEntry@107
                      ; - java.lang.ThreadLocal$ThreadLocalMap::remove@46
                      ; - java.lang.ThreadLocal::remove@12
                      ; - java.lang.ThreadLocal::remove@4
                      ; - org.gradle.api.internal.DefaultMutationGuard::removeThreadLocalStateIfMutationAllowed@8 (line 97)
                      ; - org.gradle.api.internal.DefaultMutationGuard::setMutationGuardState@6 (line 76)
                      ; - org.gradle.api.internal.DefaultMutationGuard::access$100@2 (line 24)
                      ; - org.gradle.api.internal.DefaultMutationGuard$1::execute@49 (line 68)
  0x0000019146d97dbc: 40c8 edfe 

  0x0000019146d97dc0: ;   {other}
  0x0000019146d97dc0: 0f1f 8400 | b014 001f | bae4 ffff | ff44 8944 | 2420 4489 | 5424 2444 | 895c 242c | 8974 2430 
  0x0000019146d97de0: 4c89 4c24 

  0x0000019146d97de4: ;   {runtime_call UncommonTrapBlob}
  0x0000019146d97de4: 3866 90e8 

  0x0000019146d97de8: ; ImmutableOopMap {[36]=NarrowOop [48]=NarrowOop [56]=Oop }
                      ;*aastore {reexecute=1 rethrow=0 return_oop=0}
                      ; - (reexecute) java.lang.ThreadLocal$ThreadLocalMap::expungeStaleEntry@131
                      ; - java.lang.ThreadLocal$ThreadLocalMap::remove@46
                      ; - java.lang.ThreadLocal::remove@12
                      ; - java.lang.ThreadLocal::remove@4
                      ; - org.gradle.api.internal.DefaultMutationGuard::removeThreadLocalStateIfMutationAllowed@8 (line 97)
                      ; - org.gradle.api.internal.DefaultMutationGuard::setMutationGuardState@6 (line 76)
                      ; - org.gradle.api.internal.DefaultMutationGuard::access$100@2 (line 24)
                      ; - org.gradle.api.internal.DefaultMutationGuard$1::execute@49 (line 68)
  0x0000019146d97de8: 14c8 edfe 

  0x0000019146d97dec: ;   {other}
  0x0000019146d97dec: 0f1f 8400 | dc14 0020 | bae4 ffff | ff44 8944 | 2420 4489 | 5424 2444 | 895c 242c | 4c89 4c24 
  0x0000019146d97e0c: 3089 7424 

  0x0000019146d97e10: ;   {runtime_call UncommonTrapBlob}
  0x0000019146d97e10: 3866 90e8 

  0x0000019146d97e14: ; ImmutableOopMap {[36]=NarrowOop [48]=Oop [56]=NarrowOop }
                      ;*aaload {reexecute=0 rethrow=0 return_oop=0}
                      ; - java.lang.ThreadLocal$ThreadLocalMap::expungeStaleEntry@111
                      ; - java.lang.ThreadLocal$ThreadLocalMap::remove@46
                      ; - java.lang.ThreadLocal::remove@12
                      ; - java.lang.ThreadLocal::remove@4
                      ; - org.gradle.api.internal.DefaultMutationGuard::removeThreadLocalStateIfMutationAllowed@8 (line 97)
                      ; - org.gradle.api.internal.DefaultMutationGuard::setMutationGuardState@6 (line 76)
                      ; - org.gradle.api.internal.DefaultMutationGuard::access$100@2 (line 24)
                      ; - org.gradle.api.internal.DefaultMutationGuard$1::execute@49 (line 68)
  0x0000019146d97e14: e8c7 edfe 

  0x0000019146d97e18: ;   {other}
  0x0000019146d97e18: 0f1f 8400 | 0815 0021 | 4c89 4c24 | 3044 895c | 2420 448b | ee41 8bd8 | 418b f249 | 8bd7 49ba 
  0x0000019146d97e38: 80d1 44a3 | ff7f 0000 

  0x0000019146d97e40: ;   {other}
  0x0000019146d97e40: 41ff d20f | 1f84 0000 | 0000 0044 | 8bd6 448b | c341 8bf5 | 448b 5c24 | 204c 8b4c | 2430 e92f 
  0x0000019146d97e60: f4ff ff4c | 894c 2430 | 4489 5c24 | 208b ee45 | 8be8 418b | f249 8bd7 | 49ba 80d1 | 44a3 ff7f 
  0x0000019146d97e80: 0000 41ff 

  0x0000019146d97e84: ;   {other}
  0x0000019146d97e84: d20f 1f84 | 0000 0000 | 0044 8bd6 | 458b c58b | f544 8b5c | 2420 4c8b | 4c24 30e9 | 49f4 ffff 
  0x0000019146d97ea4: bade ffff 

  0x0000019146d97ea8: ;   {runtime_call UncommonTrapBlob}
  0x0000019146d97ea8: ff8b ebe8 

  0x0000019146d97eac: ; ImmutableOopMap {rbp=NarrowOop }
                      ;*invokevirtual set {reexecute=0 rethrow=0 return_oop=0}
                      ; - org.gradle.api.internal.DefaultMutationGuard::setMutationGuardState@20 (line 78)
                      ; - org.gradle.api.internal.DefaultMutationGuard::access$100@2 (line 24)
                      ; - org.gradle.api.internal.DefaultMutationGuard$1::execute@49 (line 68)
  0x0000019146d97eac: 50c7 edfe 

  0x0000019146d97eb0: ;   {other}
  0x0000019146d97eb0: 0f1f 8400 | a015 0022 | bade ffff | ff48 8b6c | 2420 4c8b | 5424 284c | 8954 2420 | 4c89 5c24 
  0x0000019146d97ed0: ;   {runtime_call UncommonTrapBlob}
  0x0000019146d97ed0: 2866 90e8 

  0x0000019146d97ed4: ; ImmutableOopMap {rbp=Oop [32]=Oop [40]=Oop }
                      ;*checkcast {reexecute=0 rethrow=0 return_oop=0}
                      ; - org.gradle.api.internal.DefaultMutationGuard$1::execute@10 (line 63)
  0x0000019146d97ed4: 28c7 edfe 

  0x0000019146d97ed8: ;   {other}
  0x0000019146d97ed8: 0f1f 8400 | c815 0023 | baf6 ffff | ff48 8b6c 

  0x0000019146d97ee8: ;   {runtime_call UncommonTrapBlob}
  0x0000019146d97ee8: 2420 90e8 

  0x0000019146d97eec: ; ImmutableOopMap {rbp=Oop [40]=Oop }
                      ;*getfield mutationGuardState {reexecute=1 rethrow=0 return_oop=0}
                      ; - (reexecute) org.gradle.api.internal.DefaultMutationGuard::access$000@1 (line 24)
                      ; - org.gradle.api.internal.DefaultMutationGuard$1::execute@4 (line 63)
  0x0000019146d97eec: 10c7 edfe 

  0x0000019146d97ef0: ;   {other}
  0x0000019146d97ef0: 0f1f 8400 | e015 0024 | baf6 ffff | ff48 8b6c 

  0x0000019146d97f00: ;   {runtime_call UncommonTrapBlob}
  0x0000019146d97f00: 2420 90e8 

  0x0000019146d97f04: ; ImmutableOopMap {rbp=Oop [40]=Oop }
                      ;*invokevirtual get {reexecute=0 rethrow=0 return_oop=0}
                      ; - org.gradle.api.internal.DefaultMutationGuard$1::execute@7 (line 63)
  0x0000019146d97f04: f8c6 edfe 

  0x0000019146d97f08: ;   {other}
  0x0000019146d97f08: 0f1f 8400 | f815 0025 | baf4 ffff | ff48 8b6c 

  0x0000019146d97f18: ;   {runtime_call UncommonTrapBlob}
  0x0000019146d97f18: 2420 90e8 

  0x0000019146d97f1c: ; ImmutableOopMap {rbp=Oop [40]=Oop }
                      ;*checkcast {reexecute=0 rethrow=0 return_oop=0}
                      ; - org.gradle.api.internal.DefaultMutationGuard$1::execute@10 (line 63)
  0x0000019146d97f1c: e0c6 edfe 

  0x0000019146d97f20: ;   {other}
  0x0000019146d97f20: 0f1f 8400 | 1016 0026 | baf6 ffff | ff48 8b6c | 2420 4c8b | 5424 284c | 8954 2420 

  0x0000019146d97f3c: ;   {runtime_call UncommonTrapBlob}
  0x0000019146d97f3c: 6666 90e8 

  0x0000019146d97f40: ; ImmutableOopMap {rbp=Oop [32]=Oop }
                      ;*getfield mutationGuardState {reexecute=1 rethrow=0 return_oop=0}
                      ; - (reexecute) org.gradle.api.internal.DefaultMutationGuard::access$000@1 (line 24)
                      ; - org.gradle.api.internal.DefaultMutationGuard$1::execute@21 (line 64)
  0x0000019146d97f40: bcc6 edfe 

  0x0000019146d97f44: ;   {other}
  0x0000019146d97f44: 0f1f 8400 | 3416 0027 | baf6 ffff | ff48 8b6c | 2420 4c8b | 5424 284c | 8954 2420 | 4889 4424 
  0x0000019146d97f64: f88b 4424 | 3089 4424 | 2848 8b44 | 24f8 4889 

  0x0000019146d97f74: ;   {runtime_call UncommonTrapBlob}
  0x0000019146d97f74: 7424 30e8 

  0x0000019146d97f78: ; ImmutableOopMap {rbp=Oop [32]=Oop [48]=Oop }
                      ;*invokevirtual set {reexecute=0 rethrow=0 return_oop=0}
                      ; - org.gradle.api.internal.DefaultMutationGuard$1::execute@31 (line 64)
  0x0000019146d97f78: 84c6 edfe 

  0x0000019146d97f7c: ;   {other}
  0x0000019146d97f7c: 0f1f 8400 | 6c16 0028 | baf6 ffff 

  0x0000019146d97f88: ;   {runtime_call UncommonTrapBlob}
  0x0000019146d97f88: ff66 90e8 

  0x0000019146d97f8c: ; ImmutableOopMap {}
                      ;*invokespecial setMutationGuardState {reexecute=0 rethrow=0 return_oop=0}
                      ; - org.gradle.api.internal.DefaultMutationGuard::access$100@2 (line 24)
                      ; - org.gradle.api.internal.DefaultMutationGuard$1::execute@49 (line 68)
  0x0000019146d97f8c: 70c6 edfe 

  0x0000019146d97f90: ;   {other}
  0x0000019146d97f90: 0f1f 8400 | 8016 0029 | baf6 ffff | ff48 8b6c 

  0x0000019146d97fa0: ;   {runtime_call UncommonTrapBlob}
  0x0000019146d97fa0: 2420 90e8 

  0x0000019146d97fa4: ; ImmutableOopMap {rbp=Oop [40]=Oop }
                      ;*arraylength {reexecute=0 rethrow=0 return_oop=0}
                      ; - java.lang.ThreadLocal$ThreadLocalMap::getEntry@8
                      ; - java.lang.ThreadLocal::get@12
                      ; - java.lang.ThreadLocal::get@4
                      ; - org.gradle.api.internal.DefaultMutationGuard$1::execute@7 (line 63)
  0x0000019146d97fa4: 58c6 edfe 

  0x0000019146d97fa8: ;   {other}
  0x0000019146d97fa8: 0f1f 8400 | 9816 002a | baf6 ffff | ff48 8b6c | 2420 4c8b | 5424 284c | 8954 2420 

  0x0000019146d97fc4: ;   {runtime_call UncommonTrapBlob}
  0x0000019146d97fc4: 6666 90e8 

  0x0000019146d97fc8: ; ImmutableOopMap {rbp=Oop [32]=Oop }
                      ;*arraylength {reexecute=0 rethrow=0 return_oop=0}
                      ; - java.lang.ThreadLocal$ThreadLocalMap::set@6
                      ; - java.lang.ThreadLocal::set@13
                      ; - java.lang.ThreadLocal::set@5
                      ; - org.gradle.api.internal.DefaultMutationGuard$1::execute@31 (line 64)
  0x0000019146d97fc8: 34c6 edfe 

  0x0000019146d97fcc: ;   {other}
  0x0000019146d97fcc: 0f1f 8400 | bc16 002b | baf6 ffff 

  0x0000019146d97fd8: ;   {runtime_call UncommonTrapBlob}
  0x0000019146d97fd8: ff66 90e8 

  0x0000019146d97fdc: ; ImmutableOopMap {}
                      ;*invokevirtual remove {reexecute=0 rethrow=0 return_oop=0}
                      ; - org.gradle.api.internal.DefaultMutationGuard::removeThreadLocalStateIfMutationAllowed@8 (line 97)
                      ; - org.gradle.api.internal.DefaultMutationGuard::setMutationGuardState@6 (line 76)
                      ; - org.gradle.api.internal.DefaultMutationGuard::access$100@2 (line 24)
                      ; - org.gradle.api.internal.DefaultMutationGuard$1::execute@49 (line 68)
  0x0000019146d97fdc: 20c6 edfe 

  0x0000019146d97fe0: ;   {other}
  0x0000019146d97fe0: 0f1f 8400 | d016 002c | baf6 ffff 

  0x0000019146d97fec: ;   {runtime_call UncommonTrapBlob}
  0x0000019146d97fec: ff66 90e8 

  0x0000019146d97ff0: ; ImmutableOopMap {}
                      ;*arraylength {reexecute=0 rethrow=0 return_oop=0}
                      ; - java.lang.ThreadLocal$ThreadLocalMap::remove@6
                      ; - java.lang.ThreadLocal::remove@12
                      ; - java.lang.ThreadLocal::remove@4
                      ; - org.gradle.api.internal.DefaultMutationGuard::removeThreadLocalStateIfMutationAllowed@8 (line 97)
                      ; - org.gradle.api.internal.DefaultMutationGuard::setMutationGuardState@6 (line 76)
                      ; - org.gradle.api.internal.DefaultMutationGuard::access$100@2 (line 24)
                      ; - org.gradle.api.internal.DefaultMutationGuard$1::execute@49 (line 68)
  0x0000019146d97ff0: 0cc6 edfe 

  0x0000019146d97ff4: ;   {other}
  0x0000019146d97ff4: 0f1f 8400 | e416 002d | baf6 ffff 

  0x0000019146d98000: ;   {runtime_call UncommonTrapBlob}
  0x0000019146d98000: ff66 90e8 

  0x0000019146d98004: ; ImmutableOopMap {}
                      ;*arraylength {reexecute=0 rethrow=0 return_oop=0}
                      ; - java.lang.ThreadLocal$ThreadLocalMap::expungeStaleEntry@6
                      ; - java.lang.ThreadLocal$ThreadLocalMap::remove@46
                      ; - java.lang.ThreadLocal::remove@12
                      ; - java.lang.ThreadLocal::remove@4
                      ; - org.gradle.api.internal.DefaultMutationGuard::removeThreadLocalStateIfMutationAllowed@8 (line 97)
                      ; - org.gradle.api.internal.DefaultMutationGuard::setMutationGuardState@6 (line 76)
                      ; - org.gradle.api.internal.DefaultMutationGuard::access$100@2 (line 24)
                      ; - org.gradle.api.internal.DefaultMutationGuard$1::execute@49 (line 68)
  0x0000019146d98004: f8c5 edfe 

  0x0000019146d98008: ;   {other}
  0x0000019146d98008: 0f1f 8400 | f816 002e | baf6 ffff | ff48 8b6c | 2420 4c8b | 5424 284c | 8954 2420 

  0x0000019146d98024: ;   {runtime_call UncommonTrapBlob}
  0x0000019146d98024: 6666 90e8 

  0x0000019146d98028: ; ImmutableOopMap {rbp=Oop [32]=Oop }
                      ;*arraylength {reexecute=0 rethrow=0 return_oop=0}
                      ; - java.lang.ThreadLocal$ThreadLocalMap::cleanSomeSlots@10
                      ; - java.lang.ThreadLocal$ThreadLocalMap::set@113
                      ; - java.lang.ThreadLocal::set@13
                      ; - java.lang.ThreadLocal::set@5
                      ; - org.gradle.api.internal.DefaultMutationGuard$1::execute@31 (line 64)
  0x0000019146d98028: d4c5 edfe 

  0x0000019146d9802c: ;   {other}
  0x0000019146d9802c: 0f1f 8400 | 1c17 002f | ba45 ffff | ff44 8944 

  0x0000019146d9803c: ;   {runtime_call UncommonTrapBlob}
  0x0000019146d9803c: 2420 90e8 

  0x0000019146d98040: ; ImmutableOopMap {[32]=NarrowOop }
                      ;*ifnull {reexecute=1 rethrow=0 return_oop=0}
                      ; - (reexecute) java.lang.ThreadLocal::remove@7
                      ; - java.lang.ThreadLocal::remove@4
                      ; - org.gradle.api.internal.DefaultMutationGuard::removeThreadLocalStateIfMutationAllowed@8 (line 97)
                      ; - org.gradle.api.internal.DefaultMutationGuard::setMutationGuardState@6 (line 76)
                      ; - org.gradle.api.internal.DefaultMutationGuard::access$100@2 (line 24)
                      ; - org.gradle.api.internal.DefaultMutationGuard$1::execute@49 (line 68)
  0x0000019146d98040: bcc5 edfe 

  0x0000019146d98044: ;   {other}
  0x0000019146d98044: 0f1f 8400 | 3417 0030 | baf4 ffff | ff41 8be8 | 4489 5424 | 2089 7424 | 2444 895c | 2428 4c89 
  0x0000019146d98064: ;   {runtime_call UncommonTrapBlob}
  0x0000019146d98064: 4c24 30e8 

  0x0000019146d98068: ; ImmutableOopMap {[32]=NarrowOop [36]=NarrowOop [48]=Oop }
                      ;*checkcast {reexecute=0 rethrow=0 return_oop=0}
                      ; - java.lang.ThreadLocal$ThreadLocalMap::expungeStaleEntry@51
                      ; - java.lang.ThreadLocal$ThreadLocalMap::remove@46
                      ; - java.lang.ThreadLocal::remove@12
                      ; - java.lang.ThreadLocal::remove@4
                      ; - org.gradle.api.internal.DefaultMutationGuard::removeThreadLocalStateIfMutationAllowed@8 (line 97)
                      ; - org.gradle.api.internal.DefaultMutationGuard::setMutationGuardState@6 (line 76)
                      ; - org.gradle.api.internal.DefaultMutationGuard::access$100@2 (line 24)
                      ; - org.gradle.api.internal.DefaultMutationGuard$1::execute@49 (line 68)
  0x0000019146d98068: 94c5 edfe 

  0x0000019146d9806c: ;   {other}
  0x0000019146d9806c: 0f1f 8400 | 5c17 0031 | baf6 ffff 

  0x0000019146d98078: ;   {runtime_call UncommonTrapBlob}
  0x0000019146d98078: ff66 90e8 

  0x0000019146d9807c: ; ImmutableOopMap {}
                      ;*invokevirtual set {reexecute=0 rethrow=0 return_oop=0}
                      ; - org.gradle.api.internal.DefaultMutationGuard::setMutationGuardState@20 (line 78)
                      ; - org.gradle.api.internal.DefaultMutationGuard::access$100@2 (line 24)
                      ; - org.gradle.api.internal.DefaultMutationGuard$1::execute@49 (line 68)
  0x0000019146d9807c: 80c5 edfe 

  0x0000019146d98080: ;   {other}
  0x0000019146d98080: 0f1f 8400 | 7017 0032 | baf6 ffff 

  0x0000019146d9808c: ;   {runtime_call UncommonTrapBlob}
  0x0000019146d9808c: ff66 90e8 

  0x0000019146d98090: ; ImmutableOopMap {[40]=Oop }
                      ;*invokespecial setMutationGuardState {reexecute=0 rethrow=0 return_oop=0}
                      ; - org.gradle.api.internal.DefaultMutationGuard::access$100@2 (line 24)
                      ; - org.gradle.api.internal.DefaultMutationGuard$1::execute@61 (line 68)
  0x0000019146d98090: 6cc5 edfe 

  0x0000019146d98094: ;   {other}
  0x0000019146d98094: 0f1f 8400 | 8417 0033 | baf6 ffff | ff48 8be8 

  0x0000019146d980a4: ;   {runtime_call UncommonTrapBlob}
  0x0000019146d980a4: 6666 90e8 

  0x0000019146d980a8: ; ImmutableOopMap {rbp=Oop }
                      ;*invokevirtual remove {reexecute=0 rethrow=0 return_oop=0}
                      ; - org.gradle.api.internal.DefaultMutationGuard::removeThreadLocalStateIfMutationAllowed@8 (line 97)
                      ; - org.gradle.api.internal.DefaultMutationGuard::setMutationGuardState@6 (line 76)
                      ; - org.gradle.api.internal.DefaultMutationGuard::access$100@2 (line 24)
                      ; - org.gradle.api.internal.DefaultMutationGuard$1::execute@61 (line 68)
  0x0000019146d980a8: 54c5 edfe 

  0x0000019146d980ac: ;   {other}
  0x0000019146d980ac: 0f1f 8400 | 9c17 0034 | baf6 ffff | ff48 8be8 

  0x0000019146d980bc: ;   {runtime_call UncommonTrapBlob}
  0x0000019146d980bc: 6666 90e8 

  0x0000019146d980c0: ; ImmutableOopMap {rbp=Oop }
                      ;*arraylength {reexecute=0 rethrow=0 return_oop=0}
                      ; - java.lang.ThreadLocal$ThreadLocalMap::remove@6
                      ; - java.lang.ThreadLocal::remove@12
                      ; - java.lang.ThreadLocal::remove@4
                      ; - org.gradle.api.internal.DefaultMutationGuard::removeThreadLocalStateIfMutationAllowed@8 (line 97)
                      ; - org.gradle.api.internal.DefaultMutationGuard::setMutationGuardState@6 (line 76)
                      ; - org.gradle.api.internal.DefaultMutationGuard::access$100@2 (line 24)
                      ; - org.gradle.api.internal.DefaultMutationGuard$1::execute@61 (line 68)
  0x0000019146d980c0: 3cc5 edfe 

  0x0000019146d980c4: ;   {other}
  0x0000019146d980c4: 0f1f 8400 | b417 0035 | baf6 ffff | ff48 8b6c 

  0x0000019146d980d4: ;   {runtime_call UncommonTrapBlob}
  0x0000019146d980d4: 2428 90e8 

  0x0000019146d980d8: ; ImmutableOopMap {rbp=Oop }
                      ;*arraylength {reexecute=0 rethrow=0 return_oop=0}
                      ; - java.lang.ThreadLocal$ThreadLocalMap::expungeStaleEntry@6
                      ; - java.lang.ThreadLocal$ThreadLocalMap::remove@46
                      ; - java.lang.ThreadLocal::remove@12
                      ; - java.lang.ThreadLocal::remove@4
                      ; - org.gradle.api.internal.DefaultMutationGuard::removeThreadLocalStateIfMutationAllowed@8 (line 97)
                      ; - org.gradle.api.internal.DefaultMutationGuard::setMutationGuardState@6 (line 76)
                      ; - org.gradle.api.internal.DefaultMutationGuard::access$100@2 (line 24)
                      ; - org.gradle.api.internal.DefaultMutationGuard$1::execute@61 (line 68)
  0x0000019146d980d8: 24c5 edfe 

  0x0000019146d980dc: ;   {other}
  0x0000019146d980dc: 0f1f 8400 | cc17 0036 | ba45 ffff | ff48 8be8 | 897c 2424 

  0x0000019146d980f0: ;   {runtime_call UncommonTrapBlob}
  0x0000019146d980f0: 6666 90e8 

  0x0000019146d980f4: ; ImmutableOopMap {rbp=Oop [36]=NarrowOop }
                      ;*ifnull {reexecute=1 rethrow=0 return_oop=0}
                      ; - (reexecute) java.lang.ThreadLocal::remove@7
                      ; - java.lang.ThreadLocal::remove@4
                      ; - org.gradle.api.internal.DefaultMutationGuard::removeThreadLocalStateIfMutationAllowed@8 (line 97)
                      ; - org.gradle.api.internal.DefaultMutationGuard::setMutationGuardState@6 (line 76)
                      ; - org.gradle.api.internal.DefaultMutationGuard::access$100@2 (line 24)
                      ; - org.gradle.api.internal.DefaultMutationGuard$1::execute@61 (line 68)
  0x0000019146d980f4: 08c5 edfe 

  0x0000019146d980f8: ;   {other}
  0x0000019146d980f8: 0f1f 8400 | e817 0037 | baf4 ffff | ff48 8b6c | 2428 4489 | 5424 2089 | 7424 2444 | 895c 2428 
  0x0000019146d98118: 4c89 4424 | 3044 894c 

  0x0000019146d98120: ;   {runtime_call UncommonTrapBlob}
  0x0000019146d98120: 242c 90e8 

  0x0000019146d98124: ; ImmutableOopMap {rbp=Oop [32]=NarrowOop [36]=NarrowOop [48]=Oop }
                      ;*checkcast {reexecute=0 rethrow=0 return_oop=0}
                      ; - java.lang.ThreadLocal$ThreadLocalMap::expungeStaleEntry@51
                      ; - java.lang.ThreadLocal$ThreadLocalMap::remove@46
                      ; - java.lang.ThreadLocal::remove@12
                      ; - java.lang.ThreadLocal::remove@4
                      ; - org.gradle.api.internal.DefaultMutationGuard::removeThreadLocalStateIfMutationAllowed@8 (line 97)
                      ; - org.gradle.api.internal.DefaultMutationGuard::setMutationGuardState@6 (line 76)
                      ; - org.gradle.api.internal.DefaultMutationGuard::access$100@2 (line 24)
                      ; - org.gradle.api.internal.DefaultMutationGuard$1::execute@61 (line 68)
  0x0000019146d98124: d8c4 edfe 

  0x0000019146d98128: ;   {other}
  0x0000019146d98128: 0f1f 8400 | 1818 0038 | e926 0100 | 004c 8944 | 2438 4489 | 5c24 2044 | 8bee 418b | f141 8bea 
  0x0000019146d98148: 498b d749 | ba80 d144 | a3ff 7f00 | 0041 ffd2 

  0x0000019146d98158: ;   {other}
  0x0000019146d98158: 0f1f 8400 | 0000 0000 | 448b d544 | 8bce 418b | f544 8b5c | 2420 4c8b | 4424 38e9 | 1503 0000 
  0x0000019146d98178: 4c89 4424 | 3844 895c | 2420 448b | ee41 8bd9 | 418b f249 | 8bd7 49ba | 80d1 44a3 | ff7f 0000 
  0x0000019146d98198: ;   {other}
  0x0000019146d98198: 41ff d20f | 1f84 0000 | 0000 0044 | 8bd6 448b | cb41 8bf5 | 448b 5c24 | 204c 8b44 | 2438 e97b 
  0x0000019146d981b8: 0200 004c | 8944 2438 | 4489 5c24 | 2045 8be9 | 418b da49 | 8bd7 49ba | 80d1 44a3 | ff7f 0000 
  0x0000019146d981d8: ;   {other}
  0x0000019146d981d8: 41ff d20f | 1f84 0000 | 0000 0044 | 8bd3 458b | cd44 8b5c | 2420 4c8b | 4424 38e9 | ee01 0000 
  0x0000019146d981f8: 458b eb44 | 8bf6 8bf0 | 498b d749 | ba80 d144 | a3ff 7f00 | 0041 ffd2 

  0x0000019146d98210: ;   {other}
  0x0000019146d98210: 0f1f 8400 | 0000 0000 | 448b d58b | c641 8bf6 | 458b dde9 | 6101 0000 | 458b eb44 | 8bf6 8bf0 
  0x0000019146d98230: 418b ea49 | 8bd7 49ba | 80d1 44a3 | ff7f 0000 

  0x0000019146d98240: ;   {other}
  0x0000019146d98240: 41ff d20f | 1f84 0000 | 0000 0044 | 8bd5 8bc6 | 418b f645 | 8bdd e939 | 0100 0048 | 8bd0 e9f3 
  0x0000019146d98260: 0200 00eb | 09eb 07e9 | e202 0000 | eb00 488b | d0e9 e002 | 0000 e9d8 | 0200 0045 | 33c9 6690 
  0x0000019146d98280: 443b c90f | 8341 0400 | 0047 8b5c | 8810 498b | af58 0400 

  0x0000019146d98294: ; ImmutableOopMap {r11=NarrowOop r8=Oop rbx=NarrowOop rdi=NarrowOop rsi=Oop rax=Oop [40]=Oop }
                      ;*goto {reexecute=1 rethrow=0 return_oop=0}
                      ; - (reexecute) java.lang.ThreadLocal$ThreadLocalMap::remove@64
                      ; - java.lang.ThreadLocal::remove@12
                      ; - java.lang.ThreadLocal::remove@4
                      ; - org.gradle.api.internal.DefaultMutationGuard::removeThreadLocalStateIfMutationAllowed@8 (line 97)
                      ; - org.gradle.api.internal.DefaultMutationGuard::setMutationGuardState@6 (line 76)
                      ; - org.gradle.api.internal.DefaultMutationGuard::access$100@2 (line 24)
                      ; - org.gradle.api.internal.DefaultMutationGuard$1::execute@61 (line 68)
                      ;   {poll}
  0x0000019146d98294: 0085 4500 | 4585 db0f | 84a6 0200 | 004b 8d14 | dc45 8bd9 | eb74 4889 | 4424 284c | 8b54 2420 
  0x0000019146d982b4: 458b 5a14 

  0x0000019146d982b8: ; implicit exception: dispatches to 0x0000019146d98088
  0x0000019146d982b8: 478b 54dc | 0c44 8b44 | 2430 4585 | c00f 84ae | 0200 0047 | 8b44 d408 

  0x0000019146d982d0: ;   {metadata('java/lang/ThreadLocal$SuppliedThreadLocal')}
  0x0000019146d982d0: 4181 f8d0 | b627 000f | 858b 0400 | 004c 8b5c | 2468 418b | 7b4c 418b | 5cfc 1441 | 8b4c dc0c 
  0x0000019146d982f0: 448d 59ff | 4b8d 04d4 | 4423 580c | 85c9 0f86 | 8004 0000 | 4d8d 04dc | 478b 5498 | 1045 85d2 
  0x0000019146d98310: 0f84 3102 | 0000 4b8d | 14d4 498d | 34fc 448b | 520c 458d | 4b01 49c1 | e203 4c3b | d00f 8530 
  0x0000019146d98330: 0200 0044 | 894c 2424 | 4889 7424 | 3044 895c | 2420 8bef 

  0x0000019146d98344: ;   {optimized virtual_call}
  0x0000019146d98344: 6666 90e8 

  0x0000019146d98348: ; ImmutableOopMap {rbp=NarrowOop [40]=Oop [48]=Oop }
                      ;*invokevirtual clear0 {reexecute=0 rethrow=0 return_oop=0}
                      ; - java.lang.ref.Reference::clear@1
                      ; - java.lang.ThreadLocal$ThreadLocalMap::remove@40
                      ; - java.lang.ThreadLocal::remove@12
                      ; - java.lang.ThreadLocal::remove@4
                      ; - org.gradle.api.internal.DefaultMutationGuard::removeThreadLocalStateIfMutationAllowed@8 (line 97)
                      ; - org.gradle.api.internal.DefaultMutationGuard::setMutationGuardState@6 (line 76)
                      ; - org.gradle.api.internal.DefaultMutationGuard::access$100@2 (line 24)
                      ; - org.gradle.api.internal.DefaultMutationGuard$1::execute@61 (line 68)
  0x0000019146d98348: 3467 edfe 

  0x0000019146d9834c: ;   {other}
  0x0000019146d9834c: 0f1f 8400 | 3c1a 003a | 448b d543 | 8b74 d414 

  0x0000019146d9835c: ; implicit exception: dispatches to 0x0000019146d980cc
  0x0000019146d9835c: 458b 5cf4 | 0c8b 4424 | 2041 3bc3 | 0f83 8a03 | 0000 498d | 3cf4 8b5c | 8710 85db | 0f84 a603 
  0x0000019146d9837c: 0000 4180 | 7f40 000f | 8565 0200 | 0041 807f | 4000 0f85 | 2202 0000 | 448b 4c24 | 2445 3bcb 
  0x0000019146d9839c: 0f8d cf01 | 0000 4489 | 6487 1045 | 8964 dc1c | 438b 4cd4 | 0cff c943 | 894c d40c | 453b cb0f 
  0x0000019146d983bc: 837b 0300 | 0046 8b44 | 8f10 4585 | c00f 8478 | 0100 0049 | c1e0 0345 | 8d73 ff41 | 8b68 0c41 
  0x0000019146d983dc: 807f 4000 | 0f85 4002 | 0000 418b | 5cec 0848 | b900 0000 | 0008 0000 | 0048 03cb | 488b 4938 
  0x0000019146d983fc: ;   {metadata('java/lang/ThreadLocal')}
  0x0000019146d983fc: 48bb 902b | 0800 0800 | 0000 483b | cb0f 85d1 | 0300 0049 | 8d0c ec41 | 8bee 2369 | 0c41 3be9 
  0x0000019146d9841c: 0f84 f300 | 0000 453b | cb0f 83fd | 0300 0041 | 807f 4000 | 0f85 2902 | 0000 4689 | 648f 1045 
  0x0000019146d9843c: 85db 0f86 | 4c04 0000 | 443b 64af | 1074 290f | 1f44 0000 | ffc5 413b | eb0f 8dfd | 0100 0049 
  0x0000019146d9845c: 8b9f 5804 

  0x0000019146d98460: ; ImmutableOopMap {r10=NarrowOop r8=Oop rdi=Oop rsi=NarrowOop [40]=Oop [48]=Oop }
                      ;*goto {reexecute=1 rethrow=0 return_oop=0}
                      ; - (reexecute) java.lang.ThreadLocal$ThreadLocalMap::expungeStaleEntry@123
                      ; - java.lang.ThreadLocal$ThreadLocalMap::remove@46
                      ; - java.lang.ThreadLocal::remove@12
                      ; - java.lang.ThreadLocal::remove@4
                      ; - org.gradle.api.internal.DefaultMutationGuard::removeThreadLocalStateIfMutationAllowed@8 (line 97)
                      ; - org.gradle.api.internal.DefaultMutationGuard::setMutationGuardState@6 (line 76)
                      ; - org.gradle.api.internal.DefaultMutationGuard::access$100@2 (line 24)
                      ; - org.gradle.api.internal.DefaultMutationGuard$1::execute@61 (line 68)
                      ;   {poll}
  0x0000019146d98460: 0000 8503 | 413b eb0f | 8387 0300 | 0044 3b64 | af10 75dc | 413b eb0f | 83df 0300 | 0048 8d5c 
  0x0000019146d98480: af10 4180 | 7f40 000f | 8509 0200 | 0048 8bd3 | 498b c848 | c1e9 0389 | 0b4c 33c2 | 49c1 e816 
  0x0000019146d984a0: 4d85 c074 | 7048 c1ea | 0948 b900 | 0066 5491 | 0100 0048 | 03ca 8039 | 0274 5a4d | 8b47 4849 
  0x0000019146d984c0: 8b5f 58f0 | 8344 24c0 | 0080 3900 | 7447 4488 | 214d 85c0 | 7532 418b | eb44 8bee | 418b d941 
  0x0000019146d984e0: 8bf2 498b | d749 ba60 | d144 a3ff | 7f00 0041 

  0x0000019146d984f0: ;   {other}
  0x0000019146d984f0: ffd2 0f1f | 8400 0000 | 0000 448b | d644 8bcb | 418b f544 | 8bdd eb0d | 4a89 4c03 | f849 83c0 
  0x0000019146d98510: f84d 8947 | 4841 ffc1 | 453b cb0f | 8d8d 0000 | 004d 8b87 

  0x0000019146d98524: ; ImmutableOopMap {r10=NarrowOop rdi=Oop rsi=NarrowOop [40]=Oop [48]=Oop }
                      ;*goto {reexecute=1 rethrow=0 return_oop=0}
                      ; - (reexecute) java.lang.ThreadLocal$ThreadLocalMap::expungeStaleEntry@140
                      ; - java.lang.ThreadLocal$ThreadLocalMap::remove@46
                      ; - java.lang.ThreadLocal::remove@12
                      ; - java.lang.ThreadLocal::remove@4
                      ; - org.gradle.api.internal.DefaultMutationGuard::removeThreadLocalStateIfMutationAllowed@8 (line 97)
                      ; - org.gradle.api.internal.DefaultMutationGuard::setMutationGuardState@6 (line 76)
                      ; - org.gradle.api.internal.DefaultMutationGuard::access$100@2 (line 24)
                      ; - org.gradle.api.internal.DefaultMutationGuard$1::execute@61 (line 68)
  0x0000019146d98524: 5804 0000 

  0x0000019146d98528: ;   {poll}
  0x0000019146d98528: 4185 0045 | 3bcb 0f83 | 8002 0000 | 468b 448f | 1045 85c0 | 7409 49c1 | e003 e990 | feff ff48 
  0x0000019146d98548: 8b54 2428 | eb08 488b | d0eb 0348 | 8bd0 4881 | c490 0000 

  0x0000019146d9855c: ;   {runtime_call _rethrow_Java}
  0x0000019146d9855c: 005d e99d | fef9 fe44 | 3bc9 0f8d | 0ffd ffff | e90f fdff | ff45 33c9 | e929 feff | ff47 8b44 
  0x0000019146d9857c: ;   {metadata('java/lang/ThreadLocal$SuppliedThreadLocal')}
  0x0000019146d9857c: d408 4181 | f8d0 b627 | 000f 8539 | 0300 004b 

  0x0000019146d9858c: ;   {oop(a 'java/lang/Boolean'{0x00000007ffc10d50} = false)}
  0x0000019146d9858c: 8d14 d449 | b850 0dc1 | ff07 0000 | 0048 8be8 

  0x0000019146d9859c: ;   {optimized virtual_call}
  0x0000019146d9859c: 6666 90e8 

  0x0000019146d985a0: ; ImmutableOopMap {rbp=Oop [40]=Oop }
                      ;*invokevirtual set {reexecute=0 rethrow=0 return_oop=0}
                      ; - org.gradle.api.internal.DefaultMutationGuard::setMutationGuardState@20 (line 78)
                      ; - org.gradle.api.internal.DefaultMutationGuard::access$100@2 (line 24)
                      ; - org.gradle.api.internal.DefaultMutationGuard$1::execute@61 (line 68)
  0x0000019146d985a0: dc64 edfe 

  0x0000019146d985a4: ;   {other}
  0x0000019146d985a4: 0f1f 8400 | 941c 003d | eb99 4533 | c9e9 6bff | ffff 448b | 4487 1045 | 85c0 0f84 | d0fd ffff 
  0x0000019146d985c4: 4d8b 4f28 | 498b c848 | c1e1 034d | 85c9 0f84 | 50fc ffff | 4d8b 4738 | 4b89 4c08 | f849 83c1 
  0x0000019146d985e4: f84d 894f | 28e9 a6fd | ffff 458b | 44dc 1c45 | 85c0 0f84 | 8dfd ffff | 4d8b 4f28 | 498b c848 
  0x0000019146d98604: c1e1 034d | 85c9 0f84 | e8fb ffff | 4d8b 4738 | 4b89 4c08 | f849 83c1 | f84d 894f | 28e9 63fd 
  0x0000019146d98624: ffff 85ed | 0f84 b8fd | ffff 498b | 5f28 488b | cd48 c1e1 | 0348 85db | 0f84 79fb | ffff 498b 
  0x0000019146d98644: 5738 4889 | 4c1a f848 | 83c3 f849 | 895f 28e9 | 8efd ffff | 33ed e9fc | fdff ff42 | 8b5c 8f10 
  0x0000019146d98664: 85db 0f84 | cafd ffff | 498b 5728 | 488b cb48 | c1e1 0348 | 85d2 0f84 | f8fa ffff | 498b 5f38 
  0x0000019146d98684: 4889 4c13 | f848 83c2 | f849 8957 | 28e9 a0fd | ffff 8b13 | 85d2 0f84 | edfd ffff 

  0x0000019146d986a0: ;   {no_reloc}
  0x0000019146d986a0: 498b 4728 | 488b ca48 | c1e1 0348 | 85c0 0f84 | 81fa ffff | 498b 5738 | 4889 4c02 | f848 83c0 
  0x0000019146d986c0: f849 8947 | 28e9 c3fd | ffff bae4 | ffff ff48 | 8b6c 2428 | 897c 2420 | 4889 4424 | 2889 4c24 
  0x0000019146d986e0: 3089 5c24 | 3844 894c 

  0x0000019146d986e8: ;   {runtime_call UncommonTrapBlob}
  0x0000019146d986e8: 243c 90e8 

  0x0000019146d986ec: ; ImmutableOopMap {rbp=Oop [32]=NarrowOop [40]=Oop [56]=NarrowOop }
                      ;*aaload {reexecute=0 rethrow=0 return_oop=0}
                      ; - java.lang.ThreadLocal$ThreadLocalMap::remove@61
                      ; - java.lang.ThreadLocal::remove@12
                      ; - java.lang.ThreadLocal::remove@4
                      ; - org.gradle.api.internal.DefaultMutationGuard::removeThreadLocalStateIfMutationAllowed@8 (line 97)
                      ; - org.gradle.api.internal.DefaultMutationGuard::setMutationGuardState@6 (line 76)
                      ; - org.gradle.api.internal.DefaultMutationGuard::access$100@2 (line 24)
                      ; - org.gradle.api.internal.DefaultMutationGuard$1::execute@61 (line 68)
  0x0000019146d986ec: 10bf edfe 

  0x0000019146d986f0: ;   {other}
  0x0000019146d986f0: 0f1f 8400 | e01d 003e | bae4 ffff | ff48 8b6c | 2428 4489 | 5424 2044 | 895c 242c | 8974 2430 
  0x0000019146d98710: 8944 2434 

  0x0000019146d98714: ;   {runtime_call UncommonTrapBlob}
  0x0000019146d98714: 6666 90e8 

  0x0000019146d98718: ; ImmutableOopMap {rbp=Oop [32]=NarrowOop [48]=NarrowOop }
                      ;*aaload {reexecute=0 rethrow=0 return_oop=0}
                      ; - java.lang.ThreadLocal$ThreadLocalMap::expungeStaleEntry@10
                      ; - java.lang.ThreadLocal$ThreadLocalMap::remove@46
                      ; - java.lang.ThreadLocal::remove@12
                      ; - java.lang.ThreadLocal::remove@4
                      ; - org.gradle.api.internal.DefaultMutationGuard::removeThreadLocalStateIfMutationAllowed@8 (line 97)
                      ; - org.gradle.api.internal.DefaultMutationGuard::setMutationGuardState@6 (line 76)
                      ; - org.gradle.api.internal.DefaultMutationGuard::access$100@2 (line 24)
                      ; - org.gradle.api.internal.DefaultMutationGuard$1::execute@61 (line 68)
  0x0000019146d98718: e4be edfe 

  0x0000019146d9871c: ;   {other}
  0x0000019146d9871c: 0f1f 8400 | 0c1e 003f | baf6 ffff | ff48 8b6c 

  0x0000019146d9872c: ;   {runtime_call UncommonTrapBlob}
  0x0000019146d9872c: 2428 90e8 

  0x0000019146d98730: ; ImmutableOopMap {rbp=Oop }
                      ;*putfield value {reexecute=1 rethrow=0 return_oop=0}
                      ; - (reexecute) java.lang.ThreadLocal$ThreadLocalMap::expungeStaleEntry@12
                      ; - java.lang.ThreadLocal$ThreadLocalMap::remove@46
                      ; - java.lang.ThreadLocal::remove@12
                      ; - java.lang.ThreadLocal::remove@4
                      ; - org.gradle.api.internal.DefaultMutationGuard::removeThreadLocalStateIfMutationAllowed@8 (line 97)
                      ; - org.gradle.api.internal.DefaultMutationGuard::setMutationGuardState@6 (line 76)
                      ; - org.gradle.api.internal.DefaultMutationGuard::access$100@2 (line 24)
                      ; - org.gradle.api.internal.DefaultMutationGuard$1::execute@61 (line 68)
  0x0000019146d98730: ccbe edfe 

  0x0000019146d98734: ;   {other}
  0x0000019146d98734: 0f1f 8400 | 241e 0040 | bae4 ffff | ff48 8b6c | 2428 4489 | 5424 2044 | 895c 2428 | 8974 2430 
  0x0000019146d98754: 4489 4c24 

  0x0000019146d98758: ;   {runtime_call UncommonTrapBlob}
  0x0000019146d98758: 3466 90e8 

  0x0000019146d9875c: ; ImmutableOopMap {rbp=Oop [32]=NarrowOop [48]=NarrowOop }
                      ;*aaload {reexecute=0 rethrow=0 return_oop=0}
                      ; - java.lang.ThreadLocal$ThreadLocalMap::expungeStaleEntry@39
                      ; - java.lang.ThreadLocal$ThreadLocalMap::remove@46
                      ; - java.lang.ThreadLocal::remove@12
                      ; - java.lang.ThreadLocal::remove@4
                      ; - org.gradle.api.internal.DefaultMutationGuard::removeThreadLocalStateIfMutationAllowed@8 (line 97)
                      ; - org.gradle.api.internal.DefaultMutationGuard::setMutationGuardState@6 (line 76)
                      ; - org.gradle.api.internal.DefaultMutationGuard::access$100@2 (line 24)
                      ; - org.gradle.api.internal.DefaultMutationGuard$1::execute@61 (line 68)
  0x0000019146d9875c: a0be edfe 

  0x0000019146d98760: ;   {other}
  0x0000019146d98760: 0f1f 8400 | 501e 0041 | bade ffff | ff48 8be8 | 4489 5424 

  0x0000019146d98774: ;   {runtime_call UncommonTrapBlob}
  0x0000019146d98774: 2066 90e8 

  0x0000019146d98778: ; ImmutableOopMap {rbp=Oop [32]=NarrowOop }
                      ;*invokevirtual remove {reexecute=0 rethrow=0 return_oop=0}
                      ; - org.gradle.api.internal.DefaultMutationGuard::removeThreadLocalStateIfMutationAllowed@8 (line 97)
                      ; - org.gradle.api.internal.DefaultMutationGuard::setMutationGuardState@6 (line 76)
                      ; - org.gradle.api.internal.DefaultMutationGuard::access$100@2 (line 24)
                      ; - org.gradle.api.internal.DefaultMutationGuard$1::execute@61 (line 68)
  0x0000019146d98778: 84be edfe 

  0x0000019146d9877c: ;   {other}
  0x0000019146d9877c: 0f1f 8400 | 6c1e 0042 | bae4 ffff | ff48 8b6c | 2428 897c | 2420 4889 | 4424 2889 | 4c24 3089 
  0x0000019146d9879c: 5c24 3844 | 895c 243c 

  0x0000019146d987a4: ;   {runtime_call UncommonTrapBlob}
  0x0000019146d987a4: 6666 90e8 

  0x0000019146d987a8: ; ImmutableOopMap {rbp=Oop [32]=NarrowOop [40]=Oop [56]=NarrowOop }
                      ;*aaload {reexecute=0 rethrow=0 return_oop=0}
                      ; - java.lang.ThreadLocal$ThreadLocalMap::remove@21
                      ; - java.lang.ThreadLocal::remove@12
                      ; - java.lang.ThreadLocal::remove@4
                      ; - org.gradle.api.internal.DefaultMutationGuard::removeThreadLocalStateIfMutationAllowed@8 (line 97)
                      ; - org.gradle.api.internal.DefaultMutationGuard::setMutationGuardState@6 (line 76)
                      ; - org.gradle.api.internal.DefaultMutationGuard::access$100@2 (line 24)
                      ; - org.gradle.api.internal.DefaultMutationGuard$1::execute@61 (line 68)
  0x0000019146d987a8: 54be edfe 

  0x0000019146d987ac: ;   {other}
  0x0000019146d987ac: 0f1f 8400 | 9c1e 0043 | bae4 ffff | ff48 8b6c | 2428 4489 | 5424 2044 | 895c 2428 | 8974 2430 
  0x0000019146d987cc: 4489 4c24 

  0x0000019146d987d0: ;   {runtime_call UncommonTrapBlob}
  0x0000019146d987d0: 3466 90e8 

  0x0000019146d987d4: ; ImmutableOopMap {rbp=Oop [32]=NarrowOop [48]=NarrowOop }
                      ;*aaload {reexecute=0 rethrow=0 return_oop=0}
                      ; - java.lang.ThreadLocal$ThreadLocalMap::expungeStaleEntry@39
                      ; - java.lang.ThreadLocal$ThreadLocalMap::remove@46
                      ; - java.lang.ThreadLocal::remove@12
                      ; - java.lang.ThreadLocal::remove@4
                      ; - org.gradle.api.internal.DefaultMutationGuard::removeThreadLocalStateIfMutationAllowed@8 (line 97)
                      ; - org.gradle.api.internal.DefaultMutationGuard::setMutationGuardState@6 (line 76)
                      ; - org.gradle.api.internal.DefaultMutationGuard::access$100@2 (line 24)
                      ; - org.gradle.api.internal.DefaultMutationGuard$1::execute@61 (line 68)
  0x0000019146d987d4: 28be edfe 

  0x0000019146d987d8: ;   {other}
  0x0000019146d987d8: 0f1f 8400 | c81e 0044 | bade ffff 

  0x0000019146d987e4: ;   {runtime_call UncommonTrapBlob}
  0x0000019146d987e4: ff66 90e8 

  0x0000019146d987e8: ; ImmutableOopMap {rbp=NarrowOop [40]=Oop }
                      ;*checkcast {reexecute=0 rethrow=0 return_oop=0}
                      ; - java.lang.ThreadLocal$ThreadLocalMap::expungeStaleEntry@51
                      ; - java.lang.ThreadLocal$ThreadLocalMap::remove@46
                      ; - java.lang.ThreadLocal::remove@12
                      ; - java.lang.ThreadLocal::remove@4
                      ; - org.gradle.api.internal.DefaultMutationGuard::removeThreadLocalStateIfMutationAllowed@8 (line 97)
                      ; - org.gradle.api.internal.DefaultMutationGuard::setMutationGuardState@6 (line 76)
                      ; - org.gradle.api.internal.DefaultMutationGuard::access$100@2 (line 24)
                      ; - org.gradle.api.internal.DefaultMutationGuard$1::execute@61 (line 68)
  0x0000019146d987e8: 14be edfe 

  0x0000019146d987ec: ;   {other}
  0x0000019146d987ec: 0f1f 8400 | dc1e 0045 | bae4 ffff | ff48 8b4c | 2428 4889 | 4c24 2044 | 8954 2428 | 4489 5c24 
  0x0000019146d9880c: 304c 8944 | 2438 4489 | 4c24 3489 

  0x0000019146d98818: ;   {runtime_call UncommonTrapBlob}
  0x0000019146d98818: 7424 40e8 

  0x0000019146d9881c: ; ImmutableOopMap {[32]=Oop [40]=NarrowOop [56]=Oop [64]=NarrowOop }
                      ;*aaload {reexecute=0 rethrow=0 return_oop=0}
                      ; - java.lang.ThreadLocal$ThreadLocalMap::expungeStaleEntry@111
                      ; - java.lang.ThreadLocal$ThreadLocalMap::remove@46
                      ; - java.lang.ThreadLocal::remove@12
                      ; - java.lang.ThreadLocal::remove@4
                      ; - org.gradle.api.internal.DefaultMutationGuard::removeThreadLocalStateIfMutationAllowed@8 (line 97)
                      ; - org.gradle.api.internal.DefaultMutationGuard::setMutationGuardState@6 (line 76)
                      ; - org.gradle.api.internal.DefaultMutationGuard::access$100@2 (line 24)
                      ; - org.gradle.api.internal.DefaultMutationGuard$1::execute@61 (line 68)
  0x0000019146d9881c: e0bd edfe 

  0x0000019146d98820: ;   {other}
  0x0000019146d98820: 0f1f 8400 | 101f 0046 | bae4 ffff | ff48 8b4c | 2428 4889 | 4c24 2044 | 8954 2428 | 4489 5c24 
  0x0000019146d98840: 304c 8944 | 2438 8974 | 2440 4489 

  0x0000019146d9884c: ;   {runtime_call UncommonTrapBlob}
  0x0000019146d9884c: 4c24 44e8 

  0x0000019146d98850: ; ImmutableOopMap {[32]=Oop [40]=NarrowOop [56]=Oop [64]=NarrowOop }
                      ;*aastore {reexecute=1 rethrow=0 return_oop=0}
                      ; - (reexecute) java.lang.ThreadLocal$ThreadLocalMap::expungeStaleEntry@107
                      ; - java.lang.ThreadLocal$ThreadLocalMap::remove@46
                      ; - java.lang.ThreadLocal::remove@12
                      ; - java.lang.ThreadLocal::remove@4
                      ; - org.gradle.api.internal.DefaultMutationGuard::removeThreadLocalStateIfMutationAllowed@8 (line 97)
                      ; - org.gradle.api.internal.DefaultMutationGuard::setMutationGuardState@6 (line 76)
                      ; - org.gradle.api.internal.DefaultMutationGuard::access$100@2 (line 24)
                      ; - org.gradle.api.internal.DefaultMutationGuard$1::execute@61 (line 68)
  0x0000019146d98850: acbd edfe 

  0x0000019146d98854: ;   {other}
  0x0000019146d98854: 0f1f 8400 | 441f 0047 | bae4 ffff | ff48 8b4c | 2428 4889 | 4c24 2044 | 8954 2428 | 4489 5c24 
  0x0000019146d98874: 3044 894c | 2434 8974 | 2438 4c89 

  0x0000019146d98880: ;   {runtime_call UncommonTrapBlob}
  0x0000019146d98880: 4424 40e8 

  0x0000019146d98884: ; ImmutableOopMap {[32]=Oop [40]=NarrowOop [56]=NarrowOop [64]=Oop }
                      ;*aastore {reexecute=1 rethrow=0 return_oop=0}
                      ; - (reexecute) java.lang.ThreadLocal$ThreadLocalMap::expungeStaleEntry@131
                      ; - java.lang.ThreadLocal$ThreadLocalMap::remove@46
                      ; - java.lang.ThreadLocal::remove@12
                      ; - java.lang.ThreadLocal::remove@4
                      ; - org.gradle.api.internal.DefaultMutationGuard::removeThreadLocalStateIfMutationAllowed@8 (line 97)
                      ; - org.gradle.api.internal.DefaultMutationGuard::setMutationGuardState@6 (line 76)
                      ; - org.gradle.api.internal.DefaultMutationGuard::access$100@2 (line 24)
                      ; - org.gradle.api.internal.DefaultMutationGuard$1::execute@61 (line 68)
  0x0000019146d98884: 78bd edfe 

  0x0000019146d98888: ;   {other}
  0x0000019146d98888: 0f1f 8400 | 781f 0048 | bae4 ffff | ff48 8b4c | 2428 4889 | 4c24 2044 | 8954 2428 | 4489 5c24 
  0x0000019146d988a8: 304c 8944 | 2438 4489 | 4c24 3489 

  0x0000019146d988b4: ;   {runtime_call UncommonTrapBlob}
  0x0000019146d988b4: 7424 40e8 

  0x0000019146d988b8: ; ImmutableOopMap {[32]=Oop [40]=NarrowOop [56]=Oop [64]=NarrowOop }
                      ;*aaload {reexecute=0 rethrow=0 return_oop=0}
                      ; - java.lang.ThreadLocal$ThreadLocalMap::expungeStaleEntry@111
                      ; - java.lang.ThreadLocal$ThreadLocalMap::remove@46
                      ; - java.lang.ThreadLocal::remove@12
                      ; - java.lang.ThreadLocal::remove@4
                      ; - org.gradle.api.internal.DefaultMutationGuard::removeThreadLocalStateIfMutationAllowed@8 (line 97)
                      ; - org.gradle.api.internal.DefaultMutationGuard::setMutationGuardState@6 (line 76)
                      ; - org.gradle.api.internal.DefaultMutationGuard::access$100@2 (line 24)
                      ; - org.gradle.api.internal.DefaultMutationGuard$1::execute@61 (line 68)
  0x0000019146d988b8: 44bd edfe 

  0x0000019146d988bc: ;   {other}
  0x0000019146d988bc: 0f1f 8400 | ac1f 0049 | bade ffff | ff48 8be8 | 4489 5424 

  0x0000019146d988d0: ;   {runtime_call UncommonTrapBlob}
  0x0000019146d988d0: 2066 90e8 

  0x0000019146d988d4: ; ImmutableOopMap {rbp=Oop [32]=NarrowOop }
                      ;*invokevirtual set {reexecute=0 rethrow=0 return_oop=0}
                      ; - org.gradle.api.internal.DefaultMutationGuard::setMutationGuardState@20 (line 78)
                      ; - org.gradle.api.internal.DefaultMutationGuard::access$100@2 (line 24)
                      ; - org.gradle.api.internal.DefaultMutationGuard$1::execute@61 (line 68)
  0x0000019146d988d4: 28bd edfe 

  0x0000019146d988d8: ;   {other}
  0x0000019146d988d8: 0f1f 8400 | c81f 004a | baf6 ffff | ff48 8be8 

  0x0000019146d988e8: ;   {runtime_call UncommonTrapBlob}
  0x0000019146d988e8: 6666 90e8 

  0x0000019146d988ec: ; ImmutableOopMap {rbp=Oop }
                      ;*invokevirtual set {reexecute=0 rethrow=0 return_oop=0}
                      ; - org.gradle.api.internal.DefaultMutationGuard::setMutationGuardState@20 (line 78)
                      ; - org.gradle.api.internal.DefaultMutationGuard::access$100@2 (line 24)
                      ; - org.gradle.api.internal.DefaultMutationGuard$1::execute@61 (line 68)
  0x0000019146d988ec: 10bd edfe 

  0x0000019146d988f0: ;   {other}
  0x0000019146d988f0: 0f1f 8400 | e01f 004b 

  0x0000019146d988f8: ;   {internal_word}
  0x0000019146d988f8: 49ba a973 | d946 9101 | 0000 4d89 | 9768 0400 

  0x0000019146d98908: ;   {runtime_call SafepointBlob}
  0x0000019146d98908: 00e9 f2cd 

  0x0000019146d9890c: ;   {runtime_call StubRoutines (final stubs)}
  0x0000019146d9890c: edfe e84d | 12ec fee9 | 86e3 ffff 
[Stub Code]
  0x0000019146d98918: ;   {no_reloc}
  0x0000019146d98918: 48bb 0000 | 0000 0000 

  0x0000019146d98920: ;   {runtime_call}
  0x0000019146d98920: 0000 e9fb 

  0x0000019146d98924: ;   {static_stub}
  0x0000019146d98924: ffff ff48 | bb00 0000 | 0000 0000 

  0x0000019146d98930: ;   {runtime_call}
  0x0000019146d98930: 00e9 fbff 

  0x0000019146d98934: ;   {static_stub}
  0x0000019146d98934: ffff 48bb | 0000 0000 | 0000 0000 

  0x0000019146d98940: ;   {runtime_call}
  0x0000019146d98940: e9fb ffff 

  0x0000019146d98944: ;   {static_stub}
  0x0000019146d98944: ff48 bb00 | 0000 0000 

  0x0000019146d9894c: ;   {runtime_call}
  0x0000019146d9894c: 0000 00e9 | fbff ffff 

  0x0000019146d98954: ;   {static_stub}
  0x0000019146d98954: 48bb 0000 | 0000 0000 

  0x0000019146d9895c: ;   {runtime_call}
  0x0000019146d9895c: 0000 e9fb 

  0x0000019146d98960: ;   {static_stub}
  0x0000019146d98960: ffff ff48 | bb00 0000 | 0000 0000 

  0x0000019146d9896c: ;   {runtime_call}
  0x0000019146d9896c: 00e9 fbff 

  0x0000019146d98970: ;   {static_stub}
  0x0000019146d98970: ffff 48bb | 0000 0000 | 0000 0000 

  0x0000019146d9897c: ;   {runtime_call}
  0x0000019146d9897c: e9fb ffff 

  0x0000019146d98980: ;   {static_stub}
  0x0000019146d98980: ff48 bb00 | 0000 0000 

  0x0000019146d98988: ;   {runtime_call}
  0x0000019146d98988: 0000 00e9 | fbff ffff 
[Exception Handler]
  0x0000019146d98990: ;   {runtime_call ExceptionBlob}
  0x0000019146d98990: e96b 98f9 | fee8 0000 | 0000 4883 

  0x0000019146d9899c: ;   {runtime_call DeoptimizationBlob}
  0x0000019146d9899c: 2c24 05e9 | fcbf edfe | f4f4 f4f4 
[/MachCode]


Compiled method (c2)  846077 19800       4       org.gradle.internal.operations.DefaultBuildOperationRunner$1::execute (10 bytes)
 total in heap  [0x0000019146ce6310,0x0000019146ce8d28] = 10776
 relocation     [0x0000019146ce6470,0x0000019146ce6610] = 416
 main code      [0x0000019146ce6620,0x0000019146ce7f90] = 6512
 stub code      [0x0000019146ce7f90,0x0000019146ce8000] = 112
 oops           [0x0000019146ce8000,0x0000019146ce8018] = 24
 metadata       [0x0000019146ce8018,0x0000019146ce8120] = 264
 scopes data    [0x0000019146ce8120,0x0000019146ce8778] = 1624
 scopes pcs     [0x0000019146ce8778,0x0000019146ce8b08] = 912
 dependencies   [0x0000019146ce8b08,0x0000019146ce8b48] = 64
 handler table  [0x0000019146ce8b48,0x0000019146ce8c80] = 312
 nul chk table  [0x0000019146ce8c80,0x0000019146ce8d28] = 168

[Constant Pool (empty)]

[MachCode]
[Entry Point]
  # {method} {0x00000191652af008} 'execute' '(Lorg/gradle/internal/operations/BuildOperation;Lorg/gradle/internal/operations/BuildOperationContext;)V' in 'org/gradle/internal/operations/DefaultBuildOperationRunner$1'
  # this:     rdx:rdx   = 'org/gradle/internal/operations/DefaultBuildOperationRunner$1'
  # parm0:    r8:r8     = 'org/gradle/internal/operations/BuildOperation'
  # parm1:    r9:r9     = 'org/gradle/internal/operations/BuildOperationContext'
  #           [sp+0xb0]  (sp of caller)
  0x0000019146ce6620: 448b 5208 | 49bb 0000 | 0000 0800 | 0000 4d03 | d349 3bc2 

  0x0000019146ce6634: ;   {runtime_call ic_miss_stub}
  0x0000019146ce6634: 0f85 4681 | f8fe 6690 | 0f1f 4000 
[Verified Entry Point]
  0x0000019146ce6640: 8984 2400 | 80ff ff55 | 4881 eca0 | 0000 0090 | 4181 7f20 | 1900 0000 | 0f85 2819 | 0000 4c8b 
  0x0000019146ce6660: d24c 894c | 2420 458b 

  0x0000019146ce6668: ;   {metadata('org/gradle/internal/operations/RunnableBuildOperation')}
  0x0000019146ce6668: 5808 48b8 | 0080 3a00 | 0800 0000 | 48be 0000 | 0000 0800 | 0000 4903 | f34c 8b56 | 204c 3bd0 
  0x0000019146ce6688: 0f85 0709 | 0000 498b | d044 8b5a 

  0x0000019146ce6694: ;   {metadata('org/gradle/api/internal/DefaultCollectionCallbackActionDecorator$BuildOperationEmittingAction$1')}
  0x0000019146ce6694: 0841 81fb | 28ec 8200 | 0f85 2a09 | 0000 448b | 5a14 478b | 44dc 1044 | 8b52 1044 | 8954 2430 
  0x0000019146ce66b4: ; implicit exception: dispatches to 0x0000019146ce7ccc
  0x0000019146ce66b4: 478b 54c4 

  0x0000019146ce66b8: ;   {metadata('org/gradle/internal/code/DefaultUserCodeApplicationContext$CurrentApplication$1')}
  0x0000019146ce66b8: 0841 81fa | c062 7700 | 0f85 4211 | 0000 4f8d | 14c4 4c89 | 5424 2845 | 8b5a 1047 | 8b54 dc14 
  0x0000019146ce66d8: ; implicit exception: dispatches to 0x0000019146ce7d04
  0x0000019146ce66d8: 438b 6cd4 | 0c45 8b5c 

  0x0000019146ce66e0: ;   {metadata('java/lang/ThreadLocal')}
  0x0000019146ce66e0: ec08 4181 | fb90 2b08 | 000f 8535 | 1100 0049 | 8d1c ec4d | 8b97 8003 | 0000 4d8b | 1a45 8b43 
  0x0000019146ce6700: 4c45 85c0 | 0f84 b40e | 0000 438b | 6cc4 1441 | 8b4c ec0c | 448d 51ff | 4423 530c | 85c9 0f86 
  0x0000019146ce6720: 8811 0000 | 4d8d 0cec | 478b 4c91 | 1045 85c9 | 0f84 b708 | 0000 438b | 4ccc 0c4b | 8d3c cc4c 
  0x0000019146ce6740: 8bc9 49c1 | e103 4c3b | cb74 324c | 895c 2438 | 488b eb4b | 8d14 c44c | 8bc3 458b 

  0x0000019146ce675c: ;   {optimized virtual_call}
  0x0000019146ce675c: ca66 90e8 

  0x0000019146ce6760: ; ImmutableOopMap {rbp=Oop [32]=Oop [40]=Oop [48]=NarrowOop [56]=Oop }
                      ;*invokevirtual getEntryAfterMiss {reexecute=0 rethrow=0 return_oop=1}
                      ; - java.lang.ThreadLocal$ThreadLocalMap::getEntry@38
                      ; - java.lang.ThreadLocal::get@12
                      ; - java.lang.ThreadLocal::get@4
                      ; - org.gradle.internal.code.DefaultUserCodeApplicationContext$CurrentApplication$1::execute@10 (line 121)
                      ; - org.gradle.api.internal.DefaultCollectionCallbackActionDecorator$BuildOperationEmittingAction$1::run@11 (line 109)
                      ; - org.gradle.internal.operations.DefaultBuildOperationRunner$1::execute@2 (line 29)
                      ; - org.gradle.internal.operations.DefaultBuildOperationRunner$1::execute@6 (line 26)
  0x0000019146ce6760: 1c83 f8fe 

  0x0000019146ce6764: ;   {other}
  0x0000019146ce6764: 0f1f 8400 | 5404 0000 | 4885 c00f | 847f 0800 | 0048 8bf8 | 4c8b 5c24 | 3844 8b57 | 1c49 c1e2 
  0x0000019146ce6784: 034d 85d2 | 0f84 7709 | 0000 458b 

  0x0000019146ce6790: ;   {metadata('org/gradle/internal/code/DefaultUserCodeApplicationContext$CurrentApplication')}
  0x0000019146ce6790: 4208 4181 | f800 346c | 000f 85cc | 1400 004c | 8954 2438 | 4c8b 5424 | 2841 8b42 | 1045 8b44 
  0x0000019146ce67b0: c414 478b | 54c4 0c47 | 8b44 d408 

  0x0000019146ce67bc: ;   {metadata('java/lang/ThreadLocal')}
  0x0000019146ce67bc: 4181 f890 | 2b08 000f | 856f 1000 | 0045 8b4b | 4c44 894c | 247c 488b | d048 c1e2 | 034f 8d04 
  0x0000019146ce67dc: d445 85c9 | 0f84 af08 | 0000 478b | 54cc 14c4 | c179 6eca 

  0x0000019146ce67f0: ; implicit exception: dispatches to 0x0000019146ce7e44
  0x0000019146ce67f0: 478b 54d4 | 0c41 8d5a | ff41 2358 | 0c45 85d2 | 0f86 ce10 | 0000 4c89 | 9c24 8800 | 0000 c4c1 
  0x0000019146ce6810: 797e c94b | 8d2c cc44 | 8b5c 9d10 | 8b7c 247c | 4d8d 34fc | 4585 db75 | 0e33 f648 | bf00 0066 
  0x0000019146ce6830: 5491 0100 | 00eb 634f | 8d2c dc33 | f648 bf00 | 0066 5491 | 0100 00eb | 0b0f 1f80 | 0000 0000 
  0x0000019146ce6850: 4f8d 2cdc | 458b 5d0c | 49c1 e303 | 4d3b d80f | 8408 0600 | 0045 8b5d | 0c45 85db | 0f84 5211 
  0x0000019146ce6870: 0000 ffc3 | 413b da0f | 8db2 0700 | 0041 3bda | 0f83 fe0e | 0000 448b | 5c9d 104d | 8b8f 5804 
  0x0000019146ce6890: ; ImmutableOopMap {r11=NarrowOop r8=Oop rdx=Oop rax=NarrowOop rbp=Oop r14=Oop xmm1=NarrowOop [32]=Oop [40]=Oop [48]=NarrowOop [56]=Oop [124]=NarrowOop [136]=Oop }
                      ;*goto {reexecute=1 rethrow=0 return_oop=0}
                      ; - (reexecute) java.lang.ThreadLocal$ThreadLocalMap::set@79
                      ; - java.lang.ThreadLocal::set@13
                      ; - java.lang.ThreadLocal::set@5
                      ; - org.gradle.internal.code.DefaultUserCodeApplicationContext$CurrentApplication$1::execute@31 (line 122)
                      ; - org.gradle.api.internal.DefaultCollectionCallbackActionDecorator$BuildOperationEmittingAction$1::run@11 (line 109)
                      ; - org.gradle.internal.operations.DefaultBuildOperationRunner$1::execute@2 (line 29)
                      ; - org.gradle.internal.operations.DefaultBuildOperationRunner$1::execute@6 (line 26)
                      ;   {poll}
  0x0000019146ce6890: 0000 4185 | 0145 85db | 75b6 4d8b | 8fb8 0100 | 004d 8bd9 | 4983 c320 | 4d3b 9fc8 | 0100 000f 
  0x0000019146ce68b0: 8313 0d00 | 004d 899f | b801 0000 | 410f 0d8b | c000 0000 | 49c7 0101 

  0x0000019146ce68c8: ;   {metadata('java/lang/ThreadLocal$ThreadLocalMap$Entry')}
  0x0000019146ce68c8: 0000 0041 | c741 0858 | 3a08 0045 | 8961 0c4d | 8961 104d | 8961 184d | 8bd8 49c1 | eb03 4589 
  0x0000019146ce68e8: 590c 4180 | 7f40 000f | 85dd 0800 

  0x0000019146ce68f4: ;   {oop(a 'java/lang/ref/ReferenceQueue$Null'{0x00000007ffc01cf0})}
  0x0000019146ce68f4: 0041 c741 | 109e 03f8 

  0x0000019146ce68fc: ;   {oop(a 'java/lang/ref/ReferenceQueue$Null'{0x00000007ffc01cf0})}
  0x0000019146ce68fc: ff49 bbf0 | 1cc0 ff07 | 0000 004d | 8bc3 4d8b | d94d 33c3 | 49c1 e816 | 4d85 c074 | 1a49 c1eb 
  0x0000019146ce691c: 0948 b900 | 0066 5491 | 0100 0049 | 03cb 8039 | 020f 85b1 | 0900 00f0 | 8344 24c0 | 0041 807f 
  0x0000019146ce693c: 4000 0f85 | 5708 0000 | 4189 411c | 4c8b c24d | 8bd9 4d33 | c349 c1e8 | 164d 85c0 | 741a 49c1 
  0x0000019146ce695c: eb09 48b9 | 0000 6654 | 9101 0000 | 4903 cb80 | 3902 0f85 | 120a 0000 | 413b da0f | 83e3 0f00 
  0x0000019146ce697c: 0048 8d6c | 9d10 4180 | 7f40 000f | 857c 0800 | 004d 8bd1 | 49c1 ea03 | 4489 5500 | 4c8b d54d 
  0x0000019146ce699c: 8bd9 4d33 | da49 c1eb | 164d 85db | 741a 49c1 | ea09 48b9 | 0000 6654 | 9101 0000 | 4903 ca80 
  0x0000019146ce69bc: 3902 0f85 | 540a 0000 | 448b 5c24 | 7c47 8b44 | dc14 478b | 5cdc 0c41 | ffc3 448b | 4c24 7c47 
  0x0000019146ce69dc: 895c cc0c 

  0x0000019146ce69e0: ; implicit exception: dispatches to 0x0000019146ce7e88
  0x0000019146ce69e0: 478b 4cc4 | 0c4b 8d2c | c441 8bcb | 4533 ede9 | ac00 0000 | 4489 4c24 | 6c44 895c 

  0x0000019146ce69fc: ;   {no_reloc}
  0x0000019146ce69fc: 2468 4489 | 4424 544c | 8974 2460 | 4889 7c24 | 5889 7424 | 504c 8b54 | 2438 4c89 | 5424 484c 
  0x0000019146ce6a1c: 8b54 2428 | 4c89 5424 | 3844 8b54 | 2430 4489 | 5424 2849 | 8bd6 448b 

  0x0000019146ce6a34: ;   {optimized virtual_call}
  0x0000019146ce6a34: c366 90e8 

  0x0000019146ce6a38: ; ImmutableOopMap {rbp=Oop [32]=Oop [40]=NarrowOop [56]=Oop [72]=Oop [84]=NarrowOop [96]=Oop [124]=NarrowOop [136]=Oop }
                      ;*invokevirtual expungeStaleEntry {reexecute=0 rethrow=0 return_oop=0}
                      ; - java.lang.ThreadLocal$ThreadLocalMap::cleanSomeSlots@47
                      ; - java.lang.ThreadLocal$ThreadLocalMap::set@113
                      ; - java.lang.ThreadLocal::set@13
                      ; - java.lang.ThreadLocal::set@5
                      ; - org.gradle.internal.code.DefaultUserCodeApplicationContext$CurrentApplication$1::execute@31 (line 122)
                      ; - org.gradle.api.internal.DefaultCollectionCallbackActionDecorator$BuildOperationEmittingAction$1::run@11 (line 109)
                      ; - org.gradle.internal.operations.DefaultBuildOperationRunner$1::execute@2 (line 29)
                      ; - org.gradle.internal.operations.DefaultBuildOperationRunner$1::execute@6 (line 26)
  0x0000019146ce6a38: 4480 f8fe 

  0x0000019146ce6a3c: ;   {other}
  0x0000019146ce6a3c: 0f1f 8400 | 2c07 0002 | 8b4c 246c | 41bd 0100 | 0000 448b | 5c24 2844 | 895c 2430 | 4c8b 5424 
  0x0000019146ce6a5c: 384c 8954 | 2428 4c8b | 5424 484c | 8954 2438 | 8b74 2450 | 488b 7c24 | 588b d84c | 8b74 2460 
  0x0000019146ce6a7c: 448b 4424 | 5444 8b5c | 2468 448b | c90f 1f80 | 0000 0000 | 4d8b 9758 | 0400 00d1 

  0x0000019146ce6a98: ; ImmutableOopMap {r8=NarrowOop rbp=Oop r14=Oop [32]=Oop [40]=Oop [48]=NarrowOop [56]=Oop [124]=NarrowOop [136]=Oop }
                      ;*ifne {reexecute=1 rethrow=0 return_oop=0}
                      ; - (reexecute) java.lang.ThreadLocal$ThreadLocalMap::cleanSomeSlots@56
                      ; - java.lang.ThreadLocal$ThreadLocalMap::set@113
                      ; - java.lang.ThreadLocal::set@13
                      ; - java.lang.ThreadLocal::set@5
                      ; - org.gradle.internal.code.DefaultUserCodeApplicationContext$CurrentApplication$1::execute@31 (line 122)
                      ; - org.gradle.api.internal.DefaultCollectionCallbackActionDecorator$BuildOperationEmittingAction$1::run@11 (line 109)
                      ; - org.gradle.internal.operations.DefaultBuildOperationRunner$1::execute@2 (line 29)
                      ; - org.gradle.internal.operations.DefaultBuildOperationRunner$1::execute@6 (line 26)
                      ;   {poll}
  0x0000019146ce6a98: e941 8502 | 85c9 7439 | ffc3 413b | d90f 8d76 | 0500 0041 | 3bd9 0f83 | 4a0c 0000 | 448b 549d 
  0x0000019146ce6ab8: 1045 85d2 | 74d2 473b | 64d4 0c0f | 842b ffff | ffeb c50f | 1f44 0000 | 4f8d 34d4 | e9e4 0000 
  0x0000019146ce6ad8: 0045 85ed | 7513 448b | 5424 7c47 | 8b54 d410 | 453b da0f | 8d4c 0500 | 0089 7424 | 3448 897c 
  0x0000019146ce6af8: 2458 4c8b | 5424 2845 | 8b52 0c44 | 8b5c 2430 | 4d8b c349 | c1e0 0349 | 8bd2 48c1 | e203 6666 
  0x0000019146ce6b18: 9048 b830 | a6e9 1991 

  0x0000019146ce6b20: ;   {virtual_call}
  0x0000019146ce6b20: 0100 00e8 

  0x0000019146ce6b24: ; ImmutableOopMap {[32]=Oop [40]=Oop [56]=Oop [136]=Oop }
                      ;*invokeinterface execute {reexecute=0 rethrow=0 return_oop=0}
                      ; - org.gradle.internal.code.DefaultUserCodeApplicationContext$CurrentApplication$1::execute@39 (line 124)
                      ; - org.gradle.api.internal.DefaultCollectionCallbackActionDecorator$BuildOperationEmittingAction$1::run@11 (line 109)
                      ; - org.gradle.internal.operations.DefaultBuildOperationRunner$1::execute@2 (line 29)
                      ; - org.gradle.internal.operations.DefaultBuildOperationRunner$1::execute@6 (line 26)
  0x0000019146ce6b24: d839 05ff 

  0x0000019146ce6b28: ;   {other}
  0x0000019146ce6b28: 0f1f 8400 | 1808 0004 | 4c8b 5424 | 2845 8b5a | 1047 8b54 | dc14 478b | 44d4 0c47 | 8b5c c408 
  0x0000019146ce6b48: ;   {metadata('java/lang/ThreadLocal')}
  0x0000019146ce6b48: 4181 fb90 | 2b08 000f | 8523 0d00 | 004c 8b94 | 2488 0000 | 0045 8b5a | 4c44 895c | 2450 49c1 
  0x0000019146ce6b68: e003 4585 | db0f 846a | 0500 0047 | 8b5c dc14 | 4489 5c24 | 5443 8b7c | dc0c 8d5f | ff41 2358 
  0x0000019146ce6b88: 0c85 ff0f | 8693 0d00 | 004b 8d2c | dc44 8b5c | 9d10 488b | 7424 384c | 8bee 49c1 | ed03 4489 
  0x0000019146ce6ba8: 6c24 2c44 | 8b54 2450 | 4f8d 2cd4 | 4585 db74 | 4c4f 8d34 | dc45 8b56 | 0c49 c1e2 | 034d 3bd0 
  0x0000019146ce6bc8: 0f84 2c03 | 0000 458b | 560c 4585 | d20f 8439 | 0e00 00ff | c33b df0f | 8d51 0400 | 003b df0f 
  0x0000019146ce6be8: 83e7 0b00 | 0044 8b54 | 9d10 4d8b | 9f58 0400 

  0x0000019146ce6bf8: ; ImmutableOopMap {r10=NarrowOop r8=Oop rsi=Oop rbp=Oop r13=Oop [32]=Oop [44]=NarrowOop [80]=NarrowOop [84]=NarrowOop }
                      ;*goto {reexecute=1 rethrow=0 return_oop=0}
                      ; - (reexecute) java.lang.ThreadLocal$ThreadLocalMap::set@79
                      ; - java.lang.ThreadLocal::set@13
                      ; - java.lang.ThreadLocal::set@5
                      ; - org.gradle.internal.code.DefaultUserCodeApplicationContext$CurrentApplication$1::execute@55 (line 126)
                      ; - org.gradle.api.internal.DefaultCollectionCallbackActionDecorator$BuildOperationEmittingAction$1::run@11 (line 109)
                      ; - org.gradle.internal.operations.DefaultBuildOperationRunner$1::execute@2 (line 29)
                      ; - org.gradle.internal.operations.DefaultBuildOperationRunner$1::execute@6 (line 26)
                      ;   {poll}
  0x0000019146ce6bf8: 0041 8503 | 4585 d20f | 85cb feff | ff4d 8bb7 | b801 0000 | 4d8b d649 | 83c2 204d | 3b97 c801 
  0x0000019146ce6c18: 0000 0f83 | 640a 0000 | 4d89 97b8 | 0100 0041 | 0f0d 8ac0 | 0000 0049 | c706 0100 

  0x0000019146ce6c34: ;   {metadata('java/lang/ThreadLocal$ThreadLocalMap$Entry')}
  0x0000019146ce6c34: 0000 41c7 | 4608 583a | 0800 4589 | 660c 4d89 | 6610 4d89 | 6618 4d8b | d049 c1ea | 0345 8956 
  0x0000019146ce6c54: 0c41 807f | 4000 0f85 | 1706 0000 

  0x0000019146ce6c60: ;   {oop(a 'java/lang/ref/ReferenceQueue$Null'{0x00000007ffc01cf0})}
  0x0000019146ce6c60: 41c7 4610 | 9e03 f8ff 

  0x0000019146ce6c68: ;   {oop(a 'java/lang/ref/ReferenceQueue$Null'{0x00000007ffc01cf0})}
  0x0000019146ce6c68: 49ba f01c | c0ff 0700 | 0000 4d8b | de4d 33d3 | 49c1 ea16 | 4d85 d274 | 1a49 c1eb | 0948 b900 
  0x0000019146ce6c88: 0066 5491 | 0100 0049 | 03cb 8039 | 020f 85cb | 0700 00f0 | 8344 24c0 | 0041 807f | 4000 0f85 
  0x0000019146ce6ca8: 9405 0000 | 448b 5424 | 2c45 8956 | 1c4c 8bd6 | 4d8b de4d | 33d3 49c1 | ea16 4d85 | d274 1f48 
  0x0000019146ce6cc8: 85f6 741a | 49c1 eb09 | 48b9 0000 | 6654 9101 | 0000 4903 | cb80 3902 | 0f85 1c08 | 0000 3bdf 
  0x0000019146ce6ce8: 0f83 b60c | 0000 488d | 7c9d 1041 | 807f 4000 | 0f85 b005 | 0000 4c8b | d74d 8bde | 49c1 eb03 
  0x0000019146ce6d08: 4489 1f4d | 8bde 4d33 | da49 c1eb | 164d 85db | 741a 49c1 | ea09 48b9 | 0000 6654 | 9101 0000 
  0x0000019146ce6d28: 4903 ca80 | 3902 0f85 | 8007 0000 | 448b 5c24 | 5047 8b44 | dc14 478b | 54dc 0c41 | ffc2 4789 
  0x0000019146ce6d48: 54dc 0c43 | 8b4c c40c | 4b8d 2cc4 | 458b ca45 | 33db eb65 | 894c 243c | 4489 5424 

  0x0000019146ce6d64: ;   {no_reloc}
  0x0000019146ce6d64: 3844 8944 | 242c 4c89 | 6c24 3049 | 8bd5 448b 

  0x0000019146ce6d74: ;   {optimized virtual_call}
  0x0000019146ce6d74: c366 90e8 

  0x0000019146ce6d78: ; ImmutableOopMap {rbp=Oop [32]=Oop [44]=NarrowOop [48]=Oop [80]=NarrowOop }
                      ;*invokevirtual expungeStaleEntry {reexecute=0 rethrow=0 return_oop=0}
                      ; - java.lang.ThreadLocal$ThreadLocalMap::cleanSomeSlots@47
                      ; - java.lang.ThreadLocal$ThreadLocalMap::set@113
                      ; - java.lang.ThreadLocal::set@13
                      ; - java.lang.ThreadLocal::set@5
                      ; - org.gradle.internal.code.DefaultUserCodeApplicationContext$CurrentApplication$1::execute@55 (line 126)
                      ; - org.gradle.api.internal.DefaultCollectionCallbackActionDecorator$BuildOperationEmittingAction$1::run@11 (line 109)
                      ; - org.gradle.internal.operations.DefaultBuildOperationRunner$1::execute@2 (line 29)
                      ; - org.gradle.internal.operations.DefaultBuildOperationRunner$1::execute@6 (line 26)
  0x0000019146ce6d78: 047d f8fe 

  0x0000019146ce6d7c: ;   {other}
  0x0000019146ce6d7c: 0f1f 8400 | 6c0a 0006 | 448b 4c24 | 3c41 bb01 | 0000 008b | d848 8b7c | 2430 448b | 4424 2c44 
  0x0000019146ce6d9c: 8b54 2438 | 418b c94c | 8bef 6666 | 0f1f 8400 | 0000 0000 | 498b 9758 | 0400 0041 

  0x0000019146ce6db8: ; ImmutableOopMap {r8=NarrowOop rbp=Oop r13=Oop [32]=Oop [80]=NarrowOop }
                      ;*ifne {reexecute=1 rethrow=0 return_oop=0}
                      ; - (reexecute) java.lang.ThreadLocal$ThreadLocalMap::cleanSomeSlots@56
                      ; - java.lang.ThreadLocal$ThreadLocalMap::set@113
                      ; - java.lang.ThreadLocal::set@13
                      ; - java.lang.ThreadLocal::set@5
                      ; - org.gradle.internal.code.DefaultUserCodeApplicationContext$CurrentApplication$1::execute@55 (line 126)
                      ; - org.gradle.api.internal.DefaultCollectionCallbackActionDecorator$BuildOperationEmittingAction$1::run@11 (line 109)
                      ; - org.gradle.internal.operations.DefaultBuildOperationRunner$1::execute@2 (line 29)
                      ; - org.gradle.internal.operations.DefaultBuildOperationRunner$1::execute@6 (line 26)
                      ;   {poll}
  0x0000019146ce6db8: d1e9 8502 | 4585 c974 | 27ff c33b | d90f 8d5d | 0200 003b | d90f 837d | 0900 008b | 549d 1085 
  0x0000019146ce6dd8: d274 d545 | 3b64 d40c | 0f84 76ff | ffff ebc8 | 4585 db75 | 1344 8b5c | 2450 478b | 5cdc 1045 
  0x0000019146ce6df8: 3bd3 0f8d | 7802 0000 | 488b 5c24 | 2044 8b53 

  0x0000019146ce6e08: ;   {metadata('org/gradle/internal/operations/DefaultBuildOperationRunner$DefaultBuildOperationContext')}
  0x0000019146ce6e08: 0841 81fa | 58ad 3700 | 0f85 7e0a | 0000 4180 | 7f40 000f | 85f1 0200 

  0x0000019146ce6e20: ;   {oop(a 'org/gradle/api/internal/ExecuteDomainObjectCollectionCallbackBuildOperationType$1'{0x0000000601ebafe0})}
  0x0000019146ce6e20: 00c7 4318 | fc75 3dc0 

  0x0000019146ce6e28: ;   {oop(a 'org/gradle/api/internal/ExecuteDomainObjectCollectionCallbackBuildOperationType$1'{0x0000000601ebafe0})}
  0x0000019146ce6e28: 4c8b d349 | bbe0 afeb | 0106 0000 | 004d 33da | 49c1 eb16 | 4d85 db74 | 1649 c1ea | 094c 8b44 
  0x0000019146ce6e48: 2458 4d03 | c241 8038 | 020f 85f2 | 0200 0048 | 81c4 a000 

  0x0000019146ce6e5c: ;   {poll_return}
  0x0000019146ce6e5c: 0000 5d49 | 3ba7 5004 | 0000 0f87 | 0411 0000 | c341 807f | 4000 0f85 | d806 0000 | 4189 451c 
  0x0000019146ce6e7c: 4c8b d24d | 8bdd 4d33 | d349 c1ea | 164d 85d2 | 0f84 5ffc | ffff 49c1 | eb09 48b9 | 0000 6654 
  0x0000019146ce6e9c: 9101 0000 | 4903 cb80 | 3902 0f84 | 45fc ffff | 4d8b 5748 | 4d8b 5f58 | f083 4424 | c000 8039 
  0x0000019146ce6ebc: 000f 842e | fcff ff44 | 8821 4d85 | d275 1d49 | 8bd7 49ba | 60d1 44a3 | ff7f 0000 

  0x0000019146ce6ed8: ;   {other}
  0x0000019146ce6ed8: 41ff d20f | 1f84 0000 | 0000 00e9 | 09fc ffff | 4b89 4c13 | f849 83c2 | f84d 8957 | 48e9 f7fb 
  0x0000019146ce6ef8: ffff 4180 | 7f40 000f | 8582 0600 | 0044 8b5c | 242c 4589 | 5e1c 4c8b | d64d 8bde | 4d33 d349 
  0x0000019146ce6f18: c1ea 164d | 85d2 0f84 | dcfe ffff | 4885 f60f | 84d3 feff | ff49 c1eb | 0948 b900 | 0066 5491 
  0x0000019146ce6f38: 0100 0049 | 03cb 8039 | 020f 84b9 | feff ff4d | 8b57 484d | 8b5f 58f0 | 8344 24c0 | 0080 3900 
  0x0000019146ce6f58: 0f84 a2fe | ffff 4488 | 214d 85d2 | 751d 498b | d749 ba60 | d144 a3ff | 7f00 0041 

  0x0000019146ce6f74: ;   {other}
  0x0000019146ce6f74: ffd2 0f1f | 8400 0000 | 0000 e97d | feff ff4b | 894c 13f8 | 4983 c2f8 | 4d89 5748 | e96b feff 
  0x0000019146ce6f94: ff48 8b7e | 288b 0f48 | 83c7 0848 | 85c0 f248 | af0f 8504 | 0000 0048 | 8946 200f | 84d9 f6ff 
  0x0000019146ce6fb4: ffba deff | ffff 498b 

  0x0000019146ce6fbc: ;   {runtime_call UncommonTrapBlob}
  0x0000019146ce6fbc: e866 90e8 

  0x0000019146ce6fc0: ; ImmutableOopMap {rbp=Oop }
                      ;*checkcast {reexecute=0 rethrow=0 return_oop=0}
                      ; - org.gradle.internal.operations.DefaultBuildOperationRunner$1::execute@2 (line 26)
  0x0000019146ce6fc0: 3cd6 f8fe 

  0x0000019146ce6fc4: ;   {other}
  0x0000019146ce6fc4: 0f1f 8400 | b40c 0008 | 4d8b c166 | 9048 b810 | 0288 1291 

  0x0000019146ce6fd8: ;   {virtual_call}
  0x0000019146ce6fd8: 0100 00e8 

  0x0000019146ce6fdc: ; ImmutableOopMap {}
                      ;*invokeinterface run {reexecute=0 rethrow=0 return_oop=0}
                      ; - org.gradle.internal.operations.DefaultBuildOperationRunner$1::execute@2 (line 29)
                      ; - org.gradle.internal.operations.DefaultBuildOperationRunner$1::execute@6 (line 26)
  0x0000019146ce6fdc: 2035 05ff 

  0x0000019146ce6fe0: ;   {other}
  0x0000019146ce6fe0: 0f1f 8400 | d00c 0009 | e96a feff | ff33 ffe9 | 57f7 ffff | 488b dd48 | 8bd3 4c8b | 4424 3848 
  0x0000019146ce7000: 8b6c 2420 

  0x0000019146ce7004: ;   {optimized virtual_call}
  0x0000019146ce7004: 6666 90e8 

  0x0000019146ce7008: ; ImmutableOopMap {rbp=Oop [32]=Oop [40]=Oop [48]=NarrowOop [56]=Oop }
                      ;*invokevirtual setInitialValue {reexecute=0 rethrow=0 return_oop=1}
                      ; - java.lang.ThreadLocal::get@31
                      ; - java.lang.ThreadLocal::get@4
                      ; - org.gradle.internal.code.DefaultUserCodeApplicationContext$CurrentApplication$1::execute@10 (line 121)
                      ; - org.gradle.api.internal.DefaultCollectionCallbackActionDecorator$BuildOperationEmittingAction$1::run@11 (line 109)
                      ; - org.gradle.internal.operations.DefaultBuildOperationRunner$1::execute@2 (line 29)
                      ; - org.gradle.internal.operations.DefaultBuildOperationRunner$1::execute@6 (line 26)
  0x0000019146ce7008: 747a f8fe 

  0x0000019146ce700c: ;   {other}
  0x0000019146ce700c: 0f1f 8400 | fc0c 000a | 4c8b d04c | 8b5c 2438 | e964 f7ff | ff33 dbe9 | 83fa ffff | 33db e99c 
  0x0000019146ce702c: fdff ff33 | dbe9 47f8 | ffff 33db | e9a8 fbff | ff48 897c | 2448 8974 | 2434 4c8b | 5c24 384c 
  0x0000019146ce704c: 895c 2440 

  0x0000019146ce7050: ;   {optimized virtual_call}
  0x0000019146ce7050: 498b d6e8 

  0x0000019146ce7054: ; ImmutableOopMap {[32]=Oop [40]=Oop [48]=NarrowOop [64]=Oop [136]=Oop }
                      ;*invokevirtual rehash {reexecute=0 rethrow=0 return_oop=0}
                      ; - java.lang.ThreadLocal$ThreadLocalMap::set@129
                      ; - java.lang.ThreadLocal::set@13
                      ; - java.lang.ThreadLocal::set@5
                      ; - org.gradle.internal.code.DefaultUserCodeApplicationContext$CurrentApplication$1::execute@31 (line 122)
                      ; - org.gradle.api.internal.DefaultCollectionCallbackActionDecorator$BuildOperationEmittingAction$1::run@11 (line 109)
                      ; - org.gradle.internal.operations.DefaultBuildOperationRunner$1::execute@2 (line 29)
                      ; - org.gradle.internal.operations.DefaultBuildOperationRunner$1::execute@6 (line 26)
  0x0000019146ce7054: 287a f8fe 

  0x0000019146ce7058: ;   {other}
  0x0000019146ce7058: 0f1f 8400 | 480d 000b | 4c8b 5424 | 404c 8954 | 2438 8b74 | 2434 488b | 7c24 48e9 | 79fa ffff 
  0x0000019146ce7078: 498b d548 | 8b6c 2420 

  0x0000019146ce7080: ;   {optimized virtual_call}
  0x0000019146ce7080: 6666 90e8 

  0x0000019146ce7084: ; ImmutableOopMap {rbp=Oop [32]=Oop }
                      ;*invokevirtual rehash {reexecute=0 rethrow=0 return_oop=0}
                      ; - java.lang.ThreadLocal$ThreadLocalMap::set@129
                      ; - java.lang.ThreadLocal::set@13
                      ; - java.lang.ThreadLocal::set@5
                      ; - org.gradle.internal.code.DefaultUserCodeApplicationContext$CurrentApplication$1::execute@55 (line 126)
                      ; - org.gradle.api.internal.DefaultCollectionCallbackActionDecorator$BuildOperationEmittingAction$1::run@11 (line 109)
                      ; - org.gradle.internal.operations.DefaultBuildOperationRunner$1::execute@2 (line 29)
                      ; - org.gradle.internal.operations.DefaultBuildOperationRunner$1::execute@6 (line 26)
  0x0000019146ce7084: f879 f8fe 

  0x0000019146ce7088: ;   {other}
  0x0000019146ce7088: 0f1f 8400 | 780d 000c | e96b fdff | ff4c 8bd2 | 4c89 9c24 | 8800 0000 | 488b 6c24 | 2849 8bd0 
  0x0000019146ce70a8: 4d8b c34d 

  0x0000019146ce70ac: ;   {optimized virtual_call}
  0x0000019146ce70ac: 8bca 90e8 

  0x0000019146ce70b0: ; ImmutableOopMap {rbp=Oop [32]=Oop [48]=NarrowOop [56]=Oop [136]=Oop }
                      ;*invokevirtual createMap {reexecute=0 rethrow=0 return_oop=0}
                      ; - java.lang.ThreadLocal::set@22
                      ; - java.lang.ThreadLocal::set@5
                      ; - org.gradle.internal.code.DefaultUserCodeApplicationContext$CurrentApplication$1::execute@31 (line 122)
                      ; - org.gradle.api.internal.DefaultCollectionCallbackActionDecorator$BuildOperationEmittingAction$1::run@11 (line 109)
                      ; - org.gradle.internal.operations.DefaultBuildOperationRunner$1::execute@2 (line 29)
                      ; - org.gradle.internal.operations.DefaultBuildOperationRunner$1::execute@6 (line 26)
  0x0000019146ce70b0: cc79 f8fe 

  0x0000019146ce70b4: ;   {other}
  0x0000019146ce70b4: 0f1f 8400 | a40d 000d | 4533 db49 | ba00 0066 | 5491 0100 | 0048 896c | 2428 4489 | 5c24 344c 
  0x0000019146ce70d4: 8954 2458 | e91d faff | ff49 8bd0 | 4c8b 8424 | 8800 0000 | 4c8b 4c24 | 3848 8b6c 

  0x0000019146ce70f0: ;   {optimized virtual_call}
  0x0000019146ce70f0: 2420 90e8 

  0x0000019146ce70f4: ; ImmutableOopMap {rbp=Oop [32]=Oop }
                      ;*invokevirtual createMap {reexecute=0 rethrow=0 return_oop=0}
                      ; - java.lang.ThreadLocal::set@22
                      ; - java.lang.ThreadLocal::set@5
                      ; - org.gradle.internal.code.DefaultUserCodeApplicationContext$CurrentApplication$1::execute@55 (line 126)
                      ; - org.gradle.api.internal.DefaultCollectionCallbackActionDecorator$BuildOperationEmittingAction$1::run@11 (line 109)
                      ; - org.gradle.internal.operations.DefaultBuildOperationRunner$1::execute@2 (line 29)
                      ; - org.gradle.internal.operations.DefaultBuildOperationRunner$1::execute@6 (line 26)
  0x0000019146ce70f4: 8879 f8fe 

  0x0000019146ce70f8: ;   {other}
  0x0000019146ce70f8: 0f1f 8400 | e80d 000e | e9fb fcff | ff45 33d2 | 4c89 5424 | 38e9 92f6 | ffff 448b | 5b18 4585 
  0x0000019146ce7118: db0f 8402 | fdff ff4d | 8b57 2849 | 8bcb 48c1 | e103 4d85 | d20f 8419 | 0900 004d | 8b5f 384b 
  0x0000019146ce7138: 894c 13f8 | 4983 c2f8 | 4d89 5728 | e9d8 fcff | ff4d 8b57 | 584d 8b5f | 48f0 8344 | 24c0 0041 
  0x0000019146ce7158: 8038 000f | 84f6 fcff | ff45 8820 | 4d85 db75 | 2049 8bc8 | 498b d749 | ba60 d144 | a3ff 7f00 
  0x0000019146ce7178: 0041 ffd2 

  0x0000019146ce717c: ;   {other}
  0x0000019146ce717c: 0f1f 8400 | 0000 0000 | e9ce fcff | ff4f 8944 | 1af8 4983 | c3f8 4d89 | 5f48 e9bc | fcff ff45 
  0x0000019146ce719c: 8b59 1c45 | 85db 0f84 | 9cf7 ffff | 4d8b 4728 | 498b cb48 | c1e1 034d | 85c0 0f84 | 1e09 0000 
  0x0000019146ce71bc: 4d8b 5f38 | 4b89 4c03 | f849 83c0 | f84d 8947 | 28e9 72f7 | ffff 458b | 5910 4585 | db0f 8416 
  0x0000019146ce71dc: f7ff ff4d | 8b47 2849 | 8bcb 48c1 | e103 4d85 | c00f 8476 | 0800 004d | 8b5f 384b | 894c 03f8 
  0x0000019146ce71fc: 4983 c0f8 | 4d89 4728 | e9ec f6ff | ff44 8b5d | 0045 85db | 0f84 77f7 | ffff 4d8b | 5728 498b 
  0x0000019146ce721c: cb48 c1e1 | 034d 85d2 | 0f84 2109 | 0000 4d8b | 5f38 4b89 | 4c13 f849 | 83c2 f84d | 8957 28e9 
  0x0000019146ce723c: 4df7 ffff | 458b 561c | 4585 d20f | 845f faff | ff4d 8b5f | 2849 8bca | 48c1 e103 | 4d85 db0f 
  0x0000019146ce725c: 8435 0900 | 004d 8b57 | 384b 894c | 1af8 4983 | c3f8 4d89 | 5f28 e935 | faff ff45 

  0x0000019146ce7278: ;   {no_reloc}
  0x0000019146ce7278: 8b5e 1045 | 85db 0f84 | dcf9 ffff | 4d8b 5728 | 498b cb48 | c1e1 034d | 85d2 0f84 | 1b09 0000 
  0x0000019146ce7298: 4d8b 5f38 | 4b89 4c13 | f849 83c2 | f84d 8957 | 28e9 b2f9 | ffff 448b | 1f45 85db | 0f84 44fa 
  0x0000019146ce72b8: ffff 4d8b | 5728 498b | cb48 c1e1 | 034d 85d2 | 0f84 2409 | 0000 4d8b | 5f38 4b89 | 4c13 f849 
  0x0000019146ce72d8: 83c2 f84d | 8957 28e9 | 1afa ffff | 4d8b 5f58 | 4d8b 4748 | f083 4424 | c000 8039 | 000f 8438 
  0x0000019146ce72f8: f6ff ff44 | 8821 4d85 | c075 714c | 894c 2468 | 4c89 7424 | 6089 5c24 | 5c44 8954 | 2458 c5fa 
  0x0000019146ce7318: 114c 244c | 4889 7c24 | 5089 7424 | 4848 8954 | 2440 448b | f049 8bd7 | 49ba 60d1 | 44a3 ff7f 
  0x0000019146ce7338: 0000 41ff 

  0x0000019146ce733c: ;   {other}
  0x0000019146ce733c: d20f 1f84 | 0000 0000 | 0041 8bc6 | 488b 5424 | 408b 7424 | 4848 8b7c | 2450 c5fa | 104c 244c 
  0x0000019146ce735c: 448b 5424 | 588b 5c24 | 5c4c 8b74 | 2460 4c8b | 4c24 68e9 | bff5 ffff | 4b89 4c03 | f849 83c0 
  0x0000019146ce737c: f84d 8947 | 48e9 adf5 | ffff 4d8b | 5f58 4d8b | 4748 f083 | 4424 c000 | 8039 000f | 84d7 f5ff 
  0x0000019146ce739c: ff44 8821 | 4d85 c075 | 614c 894c | 2460 4c89 | 7424 5889 | 5c24 5044 | 8954 244c | c5fa 114c 
  0x0000019146ce73bc: 2448 4889 | 7c24 4089 | 7424 3449 | 8bd7 49ba | 60d1 44a3 | ff7f 0000 

  0x0000019146ce73d4: ;   {other}
  0x0000019146ce73d4: 41ff d20f | 1f84 0000 | 0000 008b | 7424 3448 | 8b7c 2440 | c5fa 104c | 2448 448b | 5424 4c8b 
  0x0000019146ce73f4: 5c24 504c | 8b74 2458 | 4c8b 4c24 | 60e9 6ef5 | ffff 4b89 | 4c03 f849 | 83c0 f84d | 8947 48e9 
  0x0000019146ce7414: 5cf5 ffff | 4d8b 5758 | 4d8b 5f48 | f083 4424 | c000 8039 | 000f 8495 | f5ff ff44 | 8821 4d85 
  0x0000019146ce7434: db75 1d49 | 8bd7 49ba | 60d1 44a3 | ff7f 0000 

  0x0000019146ce7444: ;   {other}
  0x0000019146ce7444: 41ff d20f | 1f84 0000 | 0000 00e9 | 70f5 ffff | 4b89 4c1a | f849 83c3 | f84d 895f | 48e9 5ef5 
  0x0000019146ce7464: ffff 4d8b | 5748 4d8b | 5f58 f083 | 4424 c000 | 8039 000f | 841e f8ff | ff44 8821 | 4d85 d275 
  0x0000019146ce7484: 1d49 8bd7 | 49ba 60d1 | 44a3 ff7f | 0000 41ff 

  0x0000019146ce7494: ;   {other}
  0x0000019146ce7494: d20f 1f84 | 0000 0000 | 00e9 f9f7 | ffff 4b89 | 4c13 f849 | 83c2 f84d | 8957 48e9 | e7f7 ffff 
  0x0000019146ce74b4: 4d8b 5748 | 4d8b 5f58 | f083 4424 | c000 8039 | 000f 8469 | f8ff ff44 | 8821 4d85 | d275 1d49 
  0x0000019146ce74d4: 8bd7 49ba | 60d1 44a3 | ff7f 0000 

  0x0000019146ce74e0: ;   {other}
  0x0000019146ce74e0: 41ff d20f | 1f84 0000 | 0000 00e9 | 44f8 ffff | 4b89 4c13 | f849 83c2 | f84d 8957 | 48e9 32f8 
  0x0000019146ce7500: ffff 4d8b | 5748 4d8b | 5f58 f083 | 4424 c000 | 8039 000f | 84cd f7ff | ff44 8821 | 4d85 d275 
  0x0000019146ce7520: 1d49 8bd7 | 49ba 60d1 | 44a3 ff7f | 0000 41ff 

  0x0000019146ce7530: ;   {other}
  0x0000019146ce7530: d20f 1f84 | 0000 0000 | 00e9 a8f7 | ffff 4b89 | 4c13 f849 | 83c2 f84d | 8957 48e9 | 96f7 ffff 
  0x0000019146ce7550: 458b 551c | 4585 d20f | 841b f9ff | ff4d 8b5f | 2849 8bca | 48c1 e103 | 4d85 db0f | 849e 0600 
  0x0000019146ce7570: 004d 8b57 | 384b 894c | 1af8 4983 | c3f8 4d89 | 5f28 e9f1 | f8ff ff45 | 8b56 1c45 | 85d2 0f84 
  0x0000019146ce7590: 71f9 ffff | 4d8b 5f28 | 498b ca48 | c1e1 034d | 85db 0f84 | a606 0000 | 4d8b 5738 | 4b89 4c1a 
  0x0000019146ce75b0: f849 83c3 | f84d 895f | 28e9 47f9 | ffff 4c89 | 5c24 38e9 | 2ffa ffff | 4c89 b424 | 8000 0000 
  0x0000019146ce75d0: 895c 2478 | 4489 5424 | 74c5 fa11 | 4c24 7048 | 897c 2468 | 8974 2454 | 4c89 4424 | 6048 8954 
  0x0000019146ce75f0: 2458 8944 | 2434 4c8b | 5424 384c | 8954 2448 | 4c8b 5424 | 284c 8954 | 2438 448b | 5424 3044 
  0x0000019146ce7610: 8954 2428 

  0x0000019146ce7614: ;   {metadata('java/lang/ThreadLocal$ThreadLocalMap$Entry')}
  0x0000019146ce7614: 48ba 583a | 0800 0800 | 0000 895c 

  0x0000019146ce7620: ;   {runtime_call _new_instance_Java}
  0x0000019146ce7620: 2430 90e8 

  0x0000019146ce7624: ; ImmutableOopMap {rbp=Oop [32]=Oop [40]=NarrowOop [52]=NarrowOop [56]=Oop [72]=Oop [88]=Oop [96]=Oop [112]=NarrowOop [124]=NarrowOop [128]=Oop [136]=Oop }
                      ;*new {reexecute=0 rethrow=0 return_oop=1}
                      ; - java.lang.ThreadLocal$ThreadLocalMap::set@85
                      ; - java.lang.ThreadLocal::set@13
                      ; - java.lang.ThreadLocal::set@5
                      ; - org.gradle.internal.code.DefaultUserCodeApplicationContext$CurrentApplication$1::execute@31 (line 122)
                      ; - org.gradle.api.internal.DefaultCollectionCallbackActionDecorator$BuildOperationEmittingAction$1::run@11 (line 109)
                      ; - org.gradle.internal.operations.DefaultBuildOperationRunner$1::execute@2 (line 29)
                      ; - org.gradle.internal.operations.DefaultBuildOperationRunner$1::execute@6 (line 26)
  0x0000019146ce7624: d8e4 04ff 

  0x0000019146ce7628: ;   {other}
  0x0000019146ce7628: 0f1f 8400 | 1813 000f | 4c8b c844 | 8b5c 2428 | 4489 5c24 | 304c 8b54 | 2438 4c89 | 5424 284c 
  0x0000019146ce7648: 8b54 2448 | 4c89 5424 | 388b 4424 | 3448 8b54 | 2458 4c8b | 4424 608b | 7424 5448 | 8b7c 2468 
  0x0000019146ce7668: c5fa 104c | 2470 448b | 5424 748b | 5c24 784c | 8bb4 2480 | 0000 00e9 | 5bf2 ffff | 448b 5c24 
  0x0000019146ce7688: 2c44 895c | 2460 4c89 | 6c24 4889 | 5c24 4489 | 7c24 404c | 8944 2438 | 448b 5c24 | 5044 895c 
  0x0000019146ce76a8: 2430 4889 

  0x0000019146ce76ac: ;   {metadata('java/lang/ThreadLocal$ThreadLocalMap$Entry')}
  0x0000019146ce76ac: 7424 2848 | ba58 3a08 | 0008 0000 

  0x0000019146ce76b8: ;   {runtime_call _new_instance_Java}
  0x0000019146ce76b8: 0066 90e8 

  0x0000019146ce76bc: ; ImmutableOopMap {rbp=Oop [32]=Oop [40]=Oop [48]=NarrowOop [56]=Oop [72]=Oop [84]=NarrowOop [96]=NarrowOop }
                      ;*new {reexecute=0 rethrow=0 return_oop=1}
                      ; - java.lang.ThreadLocal$ThreadLocalMap::set@85
                      ; - java.lang.ThreadLocal::set@13
                      ; - java.lang.ThreadLocal::set@5
                      ; - org.gradle.internal.code.DefaultUserCodeApplicationContext$CurrentApplication$1::execute@55 (line 126)
                      ; - org.gradle.api.internal.DefaultCollectionCallbackActionDecorator$BuildOperationEmittingAction$1::run@11 (line 109)
                      ; - org.gradle.internal.operations.DefaultBuildOperationRunner$1::execute@2 (line 29)
                      ; - org.gradle.internal.operations.DefaultBuildOperationRunner$1::execute@6 (line 26)
  0x0000019146ce76bc: 40e4 04ff 

  0x0000019146ce76c0: ;   {other}
  0x0000019146ce76c0: 0f1f 8400 | b013 0010 | 488b 7424 | 2844 8b54 | 2430 4489 | 5424 504c | 8b44 2438 | 8b7c 2440 
  0x0000019146ce76e0: 8b5c 2444 | 4c8b 4c24 | 484c 8bf0 | 448b 5424 | 6044 8954 | 242c 4d8b | e9e9 4cf5 | ffff bae4 
  0x0000019146ce7700: ffff ff48 | 8b6c 2420 | 4c8b 5424 | 284c 8954 | 2420 448b | 5424 3044 | 8954 2428 | 4c8b 5424 
  0x0000019146ce7720: 384c 8954 | 2430 4489 | 5c24 2c89 | 4c24 3c44 | 896c 2440 | 4489 4c24 | 4489 5c24 | 4844 8944 
  0x0000019146ce7740: ;   {runtime_call UncommonTrapBlob}
  0x0000019146ce7740: 2458 90e8 

  0x0000019146ce7744: ; ImmutableOopMap {rbp=Oop [32]=Oop [40]=NarrowOop [48]=Oop [88]=NarrowOop [124]=NarrowOop }
                      ;*aaload {reexecute=0 rethrow=0 return_oop=0}
                      ; - java.lang.ThreadLocal$ThreadLocalMap::cleanSomeSlots@23
                      ; - java.lang.ThreadLocal$ThreadLocalMap::set@113
                      ; - java.lang.ThreadLocal::set@13
                      ; - java.lang.ThreadLocal::set@5
                      ; - org.gradle.internal.code.DefaultUserCodeApplicationContext$CurrentApplication$1::execute@31 (line 122)
                      ; - org.gradle.api.internal.DefaultCollectionCallbackActionDecorator$BuildOperationEmittingAction$1::run@11 (line 109)
                      ; - org.gradle.internal.operations.DefaultBuildOperationRunner$1::execute@2 (line 29)
                      ; - org.gradle.internal.operations.DefaultBuildOperationRunner$1::execute@6 (line 26)
  0x0000019146ce7744: b8ce f8fe 

  0x0000019146ce7748: ;   {other}
  0x0000019146ce7748: 0f1f 8400 | 3814 0011 | bae4 ffff | ff48 8b6c | 2420 4489 | 5424 2044 | 894c 2428 | 4489 5c24 
  0x0000019146ce7768: 2c89 4c24 | 3089 5c24 | 3444 8944 

  0x0000019146ce7774: ;   {runtime_call UncommonTrapBlob}
  0x0000019146ce7774: 2444 90e8 

  0x0000019146ce7778: ; ImmutableOopMap {rbp=Oop [68]=NarrowOop [80]=NarrowOop }
                      ;*aaload {reexecute=0 rethrow=0 return_oop=0}
                      ; - java.lang.ThreadLocal$ThreadLocalMap::cleanSomeSlots@23
                      ; - java.lang.ThreadLocal$ThreadLocalMap::set@113
                      ; - java.lang.ThreadLocal::set@13
                      ; - java.lang.ThreadLocal::set@5
                      ; - org.gradle.internal.code.DefaultUserCodeApplicationContext$CurrentApplication$1::execute@55 (line 126)
                      ; - org.gradle.api.internal.DefaultCollectionCallbackActionDecorator$BuildOperationEmittingAction$1::run@11 (line 109)
                      ; - org.gradle.internal.operations.DefaultBuildOperationRunner$1::execute@2 (line 29)
                      ; - org.gradle.internal.operations.DefaultBuildOperationRunner$1::execute@6 (line 26)
  0x0000019146ce7778: 84ce f8fe 

  0x0000019146ce777c: ;   {other}
  0x0000019146ce777c: 0f1f 8400 | 6c14 0012 | bae4 ffff | ff48 8b6c | 2420 4c8b | 5c24 284c | 895c 2420 | 448b 5c24 
  0x0000019146ce779c: 3044 895c | 2428 4c8b | 5c24 384c | 895c 2430 | 4c89 4424 | 3889 5c24 | 4089 4424 | 4844 8954 
  0x0000019146ce77bc: 2450 c5fa | 114c 2454 

  0x0000019146ce77c4: ;   {runtime_call UncommonTrapBlob}
  0x0000019146ce77c4: 6666 90e8 

  0x0000019146ce77c8: ; ImmutableOopMap {rbp=Oop [32]=Oop [40]=NarrowOop [48]=Oop [56]=Oop [72]=NarrowOop [84]=NarrowOop [124]=NarrowOop }
                      ;*aaload {reexecute=0 rethrow=0 return_oop=0}
                      ; - java.lang.ThreadLocal$ThreadLocalMap::set@76
                      ; - java.lang.ThreadLocal::set@13
                      ; - java.lang.ThreadLocal::set@5
                      ; - org.gradle.internal.code.DefaultUserCodeApplicationContext$CurrentApplication$1::execute@31 (line 122)
                      ; - org.gradle.api.internal.DefaultCollectionCallbackActionDecorator$BuildOperationEmittingAction$1::run@11 (line 109)
                      ; - org.gradle.internal.operations.DefaultBuildOperationRunner$1::execute@2 (line 29)
                      ; - org.gradle.internal.operations.DefaultBuildOperationRunner$1::execute@6 (line 26)
  0x0000019146ce77c8: 34ce f8fe 

  0x0000019146ce77cc: ;   {other}
  0x0000019146ce77cc: 0f1f 8400 | bc14 0013 | bae4 ffff | ff48 8b6c | 2420 4889 | 7424 2089 | 5c24 2c4c | 8944 2438 
  0x0000019146ce77ec: 448b 5c24 | 5489 7c24 | 4044 895c 

  0x0000019146ce77f8: ;   {runtime_call UncommonTrapBlob}
  0x0000019146ce77f8: 2444 90e8 

  0x0000019146ce77fc: ; ImmutableOopMap {rbp=Oop [32]=Oop [56]=Oop [68]=NarrowOop [80]=NarrowOop [84]=NarrowOop }
                      ;*aaload {reexecute=0 rethrow=0 return_oop=0}
                      ; - java.lang.ThreadLocal$ThreadLocalMap::set@76
                      ; - java.lang.ThreadLocal::set@13
                      ; - java.lang.ThreadLocal::set@5
                      ; - org.gradle.internal.code.DefaultUserCodeApplicationContext$CurrentApplication$1::execute@55 (line 126)
                      ; - org.gradle.api.internal.DefaultCollectionCallbackActionDecorator$BuildOperationEmittingAction$1::run@11 (line 109)
                      ; - org.gradle.internal.operations.DefaultBuildOperationRunner$1::execute@2 (line 29)
                      ; - org.gradle.internal.operations.DefaultBuildOperationRunner$1::execute@6 (line 26)
  0x0000019146ce77fc: 00ce f8fe 

  0x0000019146ce7800: ;   {other}
  0x0000019146ce7800: 0f1f 8400 | f014 0014 | bade ffff | ff49 8be9 | 4489 4424 

  0x0000019146ce7814: ;   {runtime_call UncommonTrapBlob}
  0x0000019146ce7814: 2466 90e8 

  0x0000019146ce7818: ; ImmutableOopMap {rbp=Oop [36]=NarrowOop [48]=NarrowOop }
                      ;*invokeinterface execute {reexecute=0 rethrow=0 return_oop=0}
                      ; - org.gradle.api.internal.DefaultCollectionCallbackActionDecorator$BuildOperationEmittingAction$1::run@11 (line 109)
                      ; - org.gradle.internal.operations.DefaultBuildOperationRunner$1::execute@2 (line 29)
                      ; - org.gradle.internal.operations.DefaultBuildOperationRunner$1::execute@6 (line 26)
  0x0000019146ce7818: e4cd f8fe 

  0x0000019146ce781c: ;   {other}
  0x0000019146ce781c: 0f1f 8400 | 0c15 0015 | bade ffff 

  0x0000019146ce7828: ;   {runtime_call UncommonTrapBlob}
  0x0000019146ce7828: ff66 90e8 

  0x0000019146ce782c: ; ImmutableOopMap {rbp=NarrowOop [32]=Oop [40]=Oop [48]=NarrowOop }
                      ;*invokevirtual get {reexecute=0 rethrow=0 return_oop=0}
                      ; - org.gradle.internal.code.DefaultUserCodeApplicationContext$CurrentApplication$1::execute@10 (line 121)
                      ; - org.gradle.api.internal.DefaultCollectionCallbackActionDecorator$BuildOperationEmittingAction$1::run@11 (line 109)
                      ; - org.gradle.internal.operations.DefaultBuildOperationRunner$1::execute@2 (line 29)
                      ; - org.gradle.internal.operations.DefaultBuildOperationRunner$1::execute@6 (line 26)
  0x0000019146ce782c: d0cd f8fe 

  0x0000019146ce7830: ;   {other}
  0x0000019146ce7830: 0f1f 8400 | 2015 0016 | bade ffff | ff48 8b6c | 2420 4c8b | 5c24 284c | 895c 2420 | 448b 5c24 
  0x0000019146ce7850: 3044 895c | 2428 4c8b | 5c24 384c | 895c 2430 | 4489 5424 | 2c89 4424 

  0x0000019146ce7868: ;   {runtime_call UncommonTrapBlob}
  0x0000019146ce7868: 3866 90e8 

  0x0000019146ce786c: ; ImmutableOopMap {rbp=Oop [32]=Oop [40]=NarrowOop [44]=NarrowOop [48]=Oop [56]=NarrowOop }
                      ;*invokevirtual set {reexecute=0 rethrow=0 return_oop=0}
                      ; - org.gradle.internal.code.DefaultUserCodeApplicationContext$CurrentApplication$1::execute@31 (line 122)
                      ; - org.gradle.api.internal.DefaultCollectionCallbackActionDecorator$BuildOperationEmittingAction$1::run@11 (line 109)
                      ; - org.gradle.internal.operations.DefaultBuildOperationRunner$1::execute@2 (line 29)
                      ; - org.gradle.internal.operations.DefaultBuildOperationRunner$1::execute@6 (line 26)
  0x0000019146ce786c: 90cd f8fe 

  0x0000019146ce7870: ;   {other}
  0x0000019146ce7870: 0f1f 8400 | 6015 0017 | bade ffff | ff48 8b6c | 2420 4489 

  0x0000019146ce7884: ;   {runtime_call UncommonTrapBlob}
  0x0000019146ce7884: 4424 28e8 

  0x0000019146ce7888: ; ImmutableOopMap {rbp=Oop [40]=NarrowOop [56]=Oop }
                      ;*invokevirtual set {reexecute=0 rethrow=0 return_oop=0}
                      ; - org.gradle.internal.code.DefaultUserCodeApplicationContext$CurrentApplication$1::execute@55 (line 126)
                      ; - org.gradle.api.internal.DefaultCollectionCallbackActionDecorator$BuildOperationEmittingAction$1::run@11 (line 109)
                      ; - org.gradle.internal.operations.DefaultBuildOperationRunner$1::execute@2 (line 29)
                      ; - org.gradle.internal.operations.DefaultBuildOperationRunner$1::execute@6 (line 26)
  0x0000019146ce7888: 74cd f8fe 

  0x0000019146ce788c: ;   {other}
  0x0000019146ce788c: 0f1f 8400 | 7c15 0018 | bade ffff | ff48 8beb 

  0x0000019146ce789c: ;   {runtime_call UncommonTrapBlob}
  0x0000019146ce789c: 6666 90e8 

  0x0000019146ce78a0: ; ImmutableOopMap {rbp=Oop }
                      ;*invokeinterface setResult {reexecute=0 rethrow=0 return_oop=0}
                      ; - org.gradle.api.internal.DefaultCollectionCallbackActionDecorator$BuildOperationEmittingAction$1::run@20 (line 110)
                      ; - org.gradle.internal.operations.DefaultBuildOperationRunner$1::execute@2 (line 29)
                      ; - org.gradle.internal.operations.DefaultBuildOperationRunner$1::execute@6 (line 26)
  0x0000019146ce78a0: 5ccd f8fe 

  0x0000019146ce78a4: ;   {other}
  0x0000019146ce78a4: 0f1f 8400 | 9415 0019 | bae4 ffff | ff4c 895c | 2440 4489 | 4424 3448 | 895c 2448 | 4489 5424 
  0x0000019146ce78c4: ;   {runtime_call UncommonTrapBlob}
  0x0000019146ce78c4: 5466 90e8 

  0x0000019146ce78c8: ; ImmutableOopMap {rbp=NarrowOop [32]=Oop [40]=Oop [48]=NarrowOop [52]=NarrowOop [64]=Oop [72]=Oop }
                      ;*aaload {reexecute=0 rethrow=0 return_oop=0}
                      ; - java.lang.ThreadLocal$ThreadLocalMap::getEntry@18
                      ; - java.lang.ThreadLocal::get@12
                      ; - java.lang.ThreadLocal::get@4
                      ; - org.gradle.internal.code.DefaultUserCodeApplicationContext$CurrentApplication$1::execute@10 (line 121)
                      ; - org.gradle.api.internal.DefaultCollectionCallbackActionDecorator$BuildOperationEmittingAction$1::run@11 (line 109)
                      ; - org.gradle.internal.operations.DefaultBuildOperationRunner$1::execute@2 (line 29)
                      ; - org.gradle.internal.operations.DefaultBuildOperationRunner$1::execute@6 (line 26)
  0x0000019146ce78c8: 34cd f8fe 

  0x0000019146ce78cc: ;   {other}
  0x0000019146ce78cc: 0f1f 8400 | bc15 001a | bae4 ffff | ff48 8b6c | 2420 4c8b | 5c24 284c | 895c 2420 | 448b 5c24 
  0x0000019146ce78ec: 3044 895c | 2428 4c8b | 5c24 384c | 895c 2430 | 4c89 4424 | 3889 5c24 | 4089 4424 | 4844 8954 
  0x0000019146ce790c: 2450 c5fa | 114c 2454 

  0x0000019146ce7914: ;   {runtime_call UncommonTrapBlob}
  0x0000019146ce7914: 6666 90e8 

  0x0000019146ce7918: ; ImmutableOopMap {rbp=Oop [32]=Oop [40]=NarrowOop [48]=Oop [56]=Oop [72]=NarrowOop [84]=NarrowOop [124]=NarrowOop }
                      ;*aaload {reexecute=0 rethrow=0 return_oop=0}
                      ; - java.lang.ThreadLocal$ThreadLocalMap::set@23
                      ; - java.lang.ThreadLocal::set@13
                      ; - java.lang.ThreadLocal::set@5
                      ; - org.gradle.internal.code.DefaultUserCodeApplicationContext$CurrentApplication$1::execute@31 (line 122)
                      ; - org.gradle.api.internal.DefaultCollectionCallbackActionDecorator$BuildOperationEmittingAction$1::run@11 (line 109)
                      ; - org.gradle.internal.operations.DefaultBuildOperationRunner$1::execute@2 (line 29)
                      ; - org.gradle.internal.operations.DefaultBuildOperationRunner$1::execute@6 (line 26)
  0x0000019146ce7918: e4cc f8fe 

  0x0000019146ce791c: ;   {other}
  0x0000019146ce791c: 0f1f 8400 | 0c16 001b | bae4 ffff | ff48 8b6c | 2420 4c8b | 5424 384c | 8954 2420 | 895c 242c 
  0x0000019146ce793c: 4c89 4424 | 3844 8b54 | 2454 897c | 2440 458b | da44 895c 

  0x0000019146ce7950: ;   {runtime_call UncommonTrapBlob}
  0x0000019146ce7950: 2444 90e8 

  0x0000019146ce7954: ; ImmutableOopMap {rbp=Oop [32]=Oop [56]=Oop [68]=NarrowOop [80]=NarrowOop [84]=NarrowOop }
                      ;*aaload {reexecute=0 rethrow=0 return_oop=0}
                      ; - java.lang.ThreadLocal$ThreadLocalMap::set@23
                      ; - java.lang.ThreadLocal::set@13
                      ; - java.lang.ThreadLocal::set@5
                      ; - org.gradle.internal.code.DefaultUserCodeApplicationContext$CurrentApplication$1::execute@55 (line 126)
                      ; - org.gradle.api.internal.DefaultCollectionCallbackActionDecorator$BuildOperationEmittingAction$1::run@11 (line 109)
                      ; - org.gradle.internal.operations.DefaultBuildOperationRunner$1::execute@2 (line 29)
                      ; - org.gradle.internal.operations.DefaultBuildOperationRunner$1::execute@6 (line 26)
  0x0000019146ce7954: a8cc f8fe 

  0x0000019146ce7958: ;   {other}
  0x0000019146ce7958: 0f1f 8400 | 4816 001c | bae4 ffff | ff48 8b6c | 2420 4c8b | 5424 284c | 8954 2420 | 448b 5c24 
  0x0000019146ce7978: 3044 895c | 2428 4c8b | 5424 384c | 8954 2430 | 895c 2438 | c5fa 114c | 2440 4c89 

  0x0000019146ce7994: ;   {runtime_call UncommonTrapBlob}
  0x0000019146ce7994: 4c24 48e8 

  0x0000019146ce7998: ; ImmutableOopMap {rbp=Oop [32]=Oop [40]=NarrowOop [48]=Oop [64]=NarrowOop [72]=Oop [124]=NarrowOop }
                      ;*aastore {reexecute=1 rethrow=0 return_oop=0}
                      ; - (reexecute) java.lang.ThreadLocal$ThreadLocalMap::set@94
                      ; - java.lang.ThreadLocal::set@13
                      ; - java.lang.ThreadLocal::set@5
                      ; - org.gradle.internal.code.DefaultUserCodeApplicationContext$CurrentApplication$1::execute@31 (line 122)
                      ; - org.gradle.api.internal.DefaultCollectionCallbackActionDecorator$BuildOperationEmittingAction$1::run@11 (line 109)
                      ; - org.gradle.internal.operations.DefaultBuildOperationRunner$1::execute@2 (line 29)
                      ; - org.gradle.internal.operations.DefaultBuildOperationRunner$1::execute@6 (line 26)
  0x0000019146ce7998: 64cc f8fe 

  0x0000019146ce799c: ;   {other}
  0x0000019146ce799c: 0f1f 8400 | 8c16 001d | bae4 ffff | ff48 8b6c | 2420 895c | 2424 4c89 

  0x0000019146ce79b4: ;   {runtime_call UncommonTrapBlob}
  0x0000019146ce79b4: 7424 30e8 

  0x0000019146ce79b8: ; ImmutableOopMap {rbp=Oop [48]=Oop [80]=NarrowOop [84]=NarrowOop }
                      ;*aastore {reexecute=1 rethrow=0 return_oop=0}
                      ; - (reexecute) java.lang.ThreadLocal$ThreadLocalMap::set@94
                      ; - java.lang.ThreadLocal::set@13
                      ; - java.lang.ThreadLocal::set@5
                      ; - org.gradle.internal.code.DefaultUserCodeApplicationContext$CurrentApplication$1::execute@55 (line 126)
                      ; - org.gradle.api.internal.DefaultCollectionCallbackActionDecorator$BuildOperationEmittingAction$1::run@11 (line 109)
                      ; - org.gradle.internal.operations.DefaultBuildOperationRunner$1::execute@2 (line 29)
                      ; - org.gradle.internal.operations.DefaultBuildOperationRunner$1::execute@6 (line 26)
  0x0000019146ce79b8: 44cc f8fe 

  0x0000019146ce79bc: ;   {other}
  0x0000019146ce79bc: 0f1f 8400 | ac16 001e | 4585 db40 | 0f94 c6ba | 45ff ffff | 488b 6c24 | 204c 8b54 | 2428 4c89 
  0x0000019146ce79dc: 5424 2044 | 8b5c 2430 | 4489 5c24 | 284c 8b54 | 2438 4c89 | 5424 304c | 8944 2438 | 895c 242c 
  0x0000019146ce79fc: 8974 2440 | 8944 2448 

  0x0000019146ce7a04: ;   {runtime_call UncommonTrapBlob}
  0x0000019146ce7a04: 6666 90e8 

  0x0000019146ce7a08: ; ImmutableOopMap {rbp=Oop [32]=Oop [40]=NarrowOop [48]=Oop [56]=Oop [72]=NarrowOop [124]=NarrowOop }
                      ;*ifeq {reexecute=1 rethrow=0 return_oop=0}
                      ; - (reexecute) java.lang.ThreadLocal$ThreadLocalMap::set@53
                      ; - java.lang.ThreadLocal::set@13
                      ; - java.lang.ThreadLocal::set@5
                      ; - org.gradle.internal.code.DefaultUserCodeApplicationContext$CurrentApplication$1::execute@31 (line 122)
                      ; - org.gradle.api.internal.DefaultCollectionCallbackActionDecorator$BuildOperationEmittingAction$1::run@11 (line 109)
                      ; - org.gradle.internal.operations.DefaultBuildOperationRunner$1::execute@2 (line 29)
                      ; - org.gradle.internal.operations.DefaultBuildOperationRunner$1::execute@6 (line 26)
  0x0000019146ce7a08: f4cb f8fe 

  0x0000019146ce7a0c: ;   {other}
  0x0000019146ce7a0c: 0f1f 8400 | fc16 001f | 4585 d244 | 8b5c 2434 | 410f 94c3 | ba45 ffff | ff48 8b6c | 2420 4889 
  0x0000019146ce7a2c: 7424 2089 | 5c24 2844 | 895c 242c | 4c89 4424 

  0x0000019146ce7a3c: ;   {runtime_call UncommonTrapBlob}
  0x0000019146ce7a3c: 3866 90e8 

  0x0000019146ce7a40: ; ImmutableOopMap {rbp=Oop [32]=Oop [56]=Oop [80]=NarrowOop }
                      ;*ifeq {reexecute=1 rethrow=0 return_oop=0}
                      ; - (reexecute) java.lang.ThreadLocal$ThreadLocalMap::set@53
                      ; - java.lang.ThreadLocal::set@13
                      ; - java.lang.ThreadLocal::set@5
                      ; - org.gradle.internal.code.DefaultUserCodeApplicationContext$CurrentApplication$1::execute@55 (line 126)
                      ; - org.gradle.api.internal.DefaultCollectionCallbackActionDecorator$BuildOperationEmittingAction$1::run@11 (line 109)
                      ; - org.gradle.internal.operations.DefaultBuildOperationRunner$1::execute@2 (line 29)
                      ; - org.gradle.internal.operations.DefaultBuildOperationRunner$1::execute@6 (line 26)
  0x0000019146ce7a40: bccb f8fe 

  0x0000019146ce7a44: ;   {other}
  0x0000019146ce7a44: 0f1f 8400 | 3417 0020 | 498b d749 | ba80 d144 | a3ff 7f00 | 0041 ffd2 

  0x0000019146ce7a5c: ;   {other}
  0x0000019146ce7a5c: 0f1f 8400 | 0000 0000 | e9b8 f3ff | ff4c 894c | 2468 4c89 | 7424 6089 | 5c24 5c44 | 8954 2458 
  0x0000019146ce7a7c: c5fa 114c | 244c 4889 | 7c24 5089 | 7424 4848 | 8954 2440 | 448b f049 | 8bd7 49ba | 80d1 44a3 
  0x0000019146ce7a9c: ff7f 0000 

  0x0000019146ce7aa0: ;   {other}
  0x0000019146ce7aa0: 41ff d20f | 1f84 0000 | 0000 0041 | 8bc6 488b | 5424 408b | 7424 4848 | 8b7c 2450 | c5fa 104c 
  0x0000019146ce7ac0: 244c 448b | 5424 588b | 5c24 5c4c | 8b74 2460 | 4c8b 4c24 | 68e9 1bee | ffff 4c89 | 4c24 684c 
  0x0000019146ce7ae0: 8974 2460 | 895c 245c | 4489 5424 | 58c5 fa11 | 4c24 4c48 | 897c 2450 | 8974 2448 | 4889 5424 
  0x0000019146ce7b00: 4044 8bf0 | 498b d749 | ba80 d144 | a3ff 7f00 | 0041 ffd2 

  0x0000019146ce7b14: ;   {other}
  0x0000019146ce7b14: 0f1f 8400 | 0000 0000 | 418b c648 | 8b54 2440 | 8b74 2448 | 488b 7c24 | 50c5 fa10 | 4c24 4c44 
  0x0000019146ce7b34: 8b54 2458 | 8b5c 245c | 4c8b 7424 | 604c 8b4c | 2468 e9f9 | edff ff4c | 894c 2458 | 4c89 7424 
  0x0000019146ce7b54: 5089 5c24 | 4848 897c | 2440 8974 | 2434 498b | d749 ba80 | d144 a3ff | 7f00 0041 

  0x0000019146ce7b70: ;   {other}
  0x0000019146ce7b70: ffd2 0f1f | 8400 0000 | 0000 8b74 | 2434 488b | 7c24 408b | 5c24 484c | 8b74 2450 | 4c8b 4c24 
  0x0000019146ce7b90: 58e9 f7ed | ffff 498b | d749 ba80 | d144 a3ff | 7f00 0041 

  0x0000019146ce7ba4: ;   {other}
  0x0000019146ce7ba4: ffd2 0f1f | 8400 0000 | 0000 e9f9 | f0ff ff4c | 8974 2438 | 4c89 6c24 | 3089 5c24 | 2844 8bef 
  0x0000019146ce7bc4: 498b d749 | ba80 d144 | a3ff 7f00 | 0041 ffd2 

  0x0000019146ce7bd4: ;   {other}
  0x0000019146ce7bd4: 0f1f 8400 | 0000 0000 | 418b fd8b | 5c24 284c | 8b74 2438 | 4c8b 6c24 | 30e9 6ef0 | ffff 498b 
  0x0000019146ce7bf4: d749 ba80 | d144 a3ff | 7f00 0041 

  0x0000019146ce7c00: ;   {other}
  0x0000019146ce7c00: ffd2 0f1f | 8400 0000 | 0000 e9ef | f0ff ff48 | 897c 2448 | 8974 2434 | 4889 5424 | 4044 8bf0 
  0x0000019146ce7c20: 498b d749 | ba80 d144 | a3ff 7f00 | 0041 ffd2 

  0x0000019146ce7c30: ;   {other}
  0x0000019146ce7c30: 0f1f 8400 | 0000 0000 | 418b c648 | 8b54 2440 | 8b74 2434 | 488b 7c24 | 48e9 2af2 | ffff 498b 
  0x0000019146ce7c50: d749 ba80 | d144 a3ff | 7f00 0041 

  0x0000019146ce7c5c: ;   {other}
  0x0000019146ce7c5c: ffd2 0f1f | 8400 0000 | 0000 e99a | f2ff ffba | deff ffff | 488b 6c24 | 204c 8b5c | 2428 4c89 
  0x0000019146ce7c7c: 5c24 2044 | 8b44 2430 | 4489 4424 | 284c 8954 

  0x0000019146ce7c8c: ;   {runtime_call UncommonTrapBlob}
  0x0000019146ce7c8c: 2430 90e8 

  0x0000019146ce7c90: ; ImmutableOopMap {rbp=Oop [32]=Oop [40]=NarrowOop [48]=Oop }
                      ;*checkcast {reexecute=0 rethrow=0 return_oop=0}
                      ; - org.gradle.internal.code.DefaultUserCodeApplicationContext$CurrentApplication$1::execute@13 (line 121)
                      ; - org.gradle.api.internal.DefaultCollectionCallbackActionDecorator$BuildOperationEmittingAction$1::run@11 (line 109)
                      ; - org.gradle.internal.operations.DefaultBuildOperationRunner$1::execute@2 (line 29)
                      ; - org.gradle.internal.operations.DefaultBuildOperationRunner$1::execute@6 (line 26)
  0x0000019146ce7c90: 6cc9 f8fe 

  0x0000019146ce7c94: ;   {other}
  0x0000019146ce7c94: 0f1f 8400 | 8419 0021 | baf4 ffff | ff49 8be9 | 4c89 5424 

  0x0000019146ce7ca8: ;   {runtime_call UncommonTrapBlob}
  0x0000019146ce7ca8: 2066 90e8 

  0x0000019146ce7cac: ; ImmutableOopMap {rbp=Oop [32]=Oop }
                      ;*checkcast {reexecute=0 rethrow=0 return_oop=0}
                      ; - org.gradle.internal.operations.DefaultBuildOperationRunner$1::execute@2 (line 26)
  0x0000019146ce7cac: 50c9 f8fe 

  0x0000019146ce7cb0: ;   {other}
  0x0000019146ce7cb0: 0f1f 8400 | a019 0022 | baf6 ffff 

  0x0000019146ce7cbc: ;   {runtime_call UncommonTrapBlob}
  0x0000019146ce7cbc: ff66 90e8 

  0x0000019146ce7cc0: ; ImmutableOopMap {}
                      ;*getfield delegate {reexecute=1 rethrow=0 return_oop=0}
                      ; - (reexecute) org.gradle.api.internal.DefaultCollectionCallbackActionDecorator$BuildOperationEmittingAction::access$000@1 (line 95)
                      ; - org.gradle.api.internal.DefaultCollectionCallbackActionDecorator$BuildOperationEmittingAction$1::run@4 (line 109)
                      ; - org.gradle.internal.operations.DefaultBuildOperationRunner$1::execute@2 (line 29)
                      ; - org.gradle.internal.operations.DefaultBuildOperationRunner$1::execute@6 (line 26)
  0x0000019146ce7cc0: 3cc9 f8fe 

  0x0000019146ce7cc4: ;   {other}
  0x0000019146ce7cc4: 0f1f 8400 | b419 0023 | baf6 ffff | ff8b 6c24 

  0x0000019146ce7cd4: ;   {runtime_call UncommonTrapBlob}
  0x0000019146ce7cd4: 3066 90e8 

  0x0000019146ce7cd8: ; ImmutableOopMap {rbp=NarrowOop }
                      ;*invokeinterface execute {reexecute=0 rethrow=0 return_oop=0}
                      ; - org.gradle.api.internal.DefaultCollectionCallbackActionDecorator$BuildOperationEmittingAction$1::run@11 (line 109)
                      ; - org.gradle.internal.operations.DefaultBuildOperationRunner$1::execute@2 (line 29)
                      ; - org.gradle.internal.operations.DefaultBuildOperationRunner$1::execute@6 (line 26)
  0x0000019146ce7cd8: 24c9 f8fe 

  0x0000019146ce7cdc: ;   {other}
  0x0000019146ce7cdc: 0f1f 8400 | cc19 0024 | baf6 ffff | ff49 8be9 | 4c8b 5424 | 284c 8954 

  0x0000019146ce7cf4: ;   {runtime_call UncommonTrapBlob}
  0x0000019146ce7cf4: 2420 90e8 

  0x0000019146ce7cf8: ; ImmutableOopMap {rbp=Oop [32]=Oop [48]=NarrowOop }
                      ;*getfield this$0 {reexecute=1 rethrow=0 return_oop=0}
                      ; - (reexecute) org.gradle.internal.code.DefaultUserCodeApplicationContext$CurrentApplication$1::execute@4 (line 121)
                      ; - org.gradle.api.internal.DefaultCollectionCallbackActionDecorator$BuildOperationEmittingAction$1::run@11 (line 109)
                      ; - org.gradle.internal.operations.DefaultBuildOperationRunner$1::execute@2 (line 29)
                      ; - org.gradle.internal.operations.DefaultBuildOperationRunner$1::execute@6 (line 26)
  0x0000019146ce7cf8: 04c9 f8fe 

  0x0000019146ce7cfc: ;   {other}
  0x0000019146ce7cfc: 0f1f 8400 | ec19 0025 | baf6 ffff | ff49 8be9 | 4c8b 5424 | 284c 8954 

  0x0000019146ce7d14: ;   {runtime_call UncommonTrapBlob}
  0x0000019146ce7d14: 2420 90e8 

  0x0000019146ce7d18: ; ImmutableOopMap {rbp=Oop [32]=Oop [48]=NarrowOop }
                      ;*getfield currentApplication {reexecute=1 rethrow=0 return_oop=0}
                      ; - (reexecute) org.gradle.internal.code.DefaultUserCodeApplicationContext::access$000@1 (line 25)
                      ; - org.gradle.internal.code.DefaultUserCodeApplicationContext$CurrentApplication$1::execute@7 (line 121)
                      ; - org.gradle.api.internal.DefaultCollectionCallbackActionDecorator$BuildOperationEmittingAction$1::run@11 (line 109)
                      ; - org.gradle.internal.operations.DefaultBuildOperationRunner$1::execute@2 (line 29)
                      ; - org.gradle.internal.operations.DefaultBuildOperationRunner$1::execute@6 (line 26)
  0x0000019146ce7d18: e4c8 f8fe 

  0x0000019146ce7d1c: ;   {other}
  0x0000019146ce7d1c: 0f1f 8400 | 0c1a 0026 | baf6 ffff | ff49 8be9 | 4c8b 5424 | 284c 8954 

  0x0000019146ce7d34: ;   {runtime_call UncommonTrapBlob}
  0x0000019146ce7d34: 2420 90e8 

  0x0000019146ce7d38: ; ImmutableOopMap {rbp=Oop [32]=Oop [48]=NarrowOop }
                      ;*invokevirtual get {reexecute=0 rethrow=0 return_oop=0}
                      ; - org.gradle.internal.code.DefaultUserCodeApplicationContext$CurrentApplication$1::execute@10 (line 121)
                      ; - org.gradle.api.internal.DefaultCollectionCallbackActionDecorator$BuildOperationEmittingAction$1::run@11 (line 109)
                      ; - org.gradle.internal.operations.DefaultBuildOperationRunner$1::execute@2 (line 29)
                      ; - org.gradle.internal.operations.DefaultBuildOperationRunner$1::execute@6 (line 26)
  0x0000019146ce7d38: c4c8 f8fe 

  0x0000019146ce7d3c: ;   {other}
  0x0000019146ce7d3c: 0f1f 8400 | 2c1a 0027 | baf6 ffff | ff48 8b6c | 2420 4c89 | 5424 2044 | 8b5c 2430 | 4489 5c24 
  0x0000019146ce7d5c: ;   {runtime_call UncommonTrapBlob}
  0x0000019146ce7d5c: 2866 90e8 

  0x0000019146ce7d60: ; ImmutableOopMap {rbp=Oop [32]=Oop [40]=NarrowOop [56]=Oop }
                      ;*getfield this$0 {reexecute=1 rethrow=0 return_oop=0}
                      ; - (reexecute) org.gradle.internal.code.DefaultUserCodeApplicationContext$CurrentApplication$1::execute@21 (line 122)
                      ; - org.gradle.api.internal.DefaultCollectionCallbackActionDecorator$BuildOperationEmittingAction$1::run@11 (line 109)
                      ; - org.gradle.internal.operations.DefaultBuildOperationRunner$1::execute@2 (line 29)
                      ; - org.gradle.internal.operations.DefaultBuildOperationRunner$1::execute@6 (line 26)
  0x0000019146ce7d60: 9cc8 f8fe 

  0x0000019146ce7d64: ;   {other}
  0x0000019146ce7d64: 0f1f 8400 | 541a 0028 | baf6 ffff | ff48 8b6c | 2420 4c8b | 5424 284c | 8954 2420 | 448b 5c24 
  0x0000019146ce7d84: 3044 895c 

  0x0000019146ce7d88: ;   {runtime_call UncommonTrapBlob}
  0x0000019146ce7d88: 2428 90e8 

  0x0000019146ce7d8c: ; ImmutableOopMap {rbp=Oop [32]=Oop [40]=NarrowOop [56]=Oop }
                      ;*getfield currentApplication {reexecute=1 rethrow=0 return_oop=0}
                      ; - (reexecute) org.gradle.internal.code.DefaultUserCodeApplicationContext::access$000@1 (line 25)
                      ; - org.gradle.internal.code.DefaultUserCodeApplicationContext$CurrentApplication$1::execute@24 (line 122)
                      ; - org.gradle.api.internal.DefaultCollectionCallbackActionDecorator$BuildOperationEmittingAction$1::run@11 (line 109)
                      ; - org.gradle.internal.operations.DefaultBuildOperationRunner$1::execute@2 (line 29)
                      ; - org.gradle.internal.operations.DefaultBuildOperationRunner$1::execute@6 (line 26)
  0x0000019146ce7d8c: 70c8 f8fe 

  0x0000019146ce7d90: ;   {other}
  0x0000019146ce7d90: 0f1f 8400 | 801a 0029 | baf6 ffff | ff48 8b6c | 2420 4c8b | 5424 284c | 8954 2420 | 448b 5c24 
  0x0000019146ce7db0: 3044 895c | 2428 8944 

  0x0000019146ce7db8: ;   {runtime_call UncommonTrapBlob}
  0x0000019146ce7db8: 242c 90e8 

  0x0000019146ce7dbc: ; ImmutableOopMap {rbp=Oop [32]=Oop [40]=NarrowOop [44]=NarrowOop [56]=Oop }
                      ;*invokevirtual set {reexecute=0 rethrow=0 return_oop=0}
                      ; - org.gradle.internal.code.DefaultUserCodeApplicationContext$CurrentApplication$1::execute@31 (line 122)
                      ; - org.gradle.api.internal.DefaultCollectionCallbackActionDecorator$BuildOperationEmittingAction$1::run@11 (line 109)
                      ; - org.gradle.internal.operations.DefaultBuildOperationRunner$1::execute@2 (line 29)
                      ; - org.gradle.internal.operations.DefaultBuildOperationRunner$1::execute@6 (line 26)
  0x0000019146ce7dbc: 40c8 f8fe 

  0x0000019146ce7dc0: ;   {other}
  0x0000019146ce7dc0: 0f1f 8400 | b01a 002a | baf6 ffff | ff48 8b6c 

  0x0000019146ce7dd0: ;   {runtime_call UncommonTrapBlob}
  0x0000019146ce7dd0: 2420 90e8 

  0x0000019146ce7dd4: ; ImmutableOopMap {rbp=Oop [56]=Oop }
                      ;*getfield this$0 {reexecute=1 rethrow=0 return_oop=0}
                      ; - (reexecute) org.gradle.internal.code.DefaultUserCodeApplicationContext$CurrentApplication$1::execute@48 (line 126)
                      ; - org.gradle.api.internal.DefaultCollectionCallbackActionDecorator$BuildOperationEmittingAction$1::run@11 (line 109)
                      ; - org.gradle.internal.operations.DefaultBuildOperationRunner$1::execute@2 (line 29)
                      ; - org.gradle.internal.operations.DefaultBuildOperationRunner$1::execute@6 (line 26)
  0x0000019146ce7dd4: 28c8 f8fe 

  0x0000019146ce7dd8: ;   {other}
  0x0000019146ce7dd8: 0f1f 8400 | c81a 002b | baf6 ffff | ff48 8b6c 

  0x0000019146ce7de8: ;   {runtime_call UncommonTrapBlob}
  0x0000019146ce7de8: 2420 90e8 

  0x0000019146ce7dec: ; ImmutableOopMap {rbp=Oop [56]=Oop }
                      ;*getfield currentApplication {reexecute=1 rethrow=0 return_oop=0}
                      ; - (reexecute) org.gradle.internal.code.DefaultUserCodeApplicationContext::access$000@1 (line 25)
                      ; - org.gradle.internal.code.DefaultUserCodeApplicationContext$CurrentApplication$1::execute@51 (line 126)
                      ; - org.gradle.api.internal.DefaultCollectionCallbackActionDecorator$BuildOperationEmittingAction$1::run@11 (line 109)
                      ; - org.gradle.internal.operations.DefaultBuildOperationRunner$1::execute@2 (line 29)
                      ; - org.gradle.internal.operations.DefaultBuildOperationRunner$1::execute@6 (line 26)
  0x0000019146ce7dec: 10c8 f8fe 

  0x0000019146ce7df0: ;   {other}
  0x0000019146ce7df0: 0f1f 8400 | e01a 002c | baf6 ffff | ff48 8b6c 

  0x0000019146ce7e00: ;   {runtime_call UncommonTrapBlob}
  0x0000019146ce7e00: 2420 90e8 

  0x0000019146ce7e04: ; ImmutableOopMap {rbp=Oop [56]=Oop }
                      ;*invokevirtual set {reexecute=0 rethrow=0 return_oop=0}
                      ; - org.gradle.internal.code.DefaultUserCodeApplicationContext$CurrentApplication$1::execute@55 (line 126)
                      ; - org.gradle.api.internal.DefaultCollectionCallbackActionDecorator$BuildOperationEmittingAction$1::run@11 (line 109)
                      ; - org.gradle.internal.operations.DefaultBuildOperationRunner$1::execute@2 (line 29)
                      ; - org.gradle.internal.operations.DefaultBuildOperationRunner$1::execute@6 (line 26)
  0x0000019146ce7e04: f8c7 f8fe 

  0x0000019146ce7e08: ;   {other}
  0x0000019146ce7e08: 0f1f 8400 | f81a 002d | baf6 ffff 

  0x0000019146ce7e14: ;   {runtime_call UncommonTrapBlob}
  0x0000019146ce7e14: ff66 90e8 

  0x0000019146ce7e18: ; ImmutableOopMap {}
                      ;*invokeinterface setResult {reexecute=0 rethrow=0 return_oop=0}
                      ; - org.gradle.api.internal.DefaultCollectionCallbackActionDecorator$BuildOperationEmittingAction$1::run@20 (line 110)
                      ; - org.gradle.internal.operations.DefaultBuildOperationRunner$1::execute@2 (line 29)
                      ; - org.gradle.internal.operations.DefaultBuildOperationRunner$1::execute@6 (line 26)
  0x0000019146ce7e18: e4c7 f8fe 

  0x0000019146ce7e1c: ;   {other}
  0x0000019146ce7e1c: 0f1f 8400 | 0c1b 002e | baf6 ffff | ff49 8be9 | 4c8b 5424 | 284c 8954 

  0x0000019146ce7e34: ;   {runtime_call UncommonTrapBlob}
  0x0000019146ce7e34: 2420 90e8 

  0x0000019146ce7e38: ; ImmutableOopMap {rbp=Oop [32]=Oop [48]=NarrowOop }
                      ;*arraylength {reexecute=0 rethrow=0 return_oop=0}
                      ; - java.lang.ThreadLocal$ThreadLocalMap::getEntry@8
                      ; - java.lang.ThreadLocal::get@12
                      ; - java.lang.ThreadLocal::get@4
                      ; - org.gradle.internal.code.DefaultUserCodeApplicationContext$CurrentApplication$1::execute@10 (line 121)
                      ; - org.gradle.api.internal.DefaultCollectionCallbackActionDecorator$BuildOperationEmittingAction$1::run@11 (line 109)
                      ; - org.gradle.internal.operations.DefaultBuildOperationRunner$1::execute@2 (line 29)
                      ; - org.gradle.internal.operations.DefaultBuildOperationRunner$1::execute@6 (line 26)
  0x0000019146ce7e38: c4c7 f8fe 

  0x0000019146ce7e3c: ;   {other}
  0x0000019146ce7e3c: 0f1f 8400 | 2c1b 002f | baf6 ffff | ff48 8b6c | 2420 4c8b | 5424 284c | 8954 2420 | 448b 5424 
  0x0000019146ce7e5c: 3044 8954 

  0x0000019146ce7e60: ;   {runtime_call UncommonTrapBlob}
  0x0000019146ce7e60: 2428 90e8 

  0x0000019146ce7e64: ; ImmutableOopMap {rbp=Oop [32]=Oop [40]=NarrowOop [56]=Oop }
                      ;*arraylength {reexecute=0 rethrow=0 return_oop=0}
                      ; - java.lang.ThreadLocal$ThreadLocalMap::set@6
                      ; - java.lang.ThreadLocal::set@13
                      ; - java.lang.ThreadLocal::set@5
                      ; - org.gradle.internal.code.DefaultUserCodeApplicationContext$CurrentApplication$1::execute@31 (line 122)
                      ; - org.gradle.api.internal.DefaultCollectionCallbackActionDecorator$BuildOperationEmittingAction$1::run@11 (line 109)
                      ; - org.gradle.internal.operations.DefaultBuildOperationRunner$1::execute@2 (line 29)
                      ; - org.gradle.internal.operations.DefaultBuildOperationRunner$1::execute@6 (line 26)
  0x0000019146ce7e64: 98c7 f8fe 

  0x0000019146ce7e68: ;   {other}
  0x0000019146ce7e68: 0f1f 8400 | 581b 0030 | baf6 ffff | ff48 8b6c 

  0x0000019146ce7e78: ;   {runtime_call UncommonTrapBlob}
  0x0000019146ce7e78: 2420 90e8 

  0x0000019146ce7e7c: ; ImmutableOopMap {rbp=Oop }
                      ;*arraylength {reexecute=0 rethrow=0 return_oop=0}
                      ; - java.lang.ThreadLocal$ThreadLocalMap::set@6
                      ; - java.lang.ThreadLocal::set@13
                      ; - java.lang.ThreadLocal::set@5
                      ; - org.gradle.internal.code.DefaultUserCodeApplicationContext$CurrentApplication$1::execute@55 (line 126)
                      ; - org.gradle.api.internal.DefaultCollectionCallbackActionDecorator$BuildOperationEmittingAction$1::run@11 (line 109)
                      ; - org.gradle.internal.operations.DefaultBuildOperationRunner$1::execute@2 (line 29)
                      ; - org.gradle.internal.operations.DefaultBuildOperationRunner$1::execute@6 (line 26)
  0x0000019146ce7e7c: 80c7 f8fe 

  0x0000019146ce7e80: ;   {other}
  0x0000019146ce7e80: 0f1f 8400 | 701b 0031 | baf6 ffff | ff48 8b6c | 2420 4c8b | 5424 284c | 8954 2420 | 448b 5424 
  0x0000019146ce7ea0: 3044 8954 

  0x0000019146ce7ea4: ;   {runtime_call UncommonTrapBlob}
  0x0000019146ce7ea4: 2428 90e8 

  0x0000019146ce7ea8: ; ImmutableOopMap {rbp=Oop [32]=Oop [40]=NarrowOop [56]=Oop }
                      ;*arraylength {reexecute=0 rethrow=0 return_oop=0}
                      ; - java.lang.ThreadLocal$ThreadLocalMap::cleanSomeSlots@10
                      ; - java.lang.ThreadLocal$ThreadLocalMap::set@113
                      ; - java.lang.ThreadLocal::set@13
                      ; - java.lang.ThreadLocal::set@5
                      ; - org.gradle.internal.code.DefaultUserCodeApplicationContext$CurrentApplication$1::execute@31 (line 122)
                      ; - org.gradle.api.internal.DefaultCollectionCallbackActionDecorator$BuildOperationEmittingAction$1::run@11 (line 109)
                      ; - org.gradle.internal.operations.DefaultBuildOperationRunner$1::execute@2 (line 29)
                      ; - org.gradle.internal.operations.DefaultBuildOperationRunner$1::execute@6 (line 26)
  0x0000019146ce7ea8: 54c7 f8fe 

  0x0000019146ce7eac: ;   {other}
  0x0000019146ce7eac: 0f1f 8400 | 9c1b 0032 | baf6 ffff | ff48 8b6c 

  0x0000019146ce7ebc: ;   {runtime_call UncommonTrapBlob}
  0x0000019146ce7ebc: 2420 90e8 

  0x0000019146ce7ec0: ; ImmutableOopMap {rbp=Oop }
                      ;*arraylength {reexecute=0 rethrow=0 return_oop=0}
                      ; - java.lang.ThreadLocal$ThreadLocalMap::cleanSomeSlots@10
                      ; - java.lang.ThreadLocal$ThreadLocalMap::set@113
                      ; - java.lang.ThreadLocal::set@13
                      ; - java.lang.ThreadLocal::set@5
                      ; - org.gradle.internal.code.DefaultUserCodeApplicationContext$CurrentApplication$1::execute@55 (line 126)
                      ; - org.gradle.api.internal.DefaultCollectionCallbackActionDecorator$BuildOperationEmittingAction$1::run@11 (line 109)
                      ; - org.gradle.internal.operations.DefaultBuildOperationRunner$1::execute@2 (line 29)
                      ; - org.gradle.internal.operations.DefaultBuildOperationRunner$1::execute@6 (line 26)
  0x0000019146ce7ec0: 3cc7 f8fe 

  0x0000019146ce7ec4: ;   {other}
  0x0000019146ce7ec4: 0f1f 8400 | b41b 0033 | eb61 eb5f | eb5d eb5b | eb59 eb57 | eb55 eb53 | eb51 eb4f | 488b d0eb 
  0x0000019146ce7ee4: 4d48 8944 | 2430 4c8b | 5424 2845 | 8b52 1047 | 8b5c d414 

  0x0000019146ce7ef8: ; implicit exception: dispatches to 0x0000019146ce7f58
  0x0000019146ce7ef8: 478b 54dc | 0c49 8bd2 | 48c1 e203 | 488b 6c24 | 204c 8b44 | 2438 6666 | 9048 b8ff | ffff ffff 
  0x0000019146ce7f18: ;   {virtual_call}
  0x0000019146ce7f18: ffff ffe8 

  0x0000019146ce7f1c: ; ImmutableOopMap {rbp=Oop [48]=Oop }
                      ;*invokevirtual set {reexecute=0 rethrow=0 return_oop=0}
                      ; - org.gradle.internal.code.DefaultUserCodeApplicationContext$CurrentApplication$1::execute@73 (line 126)
                      ; - org.gradle.api.internal.DefaultCollectionCallbackActionDecorator$BuildOperationEmittingAction$1::run@11 (line 109)
                      ; - org.gradle.internal.operations.DefaultBuildOperationRunner$1::execute@2 (line 29)
                      ; - org.gradle.internal.operations.DefaultBuildOperationRunner$1::execute@6 (line 26)
  0x0000019146ce7f1c: 606e f8fe 

  0x0000019146ce7f20: ;   {other}
  0x0000019146ce7f20: 0f1f 8400 | 101c 0034 | 488b 4424 | 30eb 0048 | 8bd0 4881 | c4a0 0000 

  0x0000019146ce7f38: ;   {runtime_call _rethrow_Java}
  0x0000019146ce7f38: 005d e9c1 | 0405 ffba | f6ff ffff | 488b 6c24 

  0x0000019146ce7f48: ;   {runtime_call UncommonTrapBlob}
  0x0000019146ce7f48: 2066 90e8 

  0x0000019146ce7f4c: ; ImmutableOopMap {rbp=Oop [48]=Oop [56]=Oop }
                      ;*getfield this$0 {reexecute=1 rethrow=0 return_oop=0}
                      ; - (reexecute) org.gradle.internal.code.DefaultUserCodeApplicationContext$CurrentApplication$1::execute@66 (line 126)
                      ; - org.gradle.api.internal.DefaultCollectionCallbackActionDecorator$BuildOperationEmittingAction$1::run@11 (line 109)
                      ; - org.gradle.internal.operations.DefaultBuildOperationRunner$1::execute@2 (line 29)
                      ; - org.gradle.internal.operations.DefaultBuildOperationRunner$1::execute@6 (line 26)
  0x0000019146ce7f4c: b0c6 f8fe 

  0x0000019146ce7f50: ;   {other}
  0x0000019146ce7f50: 0f1f 8400 | 401c 0035 | baf6 ffff | ff48 8b6c 

  0x0000019146ce7f60: ;   {runtime_call UncommonTrapBlob}
  0x0000019146ce7f60: 2420 90e8 

  0x0000019146ce7f64: ; ImmutableOopMap {rbp=Oop [48]=Oop [56]=Oop }
                      ;*getfield currentApplication {reexecute=1 rethrow=0 return_oop=0}
                      ; - (reexecute) org.gradle.internal.code.DefaultUserCodeApplicationContext::access$000@1 (line 25)
                      ; - org.gradle.internal.code.DefaultUserCodeApplicationContext$CurrentApplication$1::execute@69 (line 126)
                      ; - org.gradle.api.internal.DefaultCollectionCallbackActionDecorator$BuildOperationEmittingAction$1::run@11 (line 109)
                      ; - org.gradle.internal.operations.DefaultBuildOperationRunner$1::execute@2 (line 29)
                      ; - org.gradle.internal.operations.DefaultBuildOperationRunner$1::execute@6 (line 26)
  0x0000019146ce7f64: 98c6 f8fe 

  0x0000019146ce7f68: ;   {other}
  0x0000019146ce7f68: 0f1f 8400 | 581c 0036 

  0x0000019146ce7f70: ;   {internal_word}
  0x0000019146ce7f70: 49ba 5f6e | ce46 9101 | 0000 4d89 | 9768 0400 

  0x0000019146ce7f80: ;   {runtime_call SafepointBlob}
  0x0000019146ce7f80: 00e9 7ad7 

  0x0000019146ce7f84: ;   {runtime_call StubRoutines (final stubs)}
  0x0000019146ce7f84: f8fe e8d5 | 1bf7 fee9 | cee6 ffff 
[Stub Code]
  0x0000019146ce7f90: ;   {no_reloc}
  0x0000019146ce7f90: 48bb 0000 | 0000 0000 

  0x0000019146ce7f98: ;   {runtime_call}
  0x0000019146ce7f98: 0000 e9fb 

  0x0000019146ce7f9c: ;   {static_stub}
  0x0000019146ce7f9c: ffff ff48 | bb00 0000 | 0000 0000 

  0x0000019146ce7fa8: ;   {runtime_call}
  0x0000019146ce7fa8: 00e9 fbff 

  0x0000019146ce7fac: ;   {static_stub}
  0x0000019146ce7fac: ffff 48bb | 0000 0000 | 0000 0000 

  0x0000019146ce7fb8: ;   {runtime_call}
  0x0000019146ce7fb8: e9fb ffff 

  0x0000019146ce7fbc: ;   {static_stub}
  0x0000019146ce7fbc: ff48 bb00 | 0000 0000 

  0x0000019146ce7fc4: ;   {runtime_call}
  0x0000019146ce7fc4: 0000 00e9 | fbff ffff 

  0x0000019146ce7fcc: ;   {static_stub}
  0x0000019146ce7fcc: 48bb 0000 | 0000 0000 

  0x0000019146ce7fd4: ;   {runtime_call}
  0x0000019146ce7fd4: 0000 e9fb 

  0x0000019146ce7fd8: ;   {static_stub}
  0x0000019146ce7fd8: ffff ff48 | bb00 0000 | 0000 0000 

  0x0000019146ce7fe4: ;   {runtime_call}
  0x0000019146ce7fe4: 00e9 fbff 

  0x0000019146ce7fe8: ;   {runtime_call ExceptionBlob}
  0x0000019146ce7fe8: ffff e911 | a204 ffe8 | 0000 0000 | 4883 2c24 

  0x0000019146ce7ff8: ;   {runtime_call DeoptimizationBlob}
  0x0000019146ce7ff8: 05e9 a2c9 | f8fe f4f4 
[/MachCode]


Compiled method (c1)  846127 8138   !   3       org.gradle.internal.operations.DefaultBuildOperationRunner$2::execute (110 bytes)
 total in heap  [0x0000019136cfde10,0x0000019136cfecf0] = 3808
 relocation     [0x0000019136cfdf70,0x0000019136cfe040] = 208
 main code      [0x0000019136cfe040,0x0000019136cfe820] = 2016
 stub code      [0x0000019136cfe820,0x0000019136cfe8b8] = 152
 oops           [0x0000019136cfe8b8,0x0000019136cfe8c0] = 8
 metadata       [0x0000019136cfe8c0,0x0000019136cfe900] = 64
 scopes data    [0x0000019136cfe900,0x0000019136cfea68] = 360
 scopes pcs     [0x0000019136cfea68,0x0000019136cfeb88] = 288
 dependencies   [0x0000019136cfeb88,0x0000019136cfeba0] = 24
 handler table  [0x0000019136cfeba0,0x0000019136cfecc0] = 288
 nul chk table  [0x0000019136cfecc0,0x0000019136cfecf0] = 48

[Constant Pool (empty)]

[MachCode]
[Entry Point]
  # {method} {0x000001916582f8d8} 'execute' '(Lorg/gradle/internal/operations/BuildOperationDescriptor;Lorg/gradle/internal/operations/BuildOperationState;Lorg/gradle/internal/operations/BuildOperationState;Lorg/gradle/internal/operations/DefaultBuildOperationRunner$ReadableBuildOperationContext;Lorg/gradle/internal/operations/DefaultBuildOperationRunner$BuildOperationExecutionListener;)Lorg/gradle/internal/operations/BuildOperation;' in 'org/gradle/internal/operations/DefaultBuildOperationRunner$2'
  # this:     rdx:rdx   = 'org/gradle/internal/operations/DefaultBuildOperationRunner$2'
  # parm0:    r8:r8     = 'org/gradle/internal/operations/BuildOperationDescriptor'
  # parm1:    r9:r9     = 'org/gradle/internal/operations/BuildOperationState'
  # parm2:    rdi:rdi   = 'org/gradle/internal/operations/BuildOperationState'
  # parm3:    rsi:rsi   = 'org/gradle/internal/operations/DefaultBuildOperationRunner$ReadableBuildOperationContext'
  # parm4:    rcx:rcx   = 'org/gradle/internal/operations/DefaultBuildOperationRunner$BuildOperationExecutionListener'
  #           [sp+0xb0]  (sp of caller)
  0x0000019136cfe040: 448b 5208 | 49bb 0000 | 0000 0800 | 0000 4d03 | d34c 3bd0 

  0x0000019136cfe054: ;   {runtime_call ic_miss_stub}
  0x0000019136cfe054: 0f85 2607 | f70e 660f | 1f44 0000 
[Verified Entry Point]
  0x0000019136cfe060: 8984 2400 | 80ff ff55 | 4881 eca0 | 0000 0090 | 4181 7f20 | 1900 0000 

  0x0000019136cfe078: ;   {runtime_call StubRoutines (final stubs)}
  0x0000019136cfe078: 7405 e8e1 | baf5 0e48 | 8954 2448 

  0x0000019136cfe084: ;   {metadata(method data for {method} {0x000001916582f8d8} 'execute' '(Lorg/gradle/internal/operations/BuildOperationDescriptor;Lorg/gradle/internal/operations/BuildOperationState;Lorg/gradle/internal/operations/BuildOperationState;Lorg/gradle/internal/operations/DefaultBuildOperationRunner$ReadableBuildOperationContext;Lorg/gradle/internal/operations/DefaultBuildOperationRunner$BuildOperationExecutionListener;)Lorg/gradle/internal/operations/BuildOperation;' in 'org/gradle/internal/operations/DefaultBuildOperationRunner$2')}
  0x0000019136cfe084: 48bb 0080 | 7f70 9101 | 0000 8b83 | cc00 0000 | 83c0 0289 | 83cc 0000 | 0025 fe07 | 0000 85c0 
  0x0000019136cfe0a4: 0f84 6f06 | 0000 4889 | 7424 5048 | 897c 2470 

  0x0000019136cfe0b4: ; implicit exception: dispatches to 0x0000019136cfe73a
  0x0000019136cfe0b4: 483b 0148 

  0x0000019136cfe0b8: ;   {metadata(method data for {method} {0x000001916582f8d8} 'execute' '(Lorg/gradle/internal/operations/BuildOperationDescriptor;Lorg/gradle/internal/operations/BuildOperationState;Lorg/gradle/internal/operations/BuildOperationState;Lorg/gradle/internal/operations/DefaultBuildOperationRunner$ReadableBuildOperationContext;Lorg/gradle/internal/operations/DefaultBuildOperationRunner$BuildOperationExecutionListener;)Lorg/gradle/internal/operations/BuildOperation;' in 'org/gradle/internal/operations/DefaultBuildOperationRunner$2')}
  0x0000019136cfe0b8: 8bd9 48b8 | 0080 7f70 | 9101 0000 | 8b5b 0849 | ba00 0000 | 0008 0000 | 0049 03da | 483b 9820 
  0x0000019136cfe0d8: 0100 0075 | 0d48 8380 | 2801 0000 | 01e9 6000 | 0000 483b | 9830 0100 | 0075 0d48 | 8380 3801 
  0x0000019136cfe0f8: 0000 01e9 | 4a00 0000 | 4883 b820 | 0100 0000 | 7517 4889 | 9820 0100 | 0048 c780 | 2801 0000 
  0x0000019136cfe118: 0100 0000 | e929 0000 | 0048 83b8 | 3001 0000 | 0075 1748 | 8998 3001 | 0000 48c7 | 8038 0100 
  0x0000019136cfe138: 0001 0000 | 00e9 0800 | 0000 4883 | 8010 0100 | 0001 498b | d84c 8bc3 | 498b c14c | 8bc8 488b 
  0x0000019136cfe158: d148 8944 | 2468 4889 | 5c24 6048 | 894c 2458 | 0f1f 4400 | 0048 b848 | a837 0008 

  0x0000019136cfe174: ;   {virtual_call}
  0x0000019136cfe174: 0000 00e8 

  0x0000019136cfe178: ; ImmutableOopMap {[72]=Oop [80]=Oop [88]=Oop [96]=Oop [104]=Oop [112]=Oop }
                      ;*invokeinterface start {reexecute=0 rethrow=0 return_oop=0}
                      ; - org.gradle.internal.operations.DefaultBuildOperationRunner$2::execute@4 (line 63)
  0x0000019136cfe178: 0460 68ff 

  0x0000019136cfe17c: ;   {other}
  0x0000019136cfe17c: 0f1f 8400 | 6c03 0000 | 488b 5424 | 488b 720c | 48c1 e603 | 448b 4210 | 49c1 e003 

  0x0000019136cfe198: ; implicit exception: dispatches to 0x0000019136cfe73f
  0x0000019136cfe198: 483b 064c 

  0x0000019136cfe19c: ;   {metadata(method data for {method} {0x000001916582f8d8} 'execute' '(Lorg/gradle/internal/operations/BuildOperationDescriptor;Lorg/gradle/internal/operations/BuildOperationState;Lorg/gradle/internal/operations/BuildOperationState;Lorg/gradle/internal/operations/DefaultBuildOperationRunner$ReadableBuildOperationContext;Lorg/gradle/internal/operations/DefaultBuildOperationRunner$BuildOperationExecutionListener;)Lorg/gradle/internal/operations/BuildOperation;' in 'org/gradle/internal/operations/DefaultBuildOperationRunner$2')}
  0x0000019136cfe19c: 8bce 48bf | 0080 7f70 | 9101 0000 | 458b 4908 | 49ba 0000 | 0000 0800 | 0000 4d03 | ca4c 3b8f 
  0x0000019136cfe1bc: 5801 0000 | 750d 4883 | 8760 0100 | 0001 e960 | 0000 004c | 3b8f 6801 | 0000 750d | 4883 8770 
  0x0000019136cfe1dc: 0100 0001 | e94a 0000 | 0048 83bf | 5801 0000 | 0075 174c | 898f 5801 | 0000 48c7 | 8760 0100 
  0x0000019136cfe1fc: 0001 0000 | 00e9 2900 | 0000 4883 | bf68 0100 | 0000 7517 | 4c89 8f68 | 0100 0048 | c787 7001 
  0x0000019136cfe21c: 0000 0100 | 0000 e908 | 0000 0048 | 8387 4801 | 0000 014c | 8b4c 2450 | 488b d666 | 0f1f 4400 
  0x0000019136cfe23c: 0048 b820 | d109 6f91 

  0x0000019136cfe244: ;   {virtual_call}
  0x0000019136cfe244: 0100 00e8 

  0x0000019136cfe248: ; ImmutableOopMap {[72]=Oop [80]=Oop [88]=Oop [96]=Oop [104]=Oop [112]=Oop }
                      ;*invokeinterface execute {reexecute=0 rethrow=0 return_oop=0}
                      ; - org.gradle.internal.operations.DefaultBuildOperationRunner$2::execute@22 (line 66)
  0x0000019136cfe248: b4c2 030f 

  0x0000019136cfe24c: ;   {other}
  0x0000019136cfe24c: 0f1f 8400 | 3c04 0001 

  0x0000019136cfe254: ;   {metadata(method data for {method} {0x000001916582f8d8} 'execute' '(Lorg/gradle/internal/operations/BuildOperationDescriptor;Lorg/gradle/internal/operations/BuildOperationState;Lorg/gradle/internal/operations/BuildOperationState;Lorg/gradle/internal/operations/DefaultBuildOperationRunner$ReadableBuildOperationContext;Lorg/gradle/internal/operations/DefaultBuildOperationRunner$BuildOperationExecutionListener;)Lorg/gradle/internal/operations/BuildOperation;' in 'org/gradle/internal/operations/DefaultBuildOperationRunner$2')}
  0x0000019136cfe254: 48b8 0080 | 7f70 9101 | 0000 ff80 | 8001 0000 

  0x0000019136cfe264: ;   {oop(nullptr)}
  0x0000019136cfe264: 48bb 0000 | 0000 0000 | 0000 4889 | 5c24 7848 | 8b74 2450 | e946 0100 | 0049 8b87 | 0005 0000 
  0x0000019136cfe284: 4d33 d24d | 8997 0005 | 0000 4d33 | d24d 8997 | 0805 0000 | 4885 f60f | 8429 0000 

  0x0000019136cfe2a0: ;   {metadata('org/gradle/internal/operations/DefaultBuildOperationRunner$DefaultBuildOperationContext')}
  0x0000019136cfe2a0: 0048 ba58 | ad37 0008 | 0000 008b | 7e08 49ba | 0000 0000 | 0800 0000 | 4903 fa48 | 3b57 380f 
  0x0000019136cfe2c0: 857f 0400 | 00e9 0000 | 0000 4c8b | c648 3b06 

  0x0000019136cfe2d0: ;   {metadata(method data for {method} {0x000001916582f8d8} 'execute' '(Lorg/gradle/internal/operations/BuildOperationDescriptor;Lorg/gradle/internal/operations/BuildOperationState;Lorg/gradle/internal/operations/BuildOperationState;Lorg/gradle/internal/operations/DefaultBuildOperationRunner$ReadableBuildOperationContext;Lorg/gradle/internal/operations/DefaultBuildOperationRunner$BuildOperationExecutionListener;)Lorg/gradle/internal/operations/BuildOperation;' in 'org/gradle/internal/operations/DefaultBuildOperationRunner$2')}
  0x0000019136cfe2d0: 4c8b c649 | b900 807f | 7091 0100 

  0x0000019136cfe2dc: ;   {metadata('org/gradle/internal/operations/DefaultBuildOperationRunner$DefaultBuildOperationContext')}
  0x0000019136cfe2dc: 0049 ba58 | ad37 0008 | 0000 004d | 8991 a801 | 0000 4983 | 81b0 0100 | 0001 448b | 4614 49c1 
  0x0000019136cfe2fc: e003 4d85 

  0x0000019136cfe300: ;   {metadata(method data for {method} {0x000001916582f8d8} 'execute' '(Lorg/gradle/internal/operations/BuildOperationDescriptor;Lorg/gradle/internal/operations/BuildOperationState;Lorg/gradle/internal/operations/BuildOperationState;Lorg/gradle/internal/operations/DefaultBuildOperationRunner$ReadableBuildOperationContext;Lorg/gradle/internal/operations/DefaultBuildOperationRunner$BuildOperationExecutionListener;)Lorg/gradle/internal/operations/BuildOperation;' in 'org/gradle/internal/operations/DefaultBuildOperationRunner$2')}
  0x0000019136cfe300: c049 b800 | 807f 7091 | 0100 0049 | b9d0 0100 | 0000 0000 | 0075 0a49 | b9e0 0100 | 0000 0000 
  0x0000019136cfe320: 004b 8b3c | 0848 8d7f | 014b 893c | 080f 8588 | 0000 0048 | 85f6 0f84 | 2900 0000 

  0x0000019136cfe33c: ;   {metadata('org/gradle/internal/operations/DefaultBuildOperationRunner$DefaultBuildOperationContext')}
  0x0000019136cfe33c: 48ba 58ad | 3700 0800 | 0000 8b7e | 0849 ba00 | 0000 0008 | 0000 0049 | 03fa 483b | 5738 0f85 
  0x0000019136cfe35c: ee03 0000 | e900 0000 | 004c 8bc6 

  0x0000019136cfe368: ;   {metadata(method data for {method} {0x000001916582f8d8} 'execute' '(Lorg/gradle/internal/operations/BuildOperationDescriptor;Lorg/gradle/internal/operations/BuildOperationState;Lorg/gradle/internal/operations/BuildOperationState;Lorg/gradle/internal/operations/DefaultBuildOperationRunner$ReadableBuildOperationContext;Lorg/gradle/internal/operations/DefaultBuildOperationRunner$BuildOperationExecutionListener;)Lorg/gradle/internal/operations/BuildOperation;' in 'org/gradle/internal/operations/DefaultBuildOperationRunner$2')}
  0x0000019136cfe368: 4c8b c649 | b900 807f | 7091 0100 

  0x0000019136cfe374: ;   {metadata('org/gradle/internal/operations/DefaultBuildOperationRunner$DefaultBuildOperationContext')}
  0x0000019136cfe374: 0049 ba58 | ad37 0008 | 0000 004d | 8991 0002 | 0000 4983 | 8108 0200 | 0001 450f | be47 4045 
  0x0000019136cfe394: 85c0 0f85 | b703 0000 | 4c8b d049 | c1ea 0344 | 8956 144c | 8bc6 4c33 | c049 c1e8 | 1649 83f8 
  0x0000019136cfe3b4: 000f 85b8 | 0300 0048 | 8bd8 4889 | 5c24 7848 | 8b7c 2470 | 488b 4c24 

  0x0000019136cfe3cc: ;   {metadata(method data for {method} {0x000001916582f8d8} 'execute' '(Lorg/gradle/internal/operations/BuildOperationDescriptor;Lorg/gradle/internal/operations/BuildOperationState;Lorg/gradle/internal/operations/BuildOperationState;Lorg/gradle/internal/operations/DefaultBuildOperationRunner$ReadableBuildOperationContext;Lorg/gradle/internal/operations/DefaultBuildOperationRunner$BuildOperationExecutionListener;)Lorg/gradle/internal/operations/BuildOperation;' in 'org/gradle/internal/operations/DefaultBuildOperationRunner$2')}
  0x0000019136cfe3cc: 5849 b800 | 807f 7091 | 0100 008b | 4908 49ba | 0000 0000 | 0800 0000 | 4903 ca49 | 3b88 3802 
  0x0000019136cfe3ec: 0000 750d | 4983 8040 | 0200 0001 | e960 0000 | 0049 3b88 | 4802 0000 | 750d 4983 | 8050 0200 
  0x0000019136cfe40c: 0001 e94a | 0000 0049 | 83b8 3802 | 0000 0075 | 1749 8988 | 3802 0000 | 49c7 8040 | 0200 0001 
  0x0000019136cfe42c: 0000 00e9 | 2900 0000 | 4983 b848 | 0200 0000 | 7517 4989 | 8848 0200 | 0049 c780 | 5002 0000 
  0x0000019136cfe44c: 0100 0000 | e908 0000 | 0049 8380 | 2802 0000 | 014c 8b44 | 2460 4c8b | 4c24 6848 | 8b54 2458 
  0x0000019136cfe46c: 9048 b848 | a837 0008 

  0x0000019136cfe474: ;   {virtual_call}
  0x0000019136cfe474: 0000 00e8 

  0x0000019136cfe478: ; ImmutableOopMap {[72]=Oop [88]=Oop [96]=Oop [104]=Oop [120]=Oop }
                      ;*invokeinterface stop {reexecute=0 rethrow=0 return_oop=0}
                      ; - org.gradle.internal.operations.DefaultBuildOperationRunner$2::execute@62 (line 73)
  0x0000019136cfe478: 8419 f8ff 

  0x0000019136cfe47c: ;   {other}
  0x0000019136cfe47c: 0f1f 8400 | 6c06 0002 | 488b 5c24 | 7848 85db 

  0x0000019136cfe48c: ;   {metadata(method data for {method} {0x000001916582f8d8} 'execute' '(Lorg/gradle/internal/operations/BuildOperationDescriptor;Lorg/gradle/internal/operations/BuildOperationState;Lorg/gradle/internal/operations/BuildOperationState;Lorg/gradle/internal/operations/DefaultBuildOperationRunner$ReadableBuildOperationContext;Lorg/gradle/internal/operations/DefaultBuildOperationRunner$BuildOperationExecutionListener;)Lorg/gradle/internal/operations/BuildOperation;' in 'org/gradle/internal/operations/DefaultBuildOperationRunner$2')}
  0x0000019136cfe48c: 49b8 0080 | 7f70 9101 | 0000 49b9 | 7002 0000 | 0000 0000 | 750a 49b9 | 6002 0000 | 0000 0000 
  0x0000019136cfe4ac: 4b8b 1408 | 488d 5201 | 4b89 1408 | 0f85 f400 | 0000 488b | 5424 488b | 7210 48c1 | e603 4889 
  0x0000019136cfe4cc: b424 8000 | 0000 488b 

  0x0000019136cfe4d4: ;   {metadata(method data for {method} {0x000001916582f8d8} 'execute' '(Lorg/gradle/internal/operations/BuildOperationDescriptor;Lorg/gradle/internal/operations/BuildOperationState;Lorg/gradle/internal/operations/BuildOperationState;Lorg/gradle/internal/operations/DefaultBuildOperationRunner$ReadableBuildOperationContext;Lorg/gradle/internal/operations/DefaultBuildOperationRunner$BuildOperationExecutionListener;)Lorg/gradle/internal/operations/BuildOperation;' in 'org/gradle/internal/operations/DefaultBuildOperationRunner$2')}
  0x0000019136cfe4d4: 4c24 5849 | b800 807f | 7091 0100 | 008b 4908 | 49ba 0000 | 0000 0800 | 0000 4903 | ca49 3b88 
  0x0000019136cfe4f4: a002 0000 | 750d 4983 | 80a8 0200 | 0001 e960 | 0000 0049 | 3b88 b002 | 0000 750d | 4983 80b8 
  0x0000019136cfe514: 0200 0001 | e94a 0000 | 0049 83b8 | a002 0000 | 0075 1749 | 8988 a002 | 0000 49c7 | 80a8 0200 
  0x0000019136cfe534: 0001 0000 | 00e9 2900 | 0000 4983 | b8b0 0200 | 0000 7517 | 4989 88b0 | 0200 0049 | c780 b802 
  0x0000019136cfe554: 0000 0100 | 0000 e908 | 0000 0049 | 8380 9002 | 0000 014c | 8b44 2460 | 4c8b 4c24 | 6848 8b54 
  0x0000019136cfe574: 2458 0f1f | 8000 0000 | 0048 b848 | a837 0008 

  0x0000019136cfe584: ;   {virtual_call}
  0x0000019136cfe584: 0000 00e8 

  0x0000019136cfe588: ; ImmutableOopMap {[128]=Oop }
                      ;*invokeinterface close {reexecute=0 rethrow=0 return_oop=0}
                      ; - org.gradle.internal.operations.DefaultBuildOperationRunner$2::execute@88 (line 79)
  0x0000019136cfe588: 548b f40f 

  0x0000019136cfe58c: ;   {other}
  0x0000019136cfe58c: 0f1f 8400 | 7c07 0003 | 488b 8424 | 8000 0000 | 4881 c4a0 | 0000 005d 

  0x0000019136cfe5a4: ;   {poll_return}
  0x0000019136cfe5a4: 493b a750 | 0400 000f | 87da 0100 

  0x0000019136cfe5b0: ;   {metadata(method data for {method} {0x000001916582f8d8} 'execute' '(Lorg/gradle/internal/operations/BuildOperationDescriptor;Lorg/gradle/internal/operations/BuildOperationState;Lorg/gradle/internal/operations/BuildOperationState;Lorg/gradle/internal/operations/DefaultBuildOperationRunner$ReadableBuildOperationContext;Lorg/gradle/internal/operations/DefaultBuildOperationRunner$BuildOperationExecutionListener;)Lorg/gradle/internal/operations/BuildOperation;' in 'org/gradle/internal/operations/DefaultBuildOperationRunner$2')}
  0x0000019136cfe5b0: 00c3 48ba | 0080 7f70 | 9101 0000 | 4883 8280 | 0200 0001 

  0x0000019136cfe5c4: ;   {metadata(method data for {method} {0x00000191652a6eb8} 'access$100' '(Ljava/lang/Throwable;)Ljava/lang/RuntimeException;' in 'org/gradle/internal/operations/DefaultBuildOperationRunner')}
  0x0000019136cfe5c4: 48ba 90c6 | 8e70 9101 | 0000 8bb2 | cc00 0000 | 83c6 0289 | b2cc 0000 | 0081 e6fe | ff1f 0085 
  0x0000019136cfe5e4: f60f 84b6 

  0x0000019136cfe5e8: ;   {metadata(method data for {method} {0x00000191652a6eb8} 'access$100' '(Ljava/lang/Throwable;)Ljava/lang/RuntimeException;' in 'org/gradle/internal/operations/DefaultBuildOperationRunner')}
  0x0000019136cfe5e8: 0100 0048 | ba90 c68e | 7091 0100 | 0048 8382 | 1001 0000 | 0148 8bd3 | 0f1f 8000 

  0x0000019136cfe604: ;   {static_call}
  0x0000019136cfe604: 0000 00e8 

  0x0000019136cfe608: ; ImmutableOopMap {[88]=Oop [96]=Oop [104]=Oop }
                      ;*invokestatic throwAsBuildOperationInvocationException {reexecute=0 rethrow=0 return_oop=0}
                      ; - org.gradle.internal.operations.DefaultBuildOperationRunner::access$100@1 (line 24)
                      ; - org.gradle.internal.operations.DefaultBuildOperationRunner$2::execute@74 (line 75)
  0x0000019136cfe608: 740a f70e 

  0x0000019136cfe60c: ;   {other}
  0x0000019136cfe60c: 0f1f 8400 | fc07 0004 

  0x0000019136cfe614: ; implicit exception: dispatches to 0x0000019136cfe7c2
                      ; ImmutableOopMap {rax=Oop [88]=Oop [96]=Oop [104]=Oop }
                      ;*athrow {reexecute=1 rethrow=0 return_oop=0}
                      ; - (reexecute) org.gradle.internal.operations.DefaultBuildOperationRunner$2::execute@77 (line 75)
                      ;   {section_word}
  0x0000019136cfe614: 483b 0048 | ba17 e6cf | 3691 0100 

  0x0000019136cfe620: ;   {runtime_call handle_exception_nofpu Runtime1 stub}
  0x0000019136cfe620: 00e8 5aed | 020f 9049 | 8b87 0005 | 0000 4d33 | d24d 8997 | 0005 0000 | 4d33 d24d | 8997 0805 
  0x0000019136cfe640: 0000 4889 | 8424 8800 | 0000 488b | 4c24 584c | 8b4c 2468 | 4c8b 4424 | 6048 3b01 

  0x0000019136cfe65c: ;   {metadata(method data for {method} {0x000001916582f8d8} 'execute' '(Lorg/gradle/internal/operations/BuildOperationDescriptor;Lorg/gradle/internal/operations/BuildOperationState;Lorg/gradle/internal/operations/BuildOperationState;Lorg/gradle/internal/operations/DefaultBuildOperationRunner$ReadableBuildOperationContext;Lorg/gradle/internal/operations/DefaultBuildOperationRunner$BuildOperationExecutionListener;)Lorg/gradle/internal/operations/BuildOperation;' in 'org/gradle/internal/operations/DefaultBuildOperationRunner$2')}
  0x0000019136cfe65c: 488b d148 | be00 807f | 7091 0100 | 008b 5208 | 49ba 0000 | 0000 0800 | 0000 4903 | d248 3b96 
  0x0000019136cfe67c: d802 0000 | 750d 4883 | 86e0 0200 | 0001 e960 | 0000 0048 | 3b96 e802 | 0000 750d | 4883 86f0 
  0x0000019136cfe69c: 0200 0001 | e94a 0000 | 0048 83be | d802 0000 | 0075 1748 | 8996 d802 | 0000 48c7 | 86e0 0200 
  0x0000019136cfe6bc: 0001 0000 | 00e9 2900 | 0000 4883 | bee8 0200 | 0000 7517 | 4889 96e8 | 0200 0048 | c786 f002 
  0x0000019136cfe6dc: 0000 0100 | 0000 e908 | 0000 0048 | 8386 c802 | 0000 0148 | 8bd1 6666 | 9048 b8ff | ffff ffff 
  0x0000019136cfe6fc: ;   {virtual_call}
  0x0000019136cfe6fc: ffff ffe8 

  0x0000019136cfe700: ; ImmutableOopMap {[136]=Oop }
                      ;*invokeinterface close {reexecute=0 rethrow=0 return_oop=0}
                      ; - org.gradle.internal.operations.DefaultBuildOperationRunner$2::execute@102 (line 79)
  0x0000019136cfe700: 7c06 f70e 

  0x0000019136cfe704: ;   {other}
  0x0000019136cfe704: 0f1f 8400 | f408 0006 | 488b 8424 | 8800 0000 | e9f8 0000 

  0x0000019136cfe718: ;   {metadata({method} {0x000001916582f8d8} 'execute' '(Lorg/gradle/internal/operations/BuildOperationDescriptor;Lorg/gradle/internal/operations/BuildOperationState;Lorg/gradle/internal/operations/BuildOperationState;Lorg/gradle/internal/operations/DefaultBuildOperationRunner$ReadableBuildOperationContext;Lorg/gradle/internal/operations/DefaultBuildOperationRunner$BuildOperationExecutionListener;)Lorg/gradle/internal/operations/BuildOperation;' in 'org/gradle/internal/operations/DefaultBuildOperationRunner$2')}
  0x0000019136cfe718: 0049 bad0 | f882 6591 | 0100 004c | 8954 2408 | 48c7 0424 | ffff ffff 

  0x0000019136cfe730: ;   {runtime_call counter_overflow Runtime1 stub}
  0x0000019136cfe730: e84b 2503 

  0x0000019136cfe734: ; ImmutableOopMap {rdx=Oop r8=Oop r9=Oop rdi=Oop rsi=Oop rcx=Oop [72]=Oop }
                      ;*synchronization entry
                      ; - org.gradle.internal.operations.DefaultBuildOperationRunner$2::execute@-1 (line 63)
  0x0000019136cfe734: 0fe9 70f9 

  0x0000019136cfe738: ;   {runtime_call throw_null_pointer_exception Runtime1 stub}
  0x0000019136cfe738: ffff e841 

  0x0000019136cfe73c: ; ImmutableOopMap {r8=Oop r9=Oop rcx=Oop [72]=Oop [80]=Oop [112]=Oop }
                      ;*invokeinterface start {reexecute=0 rethrow=0 return_oop=0}
                      ; - org.gradle.internal.operations.DefaultBuildOperationRunner$2::execute@4 (line 63)
                      ;   {runtime_call throw_null_pointer_exception Runtime1 stub}
  0x0000019136cfe73c: d402 0fe8 

  0x0000019136cfe740: ; ImmutableOopMap {rdx=Oop rsi=Oop r8=Oop [72]=Oop [80]=Oop [88]=Oop [96]=Oop [104]=Oop [112]=Oop }
                      ;*invokeinterface execute {reexecute=0 rethrow=0 return_oop=0}
                      ; - org.gradle.internal.operations.DefaultBuildOperationRunner$2::execute@22 (line 66)
  0x0000019136cfe740: 3cd4 020f 

  0x0000019136cfe744: ;   {runtime_call throw_incompatible_class_change_error Runtime1 stub}
  0x0000019136cfe744: e837 fb02 

  0x0000019136cfe748: ; ImmutableOopMap {rsi=Oop rax=Oop [72]=Oop [88]=Oop [96]=Oop [104]=Oop [112]=Oop }
                      ;*invokeinterface getFailure {reexecute=0 rethrow=0 return_oop=0}
                      ; - org.gradle.internal.operations.DefaultBuildOperationRunner$2::execute@34 (line 68)
                      ;   {runtime_call throw_null_pointer_exception Runtime1 stub}
  0x0000019136cfe748: 0fe8 32d4 

  0x0000019136cfe74c: ; ImmutableOopMap {rsi=Oop rax=Oop [72]=Oop [88]=Oop [96]=Oop [104]=Oop [112]=Oop }
                      ;*invokeinterface getFailure {reexecute=0 rethrow=0 return_oop=0}
                      ; - org.gradle.internal.operations.DefaultBuildOperationRunner$2::execute@34 (line 68)
                      ;   {runtime_call throw_incompatible_class_change_error Runtime1 stub}
  0x0000019136cfe74c: 020f e82d 

  0x0000019136cfe750: ; ImmutableOopMap {rsi=Oop rax=Oop [72]=Oop [88]=Oop [96]=Oop [104]=Oop [112]=Oop }
                      ;*invokeinterface failed {reexecute=0 rethrow=0 return_oop=0}
                      ; - org.gradle.internal.operations.DefaultBuildOperationRunner$2::execute@46 (line 69)
  0x0000019136cfe750: fb02 0f44 | 8b46 1449 | c1e0 0349 | 83f8 000f | 8437 fcff | ff4c 8904 

  0x0000019136cfe768: ;   {runtime_call g1_pre_barrier_slow}
  0x0000019136cfe768: 24e8 122b | 030f e929 | fcff ff48 | 83f8 000f | 843e fcff | ff48 8934 

  0x0000019136cfe780: ;   {runtime_call g1_post_barrier_slow}
  0x0000019136cfe780: 24e8 fa2d | 030f e930 

  0x0000019136cfe788: ;   {internal_word}
  0x0000019136cfe788: fcff ff49 | baa4 e5cf | 3691 0100 | 004d 8997 | 6804 0000 

  0x0000019136cfe79c: ;   {runtime_call SafepointBlob}
  0x0000019136cfe79c: e95f 6ff7 

  0x0000019136cfe7a0: ;   {metadata({method} {0x00000191652a6eb8} 'access$100' '(Ljava/lang/Throwable;)Ljava/lang/RuntimeException;' in 'org/gradle/internal/operations/DefaultBuildOperationRunner')}
  0x0000019136cfe7a0: 0e49 bab0 | 6e2a 6591 | 0100 004c | 8954 2408 | 48c7 0424 | ffff ffff 

  0x0000019136cfe7b8: ;   {runtime_call counter_overflow Runtime1 stub}
  0x0000019136cfe7b8: e8c3 2403 

  0x0000019136cfe7bc: ; ImmutableOopMap {rbx=Oop [88]=Oop [96]=Oop [104]=Oop }
                      ;*synchronization entry
                      ; - org.gradle.internal.operations.DefaultBuildOperationRunner::access$100@-1 (line 24)
                      ; - org.gradle.internal.operations.DefaultBuildOperationRunner$2::execute@74 (line 75)
  0x0000019136cfe7bc: 0fe9 29fe 

  0x0000019136cfe7c0: ;   {runtime_call throw_null_pointer_exception Runtime1 stub}
  0x0000019136cfe7c0: ffff e8b9 

  0x0000019136cfe7c4: ; ImmutableOopMap {rax=Oop [88]=Oop [96]=Oop [104]=Oop }
                      ;*athrow {reexecute=1 rethrow=0 return_oop=0}
                      ; - (reexecute) org.gradle.internal.operations.DefaultBuildOperationRunner$2::execute@77 (line 75)
                      ;   {runtime_call throw_null_pointer_exception Runtime1 stub}
  0x0000019136cfe7c4: d302 0fe8 

  0x0000019136cfe7c8: ; ImmutableOopMap {rcx=Oop r9=Oop r8=Oop [136]=Oop }
                      ;*invokeinterface close {reexecute=0 rethrow=0 return_oop=0}
                      ; - org.gradle.internal.operations.DefaultBuildOperationRunner$2::execute@102 (line 79)
  0x0000019136cfe7c8: b4d3 020f | 488b 7424 | 50e9 a7fa | ffff 4889 | 4c24 584c | 894c 2468 | 4c89 4424 | 60e9 3dfe 
  0x0000019136cfe7e8: ffff 488b | 7424 50e9 | 89fa ffff | 498b 8700 | 0500 0049 | c787 0005 | 0000 0000 | 0000 49c7 
  0x0000019136cfe808: 8708 0500 | 0000 0000 | 0048 81c4 | a000 0000 

  0x0000019136cfe818: ;   {runtime_call unwind_exception Runtime1 stub}
  0x0000019136cfe818: 5de9 62c4 | 020f f4f4 
[Stub Code]
  0x0000019136cfe820: ;   {no_reloc}
  0x0000019136cfe820: 0f1f 4400 

  0x0000019136cfe824: ;   {static_stub}
  0x0000019136cfe824: 0048 bb00 | 0000 0000 

  0x0000019136cfe82c: ;   {runtime_call}
  0x0000019136cfe82c: 0000 00e9 | fbff ffff 

  0x0000019136cfe834: ;   {static_stub}
  0x0000019136cfe834: 9048 bb00 | 0000 0000 

  0x0000019136cfe83c: ;   {runtime_call}
  0x0000019136cfe83c: 0000 00e9 | fbff ffff 

  0x0000019136cfe844: ;   {static_stub}
  0x0000019136cfe844: 9048 bb00 | 0000 0000 

  0x0000019136cfe84c: ;   {runtime_call}
  0x0000019136cfe84c: 0000 00e9 | fbff ffff 

  0x0000019136cfe854: ;   {static_stub}
  0x0000019136cfe854: 9048 bb00 | 0000 0000 

  0x0000019136cfe85c: ;   {runtime_call}
  0x0000019136cfe85c: 0000 00e9 | fbff ffff 

  0x0000019136cfe864: ;   {static_stub}
  0x0000019136cfe864: 9048 bb00 | 0000 0000 

  0x0000019136cfe86c: ;   {runtime_call}
  0x0000019136cfe86c: 0000 00e9 | fbff ffff 

  0x0000019136cfe874: ;   {static_stub}
  0x0000019136cfe874: 48bb 0000 | 0000 0000 

  0x0000019136cfe87c: ;   {runtime_call}
  0x0000019136cfe87c: 0000 e9fb 

  0x0000019136cfe880: ;   {runtime_call handle_exception_from_callee Runtime1 stub}
  0x0000019136cfe880: ffff ffe8 | f8f0 020f 

  0x0000019136cfe888: ;   {external_word}
  0x0000019136cfe888: 48b9 c03f | a6a3 ff7f | 0000 4883 

  0x0000019136cfe894: ;   {runtime_call}
  0x0000019136cfe894: e4f0 48b8 | 002e 75a3 | ff7f 0000 

  0x0000019136cfe8a0: ;   {section_word}
  0x0000019136cfe8a0: ffd0 f449 | baa3 e8cf | 3691 0100 

  0x0000019136cfe8ac: ;   {runtime_call DeoptimizationBlob}
  0x0000019136cfe8ac: 0041 52e9 | ec60 f70e | f4f4 f4f4 
[/MachCode]


---------------  P R O C E S S  ---------------

Threads class SMR info:
_java_thread_list=0x0000019100733730, length=71, elements={
0x0000019132db7580, 0x00000191634ed920, 0x00000191634f2390, 0x0000019163505cd0,
0x0000019163506730, 0x0000019163507190, 0x000001916351c850, 0x0000019163522c60,
0x0000019163523830, 0x0000019163600280, 0x0000019163600910, 0x0000019163600fa0,
0x00000191635ffbf0, 0x0000019163601630, 0x0000019169b9d4f0, 0x0000019169b9c140,
0x0000019169b9ad90, 0x0000019169b9ef30, 0x0000019169ba1690, 0x0000019169b9f5c0,
0x0000019169f18f50, 0x0000019112798040, 0x000001911930daf0, 0x000001911930fbc0,
0x000001911930e810, 0x00000191193129b0, 0x000001911930f530, 0x0000019119315110,
0x00000191193157a0, 0x0000019119313d60, 0x0000019119313040, 0x0000019119316b50,
0x00000191193171e0, 0x0000019101896c60, 0x00000191018986a0, 0x000001910189c1b0,
0x000001910189a770, 0x0000019101898d30, 0x000001910189c840, 0x000001910189ae00,
0x000001910189b490, 0x000001910189bb20, 0x00000191018993c0, 0x000001910189e910,
0x000001910189f630, 0x000001910189fcc0, 0x000001910189e280, 0x00000191018a0350,
0x000001910189efa0, 0x000001910189ced0, 0x000001910189d560, 0x00000191018a09e0,
0x000001910189dbf0, 0x00000191018a2420, 0x00000191018a2ab0, 0x00000191018a3140,
0x00000191018a37d0, 0x00000191018a3e60, 0x00000191018a1d90, 0x00000191018a44f0,
0x00000191018a1070, 0x00000191018a1700, 0x00000191018a5f30, 0x00000191018a4b80,
0x00000191018a5210, 0x00000191018a58a0, 0x0000019169f13a00, 0x0000019169f15440,
0x0000019100c5d6b0, 0x0000019100c621a0, 0x0000019169f15ad0
}

Java Threads: ( => current thread )
  0x0000019132db7580 JavaThread "main"                              [_thread_blocked, id=9944, stack(0x000000119a300000,0x000000119a400000) (1024K)]
  0x00000191634ed920 JavaThread "Reference Handler"          daemon [_thread_blocked, id=10476, stack(0x000000119ab00000,0x000000119ac00000) (1024K)]
  0x00000191634f2390 JavaThread "Finalizer"                  daemon [_thread_blocked, id=16848, stack(0x000000119ac00000,0x000000119ad00000) (1024K)]
  0x0000019163505cd0 JavaThread "Signal Dispatcher"          daemon [_thread_blocked, id=14576, stack(0x000000119ad00000,0x000000119ae00000) (1024K)]
  0x0000019163506730 JavaThread "Attach Listener"            daemon [_thread_blocked, id=10892, stack(0x000000119ae00000,0x000000119af00000) (1024K)]
  0x0000019163507190 JavaThread "Service Thread"             daemon [_thread_blocked, id=16556, stack(0x000000119af00000,0x000000119b000000) (1024K)]
  0x000001916351c850 JavaThread "Monitor Deflation Thread"   daemon [_thread_blocked, id=3500, stack(0x000000119b000000,0x000000119b100000) (1024K)]
  0x0000019163522c60 JavaThread "C2 CompilerThread0"         daemon [_thread_blocked, id=13988, stack(0x000000119b100000,0x000000119b200000) (1024K)]
  0x0000019163523830 JavaThread "C1 CompilerThread0"         daemon [_thread_blocked, id=17320, stack(0x000000119b200000,0x000000119b300000) (1024K)]
  0x0000019163600280 JavaThread "Common-Cleaner"             daemon [_thread_blocked, id=16600, stack(0x000000119b300000,0x000000119b400000) (1024K)]
  0x0000019163600910 JavaThread "Notification Thread"        daemon [_thread_blocked, id=3852, stack(0x000000119b400000,0x000000119b500000) (1024K)]
  0x0000019163600fa0 JavaThread "Daemon health stats"               [_thread_blocked, id=12648, stack(0x000000119ba00000,0x000000119bb00000) (1024K)]
  0x00000191635ffbf0 JavaThread "Incoming local TCP Connector on port 55550"        [_thread_in_native, id=3816, stack(0x000000119bc00000,0x000000119bd00000) (1024K)]
  0x0000019163601630 JavaThread "Daemon periodic checks"            [_thread_blocked, id=5204, stack(0x000000119bd00000,0x000000119be00000) (1024K)]
  0x0000019169b9d4f0 JavaThread "Cache worker for journal cache (C:\Users\Usuario\.gradle\caches\journal-1)"        [_thread_blocked, id=10980, stack(0x000000119cb00000,0x000000119cc00000) (1024K)]
  0x0000019169b9c140 JavaThread "File lock request listener"        [_thread_in_native, id=3424, stack(0x000000119cc00000,0x000000119cd00000) (1024K)]
  0x0000019169b9ad90 JavaThread "Cache worker for file hash cache (C:\Users\Usuario\.gradle\caches\9.3.1\fileHashes)"        [_thread_blocked, id=3032, stack(0x000000119cd00000,0x000000119ce00000) (1024K)]
  0x0000019169b9ef30 JavaThread "File watcher server"        daemon [_thread_in_native, id=7900, stack(0x000000119d100000,0x000000119d200000) (1024K)]
  0x0000019169ba1690 JavaThread "File watcher consumer"      daemon [_thread_blocked, id=9424, stack(0x000000119d200000,0x000000119d300000) (1024K)]
  0x0000019169b9f5c0 JavaThread "Cache worker for file content cache (C:\Users\Usuario\.gradle\caches\9.3.1\fileContent)"        [_thread_blocked, id=6352, stack(0x000000119d400000,0x000000119d500000) (1024K)]
  0x0000019169f18f50 JavaThread "Memory manager"                    [_thread_blocked, id=17440, stack(0x000000119f900000,0x000000119fa00000) (1024K)]
  0x0000019112798040 JavaThread "jar transforms"                    [_thread_blocked, id=18260, stack(0x00000011a4f00000,0x00000011a5000000) (1024K)]
  0x000001911930daf0 JavaThread "jar transforms Thread 2"           [_thread_blocked, id=18352, stack(0x00000011a6400000,0x00000011a6500000) (1024K)]
  0x000001911930fbc0 JavaThread "jar transforms Thread 3"           [_thread_blocked, id=8520, stack(0x00000011a6500000,0x00000011a6600000) (1024K)]
  0x000001911930e810 JavaThread "jar transforms Thread 4"           [_thread_blocked, id=7536, stack(0x00000011a6600000,0x00000011a6700000) (1024K)]
  0x00000191193129b0 JavaThread "jar transforms Thread 5"           [_thread_blocked, id=9164, stack(0x00000011a6700000,0x00000011a6800000) (1024K)]
  0x000001911930f530 JavaThread "jar transforms Thread 6"           [_thread_blocked, id=7240, stack(0x00000011a6800000,0x00000011a6900000) (1024K)]
  0x0000019119315110 JavaThread "jar transforms Thread 7"           [_thread_blocked, id=2432, stack(0x00000011a6900000,0x00000011a6a00000) (1024K)]
  0x00000191193157a0 JavaThread "jar transforms Thread 8"           [_thread_blocked, id=16664, stack(0x00000011a6a00000,0x00000011a6b00000) (1024K)]
  0x0000019119313d60 JavaThread "jar transforms Thread 9"           [_thread_blocked, id=12492, stack(0x00000011a6b00000,0x00000011a6c00000) (1024K)]
  0x0000019119313040 JavaThread "jar transforms Thread 10"          [_thread_blocked, id=2072, stack(0x00000011a6c00000,0x00000011a6d00000) (1024K)]
  0x0000019119316b50 JavaThread "jar transforms Thread 11"          [_thread_blocked, id=2304, stack(0x00000011a6d00000,0x00000011a6e00000) (1024K)]
  0x00000191193171e0 JavaThread "jar transforms Thread 12"          [_thread_blocked, id=16908, stack(0x00000011a6e00000,0x00000011a6f00000) (1024K)]
  0x0000019101896c60 JavaThread "Daemon Thread 2"                   [_thread_blocked, id=2880, stack(0x000000119a000000,0x000000119a100000) (1024K)]
  0x00000191018986a0 JavaThread "Handler for socket connection from /127.0.0.1:55550 to /127.0.0.1:56617"        [_thread_in_native, id=12388, stack(0x000000119a100000,0x000000119a200000) (1024K)]
  0x000001910189c1b0 JavaThread "Cancel handler"                    [_thread_blocked, id=4852, stack(0x000000119a200000,0x000000119a300000) (1024K)]
=>0x000001910189a770 JavaThread "Daemon worker Thread 2"            [_thread_in_vm, id=11912, stack(0x000000119bb00000,0x000000119bc00000) (1024K)]
  0x0000019101898d30 JavaThread "Asynchronous log dispatcher for DefaultDaemonConnection: socket connection from /127.0.0.1:55550 to /127.0.0.1:56617"        [_thread_blocked, id=8, stack(0x000000119be00000,0x000000119bf00000) (1024K)]
  0x000001910189c840 JavaThread "Stdin handler"                     [_thread_blocked, id=18424, stack(0x000000119bf00000,0x000000119c000000) (1024K)]
  0x000001910189ae00 JavaThread "Daemon client event forwarder"        [_thread_blocked, id=5704, stack(0x000000119c000000,0x000000119c100000) (1024K)]
  0x000001910189b490 JavaThread "Cache worker for file hash cache (C:\Users\Usuario\Downloads\ru_app\android\.gradle\9.3.1\fileHashes)"        [_thread_blocked, id=10932, stack(0x000000119c100000,0x000000119c200000) (1024K)]
  0x000001910189bb20 JavaThread "Cache worker for Build Output Cleanup Cache (C:\Users\Usuario\Downloads\ru_app\android\.gradle\buildOutputCleanup)"        [_thread_blocked, id=16576, stack(0x000000119c200000,0x000000119c300000) (1024K)]
  0x00000191018993c0 JavaThread "Cache worker for checksums cache (C:\Users\Usuario\Downloads\ru_app\android\.gradle\9.3.1\checksums)"        [_thread_blocked, id=7020, stack(0x000000119c300000,0x000000119c400000) (1024K)]
  0x000001910189e910 JavaThread "Cache worker for cache directory md-supplier (C:\Users\Usuario\.gradle\caches\9.3.1\md-supplier)"        [_thread_blocked, id=12708, stack(0x000000119c400000,0x000000119c500000) (1024K)]
  0x000001910189f630 JavaThread "Cache worker for cache directory md-rule (C:\Users\Usuario\.gradle\caches\9.3.1\md-rule)"        [_thread_blocked, id=16008, stack(0x000000119ce00000,0x000000119cf00000) (1024K)]
  0x000001910189fcc0 JavaThread "Cache worker for Build Output Cleanup Cache (C:\develop\flutter\packages\flutter_tools\gradle\.gradle\buildOutputCleanup)"        [_thread_blocked, id=8044, stack(0x000000119cf00000,0x000000119d000000) (1024K)]
  0x000001910189e280 JavaThread "Unconstrained build operations"        [_thread_blocked, id=4808, stack(0x000000119d000000,0x000000119d100000) (1024K)]
  0x00000191018a0350 JavaThread "Unconstrained build operations Thread 2"        [_thread_blocked, id=10232, stack(0x000000119d300000,0x000000119d400000) (1024K)]
  0x000001910189efa0 JavaThread "Unconstrained build operations Thread 3"        [_thread_blocked, id=2812, stack(0x000000119d500000,0x000000119d600000) (1024K)]
  0x000001910189ced0 JavaThread "Unconstrained build operations Thread 4"        [_thread_blocked, id=15464, stack(0x000000119d600000,0x000000119d700000) (1024K)]
  0x000001910189d560 JavaThread "Unconstrained build operations Thread 5"        [_thread_blocked, id=2344, stack(0x000000119d700000,0x000000119d800000) (1024K)]
  0x00000191018a09e0 JavaThread "Unconstrained build operations Thread 6"        [_thread_blocked, id=5452, stack(0x000000119d800000,0x000000119d900000) (1024K)]
  0x000001910189dbf0 JavaThread "Unconstrained build operations Thread 7"        [_thread_blocked, id=18024, stack(0x000000119d900000,0x000000119da00000) (1024K)]
  0x00000191018a2420 JavaThread "Unconstrained build operations Thread 8"        [_thread_blocked, id=7184, stack(0x000000119da00000,0x000000119db00000) (1024K)]
  0x00000191018a2ab0 JavaThread "Unconstrained build operations Thread 9"        [_thread_blocked, id=14296, stack(0x000000119db00000,0x000000119dc00000) (1024K)]
  0x00000191018a3140 JavaThread "Unconstrained build operations Thread 10"        [_thread_blocked, id=4692, stack(0x000000119dc00000,0x000000119dd00000) (1024K)]
  0x00000191018a37d0 JavaThread "Unconstrained build operations Thread 11"        [_thread_blocked, id=9252, stack(0x000000119dd00000,0x000000119de00000) (1024K)]
  0x00000191018a3e60 JavaThread "Unconstrained build operations Thread 12"        [_thread_blocked, id=18000, stack(0x000000119de00000,0x000000119df00000) (1024K)]
  0x00000191018a1d90 JavaThread "Unconstrained build operations Thread 13"        [_thread_blocked, id=13752, stack(0x000000119df00000,0x000000119e000000) (1024K)]
  0x00000191018a44f0 JavaThread "Unconstrained build operations Thread 14"        [_thread_blocked, id=4912, stack(0x000000119e000000,0x000000119e100000) (1024K)]
  0x00000191018a1070 JavaThread "Unconstrained build operations Thread 15"        [_thread_blocked, id=16640, stack(0x000000119e100000,0x000000119e200000) (1024K)]
  0x00000191018a1700 JavaThread "Unconstrained build operations Thread 16"        [_thread_blocked, id=1852, stack(0x000000119e200000,0x000000119e300000) (1024K)]
  0x00000191018a5f30 JavaThread "Unconstrained build operations Thread 17"        [_thread_blocked, id=8756, stack(0x000000119e300000,0x000000119e400000) (1024K)]
  0x00000191018a4b80 JavaThread "Unconstrained build operations Thread 18"        [_thread_blocked, id=3588, stack(0x000000119e400000,0x000000119e500000) (1024K)]
  0x00000191018a5210 JavaThread "Unconstrained build operations Thread 19"        [_thread_blocked, id=5604, stack(0x000000119e500000,0x000000119e600000) (1024K)]
  0x00000191018a58a0 JavaThread "Unconstrained build operations Thread 20"        [_thread_blocked, id=15324, stack(0x000000119e600000,0x000000119e700000) (1024K)]
  0x0000019169f13a00 JavaThread "Unconstrained build operations Thread 21"        [_thread_blocked, id=12484, stack(0x000000119e700000,0x000000119e800000) (1024K)]
  0x0000019169f15440 JavaThread "Unconstrained build operations Thread 22"        [_thread_blocked, id=3932, stack(0x000000119e800000,0x000000119e900000) (1024K)]
  0x0000019100c5d6b0 JavaThread "C2 CompilerThread1"         daemon [_thread_blocked, id=2864, stack(0x000000119e900000,0x000000119ea00000) (1024K)]
  0x0000019100c621a0 JavaThread "C2 CompilerThread2"         daemon [_thread_blocked, id=6584, stack(0x000000119ea00000,0x000000119eb00000) (1024K)]
  0x0000019169f15ad0 JavaThread "build event listener"              [_thread_blocked, id=6384, stack(0x000000119eb00000,0x000000119ec00000) (1024K)]
Total: 71

Other Threads:
  0x0000019163458070 VMThread "VM Thread"                           [id=16076, stack(0x000000119aa00000,0x000000119ab00000) (1024K)]
  0x00000191608225d0 WatcherThread "VM Periodic Task Thread"        [id=6440, stack(0x000000119a900000,0x000000119aa00000) (1024K)]
  0x0000019132e60a40 WorkerThread "GC Thread#0"                     [id=16916, stack(0x000000119a400000,0x000000119a500000) (1024K)]
  0x0000019168170290 WorkerThread "GC Thread#1"                     [id=16728, stack(0x000000119b500000,0x000000119b600000) (1024K)]
  0x0000019168170630 WorkerThread "GC Thread#2"                     [id=10748, stack(0x000000119b600000,0x000000119b700000) (1024K)]
  0x0000019168170dd0 WorkerThread "GC Thread#3"                     [id=5136, stack(0x000000119b700000,0x000000119b800000) (1024K)]
  0x00000191681c76a0 WorkerThread "GC Thread#4"                     [id=14636, stack(0x000000119b800000,0x000000119b900000) (1024K)]
  0x00000191681c7a40 WorkerThread "GC Thread#5"                     [id=4036, stack(0x000000119b900000,0x000000119ba00000) (1024K)]
  0x000001916807d0d0 WorkerThread "GC Thread#6"                     [id=6992, stack(0x000000119c500000,0x000000119c600000) (1024K)]
  0x000001916807e2f0 WorkerThread "GC Thread#7"                     [id=5164, stack(0x000000119c600000,0x000000119c700000) (1024K)]
  0x000001916807e690 WorkerThread "GC Thread#8"                     [id=14072, stack(0x000000119c700000,0x000000119c800000) (1024K)]
  0x000001916807dbb0 WorkerThread "GC Thread#9"                     [id=10656, stack(0x000000119c800000,0x000000119c900000) (1024K)]
  0x0000019130b3dfa0 ConcurrentGCThread "G1 Main Marker"            [id=14620, stack(0x000000119a500000,0x000000119a600000) (1024K)]
  0x0000019130b3e850 WorkerThread "G1 Conc#0"                       [id=8972, stack(0x000000119a600000,0x000000119a700000) (1024K)]
  0x000001916807d810 WorkerThread "G1 Conc#1"                       [id=16864, stack(0x000000119c900000,0x000000119ca00000) (1024K)]
  0x000001916807df50 WorkerThread "G1 Conc#2"                       [id=12736, stack(0x000000119ca00000,0x000000119cb00000) (1024K)]
  0x00000191606ed9b0 ConcurrentGCThread "G1 Refine#0"               [id=9196, stack(0x000000119a700000,0x000000119a800000) (1024K)]
  0x00000191606ee2d0 ConcurrentGCThread "G1 Service"                [id=4136, stack(0x000000119a800000,0x000000119a900000) (1024K)]
Total: 18

Threads with active compile tasks:
Total: 0

VM state: not at safepoint (normal execution)

VM Mutex/Monitor currently owned by a thread: None

Heap address: 0x0000000600000000, size: 8192 MB, Compressed Oops mode: Zero based, Oop shift amount: 3

CDS archive(s) not mapped
Compressed class space mapped at: 0x0000000800000000-0x0000000840000000, reserved size: 1073741824
Narrow klass base: 0x0000000800000000, Narrow klass shift: 0, Narrow klass range: 0x40000000

GC Precious Log:
 CardTable entry size: 512
 Card Set container configuration: InlinePtr #cards 4 size 8 Array Of Cards #cards 32 size 80 Howl #buckets 8 coarsen threshold 7372 Howl Bitmap #cards 1024 size 144 coarsen threshold 921 Card regions per heap region 1 cards per card region 8192
 CPUs: 12 total, 12 available
 Memory: 16217M
 Large Page Support: Disabled
 NUMA Support: Disabled
 Compressed Oops: Enabled (Zero based)
 Heap Region Size: 4M
 Heap Min Capacity: 8M
 Heap Initial Capacity: 256M
 Heap Max Capacity: 8G
 Pre-touch: Disabled
 Parallel Workers: 10
 Concurrent Workers: 3
 Concurrent Refinement Workers: 10
 Periodic GC: Disabled

Heap:
 garbage-first heap   total 430080K, used 294532K [0x0000000600000000, 0x0000000800000000)
  region size 4096K, 26 young (106496K), 4 survivors (16384K)
 Metaspace       used 214130K, committed 216896K, reserved 1245184K
  class space    used 28139K, committed 29504K, reserved 1048576K

Heap Regions: E=young(eden), S=young(survivor), O=old, HS=humongous(starts), HC=humongous(continues), CS=collection set, F=free, TAMS=top-at-mark-start, PB=parsable bottom
|   0|0x0000000600000000, 0x0000000600400000, 0x0000000600400000|100%|HS|  |TAMS 0x0000000600000000| PB 0x0000000600000000| Complete 
|   1|0x0000000600400000, 0x0000000600800000, 0x0000000600800000|100%| O|  |TAMS 0x0000000600400000| PB 0x0000000600400000| Untracked 
|   2|0x0000000600800000, 0x0000000600c00000, 0x0000000600c00000|100%| O|  |TAMS 0x0000000600800000| PB 0x0000000600800000| Untracked 
|   3|0x0000000600c00000, 0x0000000601000000, 0x0000000601000000|100%| O|  |TAMS 0x0000000600c00000| PB 0x0000000600c00000| Untracked 
|   4|0x0000000601000000, 0x0000000601400000, 0x0000000601400000|100%| O|  |TAMS 0x0000000601000000| PB 0x0000000601000000| Untracked 
|   5|0x0000000601400000, 0x0000000601800000, 0x0000000601800000|100%| O|  |TAMS 0x0000000601400000| PB 0x0000000601400000| Untracked 
|   6|0x0000000601800000, 0x0000000601c00000, 0x0000000601c00000|100%| O|  |TAMS 0x0000000601800000| PB 0x0000000601800000| Untracked 
|   7|0x0000000601c00000, 0x0000000602000000, 0x0000000602000000|100%| O|  |TAMS 0x0000000601c00000| PB 0x0000000601c00000| Untracked 
|   8|0x0000000602000000, 0x0000000602400000, 0x0000000602400000|100%| O|  |TAMS 0x0000000602000000| PB 0x0000000602000000| Untracked 
|   9|0x0000000602400000, 0x0000000602800000, 0x0000000602800000|100%| O|  |TAMS 0x0000000602400000| PB 0x0000000602400000| Untracked 
|  10|0x0000000602800000, 0x0000000602c00000, 0x0000000602c00000|100%| O|  |TAMS 0x0000000602800000| PB 0x0000000602800000| Untracked 
|  11|0x0000000602c00000, 0x0000000603000000, 0x0000000603000000|100%| O|  |TAMS 0x0000000602c00000| PB 0x0000000602c00000| Untracked 
|  12|0x0000000603000000, 0x0000000603400000, 0x0000000603400000|100%| O|  |TAMS 0x0000000603000000| PB 0x0000000603000000| Untracked 
|  13|0x0000000603400000, 0x0000000603800000, 0x0000000603800000|100%| O|  |TAMS 0x0000000603400000| PB 0x0000000603400000| Untracked 
|  14|0x0000000603800000, 0x0000000603c00000, 0x0000000603c00000|100%| O|  |TAMS 0x0000000603800000| PB 0x0000000603800000| Untracked 
|  15|0x0000000603c00000, 0x0000000604000000, 0x0000000604000000|100%| O|  |TAMS 0x0000000603c00000| PB 0x0000000603c00000| Untracked 
|  16|0x0000000604000000, 0x0000000604400000, 0x0000000604400000|100%| O|  |TAMS 0x0000000604000000| PB 0x0000000604000000| Untracked 
|  17|0x0000000604400000, 0x0000000604800000, 0x0000000604800000|100%| O|  |TAMS 0x0000000604400000| PB 0x0000000604400000| Untracked 
|  18|0x0000000604800000, 0x0000000604c00000, 0x0000000604c00000|100%| O|  |TAMS 0x0000000604800000| PB 0x0000000604800000| Untracked 
|  19|0x0000000604c00000, 0x0000000605000000, 0x0000000605000000|100%| O|  |TAMS 0x0000000604c00000| PB 0x0000000604c00000| Untracked 
|  20|0x0000000605000000, 0x0000000605400000, 0x0000000605400000|100%| O|  |TAMS 0x0000000605000000| PB 0x0000000605000000| Untracked 
|  21|0x0000000605400000, 0x0000000605800000, 0x0000000605800000|100%| O|  |TAMS 0x0000000605400000| PB 0x0000000605400000| Untracked 
|  22|0x0000000605800000, 0x0000000605c00000, 0x0000000605c00000|100%| O|  |TAMS 0x0000000605800000| PB 0x0000000605800000| Untracked 
|  23|0x0000000605c00000, 0x0000000606000000, 0x0000000606000000|100%| O|  |TAMS 0x0000000605c00000| PB 0x0000000605c00000| Untracked 
|  24|0x0000000606000000, 0x0000000606400000, 0x0000000606400000|100%| O|  |TAMS 0x0000000606000000| PB 0x0000000606000000| Untracked 
|  25|0x0000000606400000, 0x0000000606800000, 0x0000000606800000|100%| O|  |TAMS 0x0000000606400000| PB 0x0000000606400000| Untracked 
|  26|0x0000000606800000, 0x0000000606c00000, 0x0000000606c00000|100%| O|  |TAMS 0x0000000606800000| PB 0x0000000606800000| Untracked 
|  27|0x0000000606c00000, 0x0000000607000000, 0x0000000607000000|100%| O|  |TAMS 0x0000000606c00000| PB 0x0000000606c00000| Untracked 
|  28|0x0000000607000000, 0x0000000607400000, 0x0000000607400000|100%| O|  |TAMS 0x0000000607000000| PB 0x0000000607000000| Untracked 
|  29|0x0000000607400000, 0x0000000607800000, 0x0000000607800000|100%| O|  |TAMS 0x0000000607400000| PB 0x0000000607400000| Untracked 
|  30|0x0000000607800000, 0x0000000607c00000, 0x0000000607c00000|100%| O|  |TAMS 0x0000000607800000| PB 0x0000000607800000| Untracked 
|  31|0x0000000607c00000, 0x0000000608000000, 0x0000000608000000|100%| O|  |TAMS 0x0000000607c00000| PB 0x0000000607c00000| Untracked 
|  32|0x0000000608000000, 0x0000000608400000, 0x0000000608400000|100%| O|  |TAMS 0x0000000608000000| PB 0x0000000608000000| Untracked 
|  33|0x0000000608400000, 0x0000000608800000, 0x0000000608800000|100%| O|  |TAMS 0x0000000608400000| PB 0x0000000608400000| Untracked 
|  34|0x0000000608800000, 0x0000000608c00000, 0x0000000608c00000|100%| O|  |TAMS 0x0000000608800000| PB 0x0000000608800000| Untracked 
|  35|0x0000000608c00000, 0x0000000609000000, 0x0000000609000000|100%| O|  |TAMS 0x0000000608c00000| PB 0x0000000608c00000| Untracked 
|  36|0x0000000609000000, 0x0000000609400000, 0x0000000609400000|100%| O|  |TAMS 0x0000000609000000| PB 0x0000000609000000| Untracked 
|  37|0x0000000609400000, 0x0000000609400000, 0x0000000609800000|  0%| F|  |TAMS 0x0000000609400000| PB 0x0000000609400000| Untracked 
|  38|0x0000000609800000, 0x0000000609c00000, 0x0000000609c00000|100%| O|  |TAMS 0x0000000609800000| PB 0x0000000609800000| Untracked 
|  39|0x0000000609c00000, 0x0000000609e55800, 0x000000060a000000| 58%| O|  |TAMS 0x0000000609c00000| PB 0x0000000609c00000| Untracked 
|  40|0x000000060a000000, 0x000000060a400000, 0x000000060a400000|100%| O|  |TAMS 0x000000060a000000| PB 0x000000060a000000| Untracked 
|  41|0x000000060a400000, 0x000000060a800000, 0x000000060a800000|100%| O|  |TAMS 0x000000060a400000| PB 0x000000060a400000| Untracked 
|  42|0x000000060a800000, 0x000000060ac00000, 0x000000060ac00000|100%| O|  |TAMS 0x000000060a800000| PB 0x000000060a800000| Untracked 
|  43|0x000000060ac00000, 0x000000060b000000, 0x000000060b000000|100%| O|  |TAMS 0x000000060ac00000| PB 0x000000060ac00000| Untracked 
|  44|0x000000060b000000, 0x000000060b400000, 0x000000060b400000|100%| O|  |TAMS 0x000000060b000000| PB 0x000000060b000000| Untracked 
|  45|0x000000060b400000, 0x000000060b400000, 0x000000060b800000|  0%| F|  |TAMS 0x000000060b400000| PB 0x000000060b400000| Untracked 
|  46|0x000000060b800000, 0x000000060b800000, 0x000000060bc00000|  0%| F|  |TAMS 0x000000060b800000| PB 0x000000060b800000| Untracked 
|  47|0x000000060bc00000, 0x000000060c000000, 0x000000060c000000|100%| O|  |TAMS 0x000000060bc00000| PB 0x000000060bc00000| Untracked 
|  48|0x000000060c000000, 0x000000060c400000, 0x000000060c400000|100%| O|  |TAMS 0x000000060c000000| PB 0x000000060c000000| Untracked 
|  49|0x000000060c400000, 0x000000060c800000, 0x000000060c800000|100%| O|  |TAMS 0x000000060c400000| PB 0x000000060c400000| Untracked 
|  50|0x000000060c800000, 0x000000060c800000, 0x000000060cc00000|  0%| F|  |TAMS 0x000000060c800000| PB 0x000000060c800000| Untracked 
|  51|0x000000060cc00000, 0x000000060cc00000, 0x000000060d000000|  0%| F|  |TAMS 0x000000060cc00000| PB 0x000000060cc00000| Untracked 
|  52|0x000000060d000000, 0x000000060d000000, 0x000000060d400000|  0%| F|  |TAMS 0x000000060d000000| PB 0x000000060d000000| Untracked 
|  53|0x000000060d400000, 0x000000060d400000, 0x000000060d800000|  0%| F|  |TAMS 0x000000060d400000| PB 0x000000060d400000| Untracked 
|  54|0x000000060d800000, 0x000000060d800000, 0x000000060dc00000|  0%| F|  |TAMS 0x000000060d800000| PB 0x000000060d800000| Untracked 
|  55|0x000000060dc00000, 0x000000060dc00000, 0x000000060e000000|  0%| F|  |TAMS 0x000000060dc00000| PB 0x000000060dc00000| Untracked 
|  56|0x000000060e000000, 0x000000060e000000, 0x000000060e400000|  0%| F|  |TAMS 0x000000060e000000| PB 0x000000060e000000| Untracked 
|  57|0x000000060e400000, 0x000000060e54b9c0, 0x000000060e800000| 32%| S|CS|TAMS 0x000000060e400000| PB 0x000000060e400000| Complete 
|  58|0x000000060e800000, 0x000000060ec00000, 0x000000060ec00000|100%| S|CS|TAMS 0x000000060e800000| PB 0x000000060e800000| Complete 
|  59|0x000000060ec00000, 0x000000060f000000, 0x000000060f000000|100%| S|CS|TAMS 0x000000060ec00000| PB 0x000000060ec00000| Complete 
|  60|0x000000060f000000, 0x000000060f400000, 0x000000060f400000|100%| S|CS|TAMS 0x000000060f000000| PB 0x000000060f000000| Complete 
|  61|0x000000060f400000, 0x000000060f400000, 0x000000060f800000|  0%| F|  |TAMS 0x000000060f400000| PB 0x000000060f400000| Untracked 
|  62|0x000000060f800000, 0x000000060f800000, 0x000000060fc00000|  0%| F|  |TAMS 0x000000060f800000| PB 0x000000060f800000| Untracked 
|  63|0x000000060fc00000, 0x000000060fc00000, 0x0000000610000000|  0%| F|  |TAMS 0x000000060fc00000| PB 0x000000060fc00000| Untracked 
|  64|0x0000000610000000, 0x0000000610000000, 0x0000000610400000|  0%| F|  |TAMS 0x0000000610000000| PB 0x0000000610000000| Untracked 
|  65|0x0000000610400000, 0x0000000610400000, 0x0000000610800000|  0%| F|  |TAMS 0x0000000610400000| PB 0x0000000610400000| Untracked 
|  66|0x0000000610800000, 0x0000000610800000, 0x0000000610c00000|  0%| F|  |TAMS 0x0000000610800000| PB 0x0000000610800000| Untracked 
|  67|0x0000000610c00000, 0x0000000610c00000, 0x0000000611000000|  0%| F|  |TAMS 0x0000000610c00000| PB 0x0000000610c00000| Untracked 
|  68|0x0000000611000000, 0x0000000611000000, 0x0000000611400000|  0%| F|  |TAMS 0x0000000611000000| PB 0x0000000611000000| Untracked 
|  69|0x0000000611400000, 0x0000000611400000, 0x0000000611800000|  0%| F|  |TAMS 0x0000000611400000| PB 0x0000000611400000| Untracked 
|  70|0x0000000611800000, 0x0000000611800000, 0x0000000611c00000|  0%| F|  |TAMS 0x0000000611800000| PB 0x0000000611800000| Untracked 
|  71|0x0000000611c00000, 0x0000000611c00000, 0x0000000612000000|  0%| F|  |TAMS 0x0000000611c00000| PB 0x0000000611c00000| Untracked 
|  72|0x0000000612000000, 0x0000000612000000, 0x0000000612400000|  0%| F|  |TAMS 0x0000000612000000| PB 0x0000000612000000| Untracked 
|  73|0x0000000612400000, 0x0000000612400000, 0x0000000612800000|  0%| F|  |TAMS 0x0000000612400000| PB 0x0000000612400000| Untracked 
|  74|0x0000000612800000, 0x0000000612800000, 0x0000000612c00000|  0%| F|  |TAMS 0x0000000612800000| PB 0x0000000612800000| Untracked 
|  75|0x0000000612c00000, 0x0000000612c00000, 0x0000000613000000|  0%| F|  |TAMS 0x0000000612c00000| PB 0x0000000612c00000| Untracked 
|  76|0x0000000613000000, 0x0000000613000000, 0x0000000613400000|  0%| F|  |TAMS 0x0000000613000000| PB 0x0000000613000000| Untracked 
|  77|0x0000000613400000, 0x0000000613400000, 0x0000000613800000|  0%| F|  |TAMS 0x0000000613400000| PB 0x0000000613400000| Untracked 
|  78|0x0000000613800000, 0x0000000613800000, 0x0000000613c00000|  0%| F|  |TAMS 0x0000000613800000| PB 0x0000000613800000| Untracked 
|  79|0x0000000613c00000, 0x0000000613c00000, 0x0000000614000000|  0%| F|  |TAMS 0x0000000613c00000| PB 0x0000000613c00000| Untracked 
|  80|0x0000000614000000, 0x0000000614000000, 0x0000000614400000|  0%| F|  |TAMS 0x0000000614000000| PB 0x0000000614000000| Untracked 
|  81|0x0000000614400000, 0x000000061471ac00, 0x0000000614800000| 77%| E|  |TAMS 0x0000000614400000| PB 0x0000000614400000| Complete 
|  82|0x0000000614800000, 0x0000000614c00000, 0x0000000614c00000|100%| E|CS|TAMS 0x0000000614800000| PB 0x0000000614800000| Complete 
|  83|0x0000000614c00000, 0x0000000615000000, 0x0000000615000000|100%| E|CS|TAMS 0x0000000614c00000| PB 0x0000000614c00000| Complete 
|  84|0x0000000615000000, 0x0000000615400000, 0x0000000615400000|100%| E|CS|TAMS 0x0000000615000000| PB 0x0000000615000000| Complete 
|  85|0x0000000615400000, 0x0000000615800000, 0x0000000615800000|100%| E|CS|TAMS 0x0000000615400000| PB 0x0000000615400000| Complete 
|  86|0x0000000615800000, 0x0000000615c00000, 0x0000000615c00000|100%| E|CS|TAMS 0x0000000615800000| PB 0x0000000615800000| Complete 
|  87|0x0000000615c00000, 0x0000000616000000, 0x0000000616000000|100%| E|CS|TAMS 0x0000000615c00000| PB 0x0000000615c00000| Complete 
|  88|0x0000000616000000, 0x0000000616400000, 0x0000000616400000|100%| E|CS|TAMS 0x0000000616000000| PB 0x0000000616000000| Complete 
|  89|0x0000000616400000, 0x0000000616800000, 0x0000000616800000|100%| E|CS|TAMS 0x0000000616400000| PB 0x0000000616400000| Complete 
|  90|0x0000000616800000, 0x0000000616c00000, 0x0000000616c00000|100%| E|CS|TAMS 0x0000000616800000| PB 0x0000000616800000| Complete 
|  91|0x0000000616c00000, 0x0000000617000000, 0x0000000617000000|100%| E|CS|TAMS 0x0000000616c00000| PB 0x0000000616c00000| Complete 
|  92|0x0000000617000000, 0x0000000617400000, 0x0000000617400000|100%| E|  |TAMS 0x0000000617000000| PB 0x0000000617000000| Complete 
|  93|0x0000000617400000, 0x0000000617800000, 0x0000000617800000|100%| E|CS|TAMS 0x0000000617400000| PB 0x0000000617400000| Complete 
|  94|0x0000000617800000, 0x0000000617c00000, 0x0000000617c00000|100%| E|CS|TAMS 0x0000000617800000| PB 0x0000000617800000| Complete 
|  95|0x0000000617c00000, 0x0000000618000000, 0x0000000618000000|100%| E|CS|TAMS 0x0000000617c00000| PB 0x0000000617c00000| Complete 
|  96|0x0000000618000000, 0x0000000618400000, 0x0000000618400000|100%| E|CS|TAMS 0x0000000618000000| PB 0x0000000618000000| Complete 
|  97|0x0000000618400000, 0x0000000618800000, 0x0000000618800000|100%| E|CS|TAMS 0x0000000618400000| PB 0x0000000618400000| Complete 
|  98|0x0000000618800000, 0x0000000618c00000, 0x0000000618c00000|100%| E|CS|TAMS 0x0000000618800000| PB 0x0000000618800000| Complete 
|  99|0x0000000618c00000, 0x0000000619000000, 0x0000000619000000|100%| E|CS|TAMS 0x0000000618c00000| PB 0x0000000618c00000| Complete 
| 100|0x0000000619000000, 0x0000000619400000, 0x0000000619400000|100%| E|CS|TAMS 0x0000000619000000| PB 0x0000000619000000| Complete 
|2044|0x00000007ff000000, 0x00000007ff400000, 0x00000007ff400000|100%| E|CS|TAMS 0x00000007ff000000| PB 0x00000007ff000000| Complete 
|2045|0x00000007ff400000, 0x00000007ff800000, 0x00000007ff800000|100%| E|CS|TAMS 0x00000007ff400000| PB 0x00000007ff400000| Complete 
|2046|0x00000007ff800000, 0x00000007ffc00000, 0x00000007ffc00000|100%| O|  |TAMS 0x00000007ff800000| PB 0x00000007ff800000| Untracked 
|2047|0x00000007ffc00000, 0x0000000800000000, 0x0000000800000000|100%| O|  |TAMS 0x00000007ffc00000| PB 0x00000007ffc00000| Untracked 

Card table byte_map: [0x0000019157660000,0x0000019158660000] _byte_map_base: 0x0000019154660000

Marking Bits: (CMBitMap*) 0x0000019132e61050
 Bits: [0x0000019158660000, 0x0000019160660000)

Polling page: 0x0000019132570000

Metaspace:

Usage:
  Non-class:    181.63 MB used.
      Class:     27.48 MB used.
       Both:    209.11 MB used.

Virtual space:
  Non-class space:      192.00 MB reserved,     183.00 MB ( 95%) committed,  3 nodes.
      Class space:        1.00 GB reserved,      28.81 MB (  3%) committed,  1 nodes.
             Both:        1.19 GB reserved,     211.81 MB ( 17%) committed. 

Chunk freelists:
   Non-Class:  8.14 MB
       Class:  3.15 MB
        Both:  11.29 MB

MaxMetaspaceSize: 4.00 GB
CompressedClassSpaceSize: 1.00 GB
Initial GC threshold: 21.00 MB
Current GC threshold: 347.31 MB
CDS: off
 - commit_granule_bytes: 65536.
 - commit_granule_words: 8192.
 - virtual_space_node_default_size: 8388608.
 - enlarge_chunks_in_place: 1.
 - use_allocation_guard: 0.


Internal statistics:

num_allocs_failed_limit: 12.
num_arena_births: 5256.
num_arena_deaths: 0.
num_vsnodes_births: 4.
num_vsnodes_deaths: 0.
num_space_committed: 3387.
num_space_uncommitted: 0.
num_chunks_returned_to_freelist: 12.
num_chunks_taken_from_freelist: 14032.
num_chunk_merges: 3.
num_chunk_splits: 9612.
num_chunks_enlarged: 6674.
num_inconsistent_stats: 0.

CodeHeap 'non-profiled nmethods': size=259264Kb used=15282Kb max_used=15282Kb free=243981Kb
 bounds [0x00000191461c0000, 0x00000191470b0000, 0x0000019155ef0000]
CodeHeap 'profiled nmethods': size=259264Kb used=41791Kb max_used=41791Kb free=217472Kb
 bounds [0x0000019135ef0000, 0x00000191387c0000, 0x0000019145c20000]
CodeHeap 'non-nmethods': size=5760Kb used=2628Kb max_used=2687Kb free=3131Kb
 bounds [0x0000019145c20000, 0x0000019145ed0000, 0x00000191461c0000]
 total_blobs=21909 nmethods=20669 adapters=1143
 compilation: enabled
              stopped_count=0, restarted_count=0
 full_count=0

Compilation events (20 events):
Event: 845.803 Thread 0x0000019163523830 23901       3       org.gradle.kotlin.dsl.provider.plugins.DefaultProjectSchemaProvider$schemaFor$2$2::invoke (15 bytes)
Event: 845.804 Thread 0x0000019163523830 nmethod 23901 0x00000191387b9e10 code [0x00000191387ba0c0, 0x00000191387bad08]
Event: 845.804 Thread 0x0000019163523830 23903       3       org.gradle.api.reflect.TypeOf::isParameterized (8 bytes)
Event: 845.804 Thread 0x0000019163523830 nmethod 23903 0x00000191387bb190 code [0x00000191387bb340, 0x00000191387bb638]
Event: 845.804 Thread 0x0000019163523830 23895       3       org.gradle.internal.extensibility.DefaultExtensionContainer::getByName (9 bytes)
Event: 845.805 Thread 0x0000019163523830 nmethod 23895 0x00000191387bb710 code [0x00000191387bb900, 0x00000191387bbdc8]
Event: 845.805 Thread 0x0000019163523830 23896       3       org.gradle.internal.extensibility.ExtensionsStorage::getByName (18 bytes)
Event: 845.805 Thread 0x0000019163523830 nmethod 23896 0x00000191387bbf90 code [0x00000191387bc180, 0x00000191387bc5c8]
Event: 845.805 Thread 0x0000019163523830 23904       1       org.gradle.api.internal.AbstractTask::setDescription (6 bytes)
Event: 845.805 Thread 0x0000019163523830 nmethod 23904 0x000001914707bc10 code [0x000001914707bda0, 0x000001914707beb8]
Event: 845.805 Thread 0x0000019163523830 23912       1       org.gradle.api.internal.tasks.DefaultSourceSet::getTaskBaseName (5 bytes)
Event: 845.806 Thread 0x0000019163523830 nmethod 23912 0x000001914707bf10 code [0x000001914707c0a0, 0x000001914707c170]
Event: 845.806 Thread 0x0000019163523830 23913       3       org.gradle.internal.deprecation.DeprecatableConfiguration::maybeEmitDeclarationDeprecation (50 bytes)
Event: 845.807 Thread 0x0000019163523830 nmethod 23913 0x00000191387bc790 code [0x00000191387bcac0, 0x00000191387be268]
Event: 845.807 Thread 0x0000019163523830 23914       3       java.util.TreeMap$KeySet::comparator (10 bytes)
Event: 845.808 Thread 0x0000019163523830 nmethod 23914 0x00000191387be910 code [0x00000191387beac0, 0x00000191387beca0]
Event: 845.808 Thread 0x0000019163523830 23916       1       org.gradle.configuration.internal.DefaultListenerBuildOperationDecorator$BuildOperationEmittingAction::access$300 (5 bytes)
Event: 845.808 Thread 0x0000019163523830 nmethod 23916 0x000001914707c210 code [0x000001914707c3a0, 0x000001914707c450]
Event: 845.808 Thread 0x0000019163523830 23915       3       java.util.TreeSet::addAll (82 bytes)
Event: 845.808 Thread 0x0000019163523830 nmethod 23915 0x00000191387bed90 code [0x00000191387befe0, 0x00000191387bfb68]

GC Heap History (20 events):
Event: 26.485 GC heap before
{Heap before GC invocations=43 (full 0):
 garbage-first heap   total 344064K, used 283699K [0x0000000600000000, 0x0000000800000000)
  region size 4096K, 30 young (122880K), 5 survivors (20480K)
 Metaspace       used 164043K, committed 166208K, reserved 1245184K
  class space    used 21518K, committed 22592K, reserved 1048576K
}
Event: 26.501 GC heap after
{Heap after GC invocations=44 (full 0):
 garbage-first heap   total 344064K, used 191890K [0x0000000600000000, 0x0000000800000000)
  region size 4096K, 3 young (12288K), 3 survivors (12288K)
 Metaspace       used 164043K, committed 166208K, reserved 1245184K
  class space    used 21518K, committed 22592K, reserved 1048576K
}
Event: 27.448 GC heap before
{Heap before GC invocations=44 (full 0):
 garbage-first heap   total 344064K, used 290194K [0x0000000600000000, 0x0000000800000000)
  region size 4096K, 27 young (110592K), 3 survivors (12288K)
 Metaspace       used 176125K, committed 178368K, reserved 1245184K
  class space    used 22930K, committed 24064K, reserved 1048576K
}
Event: 27.456 GC heap after
{Heap after GC invocations=45 (full 0):
 garbage-first heap   total 344064K, used 197570K [0x0000000600000000, 0x0000000800000000)
  region size 4096K, 2 young (8192K), 2 survivors (8192K)
 Metaspace       used 176125K, committed 178368K, reserved 1245184K
  class space    used 22930K, committed 24064K, reserved 1048576K
}
Event: 28.308 GC heap before
{Heap before GC invocations=46 (full 0):
 garbage-first heap   total 356352K, used 295874K [0x0000000600000000, 0x0000000800000000)
  region size 4096K, 27 young (110592K), 2 survivors (8192K)
 Metaspace       used 183893K, committed 186176K, reserved 1245184K
  class space    used 24241K, committed 25408K, reserved 1048576K
}
Event: 28.314 GC heap after
{Heap after GC invocations=47 (full 0):
 garbage-first heap   total 356352K, used 201478K [0x0000000600000000, 0x0000000800000000)
  region size 4096K, 3 young (12288K), 3 survivors (12288K)
 Metaspace       used 183893K, committed 186176K, reserved 1245184K
  class space    used 24241K, committed 25408K, reserved 1048576K
}
Event: 29.061 GC heap before
{Heap before GC invocations=47 (full 0):
 garbage-first heap   total 356352K, used 307974K [0x0000000600000000, 0x0000000800000000)
  region size 4096K, 30 young (122880K), 3 survivors (12288K)
 Metaspace       used 187112K, committed 189440K, reserved 1245184K
  class space    used 24643K, committed 25792K, reserved 1048576K
}
Event: 29.074 GC heap after
{Heap after GC invocations=48 (full 0):
 garbage-first heap   total 356352K, used 206953K [0x0000000600000000, 0x0000000800000000)
  region size 4096K, 3 young (12288K), 3 survivors (12288K)
 Metaspace       used 187112K, committed 189440K, reserved 1245184K
  class space    used 24643K, committed 25792K, reserved 1048576K
}
Event: 33.130 GC heap before
{Heap before GC invocations=48 (full 0):
 garbage-first heap   total 356352K, used 313449K [0x0000000600000000, 0x0000000800000000)
  region size 4096K, 30 young (122880K), 3 survivors (12288K)
 Metaspace       used 190059K, committed 192576K, reserved 1245184K
  class space    used 25031K, committed 26304K, reserved 1048576K
}
Event: 33.144 GC heap after
{Heap after GC invocations=49 (full 0):
 garbage-first heap   total 430080K, used 222206K [0x0000000600000000, 0x0000000800000000)
  region size 4096K, 4 young (16384K), 4 survivors (16384K)
 Metaspace       used 190059K, committed 192576K, reserved 1245184K
  class space    used 25031K, committed 26304K, reserved 1048576K
}
Event: 34.689 GC heap before
{Heap before GC invocations=50 (full 0):
 garbage-first heap   total 430080K, used 345086K [0x0000000600000000, 0x0000000800000000)
  region size 4096K, 41 young (167936K), 4 survivors (16384K)
 Metaspace       used 197937K, committed 200576K, reserved 1245184K
  class space    used 26157K, committed 27456K, reserved 1048576K
}
Event: 34.707 GC heap after
{Heap after GC invocations=51 (full 0):
 garbage-first heap   total 430080K, used 208438K [0x0000000600000000, 0x0000000800000000)
  region size 4096K, 6 young (24576K), 6 survivors (24576K)
 Metaspace       used 197937K, committed 200576K, reserved 1245184K
  class space    used 26157K, committed 27456K, reserved 1048576K
}
Event: 35.802 GC heap before
{Heap before GC invocations=51 (full 0):
 garbage-first heap   total 430080K, used 368182K [0x0000000600000000, 0x0000000800000000)
  region size 4096K, 45 young (184320K), 6 survivors (24576K)
 Metaspace       used 206512K, committed 209280K, reserved 1245184K
  class space    used 27257K, committed 28608K, reserved 1048576K
}
Event: 35.826 GC heap after
{Heap after GC invocations=52 (full 0):
 garbage-first heap   total 430080K, used 194767K [0x0000000600000000, 0x0000000800000000)
  region size 4096K, 5 young (20480K), 5 survivors (20480K)
 Metaspace       used 206512K, committed 209280K, reserved 1245184K
  class space    used 27257K, committed 28608K, reserved 1048576K
}
Event: 43.743 GC heap before
{Heap before GC invocations=52 (full 0):
 garbage-first heap   total 430080K, used 358607K [0x0000000600000000, 0x0000000800000000)
  region size 4096K, 46 young (188416K), 5 survivors (20480K)
 Metaspace       used 210662K, committed 213376K, reserved 1245184K
  class space    used 27685K, committed 28992K, reserved 1048576K
}
Event: 43.764 GC heap after
{Heap after GC invocations=53 (full 0):
 garbage-first heap   total 430080K, used 205949K [0x0000000600000000, 0x0000000800000000)
  region size 4096K, 3 young (12288K), 3 survivors (12288K)
 Metaspace       used 210662K, committed 213376K, reserved 1245184K
  class space    used 27685K, committed 28992K, reserved 1048576K
}
Event: 44.846 GC heap before
{Heap before GC invocations=54 (full 0):
 garbage-first heap   total 430080K, used 377981K [0x0000000600000000, 0x0000000800000000)
  region size 4096K, 45 young (184320K), 3 survivors (12288K)
 Metaspace       used 211322K, committed 214080K, reserved 1245184K
  class space    used 27765K, committed 29120K, reserved 1048576K
}
Event: 44.861 GC heap after
{Heap after GC invocations=55 (full 0):
 garbage-first heap   total 430080K, used 214940K [0x0000000600000000, 0x0000000800000000)
  region size 4096K, 5 young (20480K), 5 survivors (20480K)
 Metaspace       used 211322K, committed 214080K, reserved 1245184K
  class space    used 27765K, committed 29120K, reserved 1048576K
}
Event: 45.810 GC heap before
{Heap before GC invocations=55 (full 0):
 garbage-first heap   total 430080K, used 378780K [0x0000000600000000, 0x0000000800000000)
  region size 4096K, 46 young (188416K), 5 survivors (20480K)
 Metaspace       used 213524K, committed 216320K, reserved 1245184K
  class space    used 28065K, committed 29440K, reserved 1048576K
}
Event: 45.828 GC heap after
{Heap after GC invocations=56 (full 0):
 garbage-first heap   total 430080K, used 212612K [0x0000000600000000, 0x0000000800000000)
  region size 4096K, 4 young (16384K), 4 survivors (16384K)
 Metaspace       used 213524K, committed 216320K, reserved 1245184K
  class space    used 28065K, committed 29440K, reserved 1048576K
}

Dll operation events (3 events):
Event: 0.020 Loaded shared library C:\Program Files\Android\Android Studio\jbr\bin\java.dll
Event: 0.024 Loaded shared library C:\Program Files\Android\Android Studio\jbr\bin\zip.dll
Event: 0.458 Loaded shared library C:\Program Files\Android\Android Studio\jbr\bin\verify.dll

Deoptimization events (20 events):
Event: 845.702 Thread 0x000001910189a770 Uncommon trap: trap_request=0xfffffff4 fr.pc=0x0000019146d9c788 relative=0x0000000000000968
Event: 845.702 Thread 0x000001910189a770 Uncommon trap: reason=null_check action=make_not_entrant pc=0x0000019146d9c788 method=org.gradle.api.internal.provider.DefaultPropertyFactory.property(Ljava/lang/Class;)Lorg/gradle/api/internal/provider/DefaultProperty; @ 108 c2
Event: 845.702 Thread 0x000001910189a770 DEOPT PACKING pc=0x0000019146d9c788 sp=0x000000119bbf3840
Event: 845.702 Thread 0x000001910189a770 DEOPT UNPACKING pc=0x0000019145c746a2 sp=0x000000119bbf3808 mode 2
Event: 845.708 Thread 0x000001910189a770 Uncommon trap: trap_request=0xffffffc6 fr.pc=0x0000019146d8a5fc relative=0x000000000000111c
Event: 845.708 Thread 0x000001910189a770 Uncommon trap: reason=bimorphic_or_optimized_type_check action=maybe_recompile pc=0x0000019146d8a5fc method=org.gradle.api.internal.DefaultNamedDomainObjectCollection.findByName(Ljava/lang/String;)Ljava/lang/Object; @ 28 c2
Event: 845.708 Thread 0x000001910189a770 DEOPT PACKING pc=0x0000019146d8a5fc sp=0x000000119bbf3a10
Event: 845.708 Thread 0x000001910189a770 DEOPT UNPACKING pc=0x0000019145c746a2 sp=0x000000119bbf39f0 mode 2
Event: 845.715 Thread 0x000001910189a770 Uncommon trap: trap_request=0xffffffc6 fr.pc=0x0000019146d8a5fc relative=0x000000000000111c
Event: 845.715 Thread 0x000001910189a770 Uncommon trap: reason=bimorphic_or_optimized_type_check action=maybe_recompile pc=0x0000019146d8a5fc method=org.gradle.api.internal.DefaultNamedDomainObjectCollection.findByName(Ljava/lang/String;)Ljava/lang/Object; @ 28 c2
Event: 845.715 Thread 0x000001910189a770 DEOPT PACKING pc=0x0000019146d8a5fc sp=0x000000119bbf3f50
Event: 845.715 Thread 0x000001910189a770 DEOPT UNPACKING pc=0x0000019145c746a2 sp=0x000000119bbf3f30 mode 2
Event: 845.775 Thread 0x000001910189a770 Uncommon trap: trap_request=0xffffffde fr.pc=0x0000019146fcc764 relative=0x00000000000008c4
Event: 845.775 Thread 0x000001910189a770 Uncommon trap: reason=class_check action=maybe_recompile pc=0x0000019146fcc764 method=org.gradle.api.internal.artifacts.dependencies.AbstractVersionConstraint.equals(Ljava/lang/Object;)Z @ 25 c2
Event: 845.775 Thread 0x000001910189a770 DEOPT PACKING pc=0x0000019146fcc764 sp=0x000000119bbf45a0
Event: 845.775 Thread 0x000001910189a770 DEOPT UNPACKING pc=0x0000019145c746a2 sp=0x000000119bbf4548 mode 2
Event: 845.776 Thread 0x000001910189a770 Uncommon trap: trap_request=0xffffffc6 fr.pc=0x0000019146d8a5fc relative=0x000000000000111c
Event: 845.776 Thread 0x000001910189a770 Uncommon trap: reason=bimorphic_or_optimized_type_check action=maybe_recompile pc=0x0000019146d8a5fc method=org.gradle.api.internal.DefaultNamedDomainObjectCollection.findByName(Ljava/lang/String;)Ljava/lang/Object; @ 28 c2
Event: 845.776 Thread 0x000001910189a770 DEOPT PACKING pc=0x0000019146d8a5fc sp=0x000000119bbf4e50
Event: 845.776 Thread 0x000001910189a770 DEOPT UNPACKING pc=0x0000019145c746a2 sp=0x000000119bbf4e30 mode 2

Classes loaded (20 events):
Event: 45.225 Loading class java/util/concurrent/CountedCompleter
Event: 45.226 Loading class java/util/concurrent/CountedCompleter done
Event: 45.364 Loading class java/nio/BufferUnderflowException
Event: 45.364 Loading class java/nio/BufferUnderflowException done
Event: 45.366 Loading class sun/security/rsa/RSACore$BlindingParameters
Event: 45.366 Loading class sun/security/rsa/RSACore$BlindingParameters done
Event: 45.368 Loading class sun/security/rsa/RSACore$BlindingRandomPair
Event: 45.368 Loading class sun/security/rsa/RSACore$BlindingRandomPair done
Event: 45.716 Loading class sun/reflect/misc/MethodUtil
Event: 45.717 Loading class sun/reflect/misc/MethodUtil done
Event: 45.717 Loading class sun/reflect/misc/MethodUtil$1
Event: 45.717 Loading class sun/reflect/misc/MethodUtil$1 done
Event: 45.771 Loading class java/nio/file/StandardCopyOption
Event: 45.772 Loading class java/nio/file/StandardCopyOption done
Event: 45.772 Loading class sun/nio/fs/WindowsFileCopy
Event: 45.772 Loading class sun/nio/fs/WindowsFileCopy done
Event: 46.039 Loading class java/util/concurrent/CompletableFuture$AsyncRun
Event: 46.039 Loading class java/util/concurrent/CompletableFuture$AsyncRun done
Event: 845.451 Loading class jdk/internal/math/FormattedFPDecimal
Event: 845.461 Loading class jdk/internal/math/FormattedFPDecimal done

Classes unloaded (0 events):
No events

Classes redefined (0 events):
No events

Internal exceptions (20 events):
Event: 45.776 Thread 0x0000019169b9a070 Implicit null exception at 0x0000019146e8e3da to 0x0000019146e8e6c3
Event: 45.778 Thread 0x0000019169b9a070 Implicit null exception at 0x000001914693c73e to 0x000001914693c9d3
Event: 45.781 Thread 0x0000019169b9a070 Implicit null exception at 0x0000019146767988 to 0x0000019146767b94
Event: 45.834 Thread 0x0000019169b9a070 Exception <a 'java/lang/IncompatibleClassChangeError'{0x00000007ff5776a0}: Found class java.lang.Object, but interface was expected> (0x00000007ff5776a0) 
thrown [s\src\hotspot\share\interpreter\linkResolver.cpp, line 851]
Event: 45.836 Thread 0x0000019169b9a070 Exception <a 'java/lang/IncompatibleClassChangeError'{0x00000007ff578b78}: Found class java.lang.Object, but interface was expected> (0x00000007ff578b78) 
thrown [s\src\hotspot\share\interpreter\linkResolver.cpp, line 851]
Event: 45.866 Thread 0x0000019169b9a070 Implicit null exception at 0x0000019146497cbd to 0x0000019146497d1c
Event: 45.867 Thread 0x0000019169b9a070 Exception <a 'java/lang/IncompatibleClassChangeError'{0x00000007ff637b80}: Found class java.lang.Object, but interface was expected> (0x00000007ff637b80) 
thrown [s\src\hotspot\share\interpreter\linkResolver.cpp, line 851]
Event: 45.873 Thread 0x0000019169b9a070 Implicit null exception at 0x0000019146b4616b to 0x0000019146b4cee4
Event: 45.874 Thread 0x0000019169b9a070 Implicit null exception at 0x0000019146abf59c to 0x0000019146abfd3c
Event: 46.041 Thread 0x0000019101896c60 Exception <a 'sun/nio/fs/WindowsException'{0x0000000618b36400}> (0x0000000618b36400) 
thrown [s\src\hotspot\share\prims\jni.cpp, line 535]
Event: 46.041 Thread 0x0000019101896c60 Exception <a 'sun/nio/fs/WindowsException'{0x0000000618b37638}> (0x0000000618b37638) 
thrown [s\src\hotspot\share\prims\jni.cpp, line 535]
Event: 845.544 Thread 0x000001910189a770 Exception <a 'sun/nio/fs/WindowsException'{0x0000000616a6f548}> (0x0000000616a6f548) 
thrown [s\src\hotspot\share\prims\jni.cpp, line 535]
Event: 845.544 Thread 0x000001910189a770 Exception <a 'sun/nio/fs/WindowsException'{0x0000000616a70a00}> (0x0000000616a70a00) 
thrown [s\src\hotspot\share\prims\jni.cpp, line 535]
Event: 845.544 Thread 0x000001910189a770 Exception <a 'sun/nio/fs/WindowsException'{0x0000000616a71ea8}> (0x0000000616a71ea8) 
thrown [s\src\hotspot\share\prims\jni.cpp, line 535]
Event: 845.544 Thread 0x000001910189a770 Exception <a 'sun/nio/fs/WindowsException'{0x0000000616a735b8}> (0x0000000616a735b8) 
thrown [s\src\hotspot\share\prims\jni.cpp, line 535]
Event: 845.571 Thread 0x000001910189a770 Exception <a 'sun/nio/fs/WindowsException'{0x0000000616b3ec80}> (0x0000000616b3ec80) 
thrown [s\src\hotspot\share\prims\jni.cpp, line 535]
Event: 845.571 Thread 0x000001910189a770 Exception <a 'sun/nio/fs/WindowsException'{0x0000000616b40ba8}> (0x0000000616b40ba8) 
thrown [s\src\hotspot\share\prims\jni.cpp, line 535]
Event: 845.572 Thread 0x000001910189a770 Exception <a 'sun/nio/fs/WindowsException'{0x0000000616b42860}> (0x0000000616b42860) 
thrown [s\src\hotspot\share\prims\jni.cpp, line 535]
Event: 845.572 Thread 0x000001910189a770 Exception <a 'sun/nio/fs/WindowsException'{0x0000000616b44518}> (0x0000000616b44518) 
thrown [s\src\hotspot\share\prims\jni.cpp, line 535]
Event: 845.702 Thread 0x000001910189a770 Implicit null exception at 0x0000019146d9bfbc to 0x0000019146d9c77e

ZGC Phase Switch (0 events):
No events

VM Operations (20 events):
Event: 246.836 Executing VM operation: Cleanup
Event: 246.836 Executing VM operation: Cleanup done
Event: 255.920 Executing VM operation: Cleanup
Event: 255.920 Executing VM operation: Cleanup done
Event: 316.357 Executing VM operation: Cleanup
Event: 316.357 Executing VM operation: Cleanup done
Event: 387.886 Executing VM operation: Cleanup
Event: 387.886 Executing VM operation: Cleanup done
Event: 516.012 Executing VM operation: Cleanup
Event: 516.012 Executing VM operation: Cleanup done
Event: 586.611 Executing VM operation: Cleanup
Event: 586.611 Executing VM operation: Cleanup done
Event: 596.698 Executing VM operation: Cleanup
Event: 596.698 Executing VM operation: Cleanup done
Event: 626.003 Executing VM operation: Cleanup
Event: 626.003 Executing VM operation: Cleanup done
Event: 677.505 Executing VM operation: Cleanup
Event: 677.505 Executing VM operation: Cleanup done
Event: 845.670 Executing VM operation: ICBufferFull
Event: 845.670 Executing VM operation: ICBufferFull done

Events (20 events):
Event: 845.645 Thread 0x00000191018a09e0 Thread added: 0x00000191018a09e0
Event: 845.645 Thread 0x000001910189dbf0 Thread added: 0x000001910189dbf0
Event: 845.645 Thread 0x00000191018a2420 Thread added: 0x00000191018a2420
Event: 845.645 Thread 0x00000191018a2ab0 Thread added: 0x00000191018a2ab0
Event: 845.646 Thread 0x00000191018a3140 Thread added: 0x00000191018a3140
Event: 845.646 Thread 0x00000191018a37d0 Thread added: 0x00000191018a37d0
Event: 845.660 Thread 0x00000191018a3e60 Thread added: 0x00000191018a3e60
Event: 845.660 Thread 0x00000191018a1d90 Thread added: 0x00000191018a1d90
Event: 845.660 Thread 0x00000191018a44f0 Thread added: 0x00000191018a44f0
Event: 845.660 Thread 0x00000191018a1070 Thread added: 0x00000191018a1070
Event: 845.661 Thread 0x00000191018a1700 Thread added: 0x00000191018a1700
Event: 845.661 Thread 0x00000191018a5f30 Thread added: 0x00000191018a5f30
Event: 845.661 Thread 0x00000191018a4b80 Thread added: 0x00000191018a4b80
Event: 845.661 Thread 0x00000191018a5210 Thread added: 0x00000191018a5210
Event: 845.661 Thread 0x00000191018a58a0 Thread added: 0x00000191018a58a0
Event: 845.661 Thread 0x0000019169f13a00 Thread added: 0x0000019169f13a00
Event: 845.661 Thread 0x0000019169f15440 Thread added: 0x0000019169f15440
Event: 845.666 Thread 0x0000019100c5d6b0 Thread added: 0x0000019100c5d6b0
Event: 845.677 Thread 0x0000019100c621a0 Thread added: 0x0000019100c621a0
Event: 845.697 Thread 0x0000019169f15ad0 Thread added: 0x0000019169f15ad0


Dynamic libraries:
0x00007ff715830000 - 0x00007ff71583a000 	C:\Program Files\Android\Android Studio\jbr\bin\java.exe
0x00007ff83e680000 - 0x00007ff83e8e6000 	C:\WINDOWS\SYSTEM32\ntdll.dll
0x00007ff805410000 - 0x00007ff805431000 	C:\Program Files\Avast Software\Avast\aswhook.dll
0x00007ff83d920000 - 0x00007ff83d9e9000 	C:\WINDOWS\System32\KERNEL32.DLL
0x00007ff83bc90000 - 0x00007ff83c08a000 	C:\WINDOWS\System32\KERNELBASE.dll
0x00007ff83c090000 - 0x00007ff83c1dc000 	C:\WINDOWS\System32\ucrtbase.dll
0x00007fffe1e90000 - 0x00007fffe1ea8000 	C:\Program Files\Android\Android Studio\jbr\bin\jli.dll
0x00007ff811c90000 - 0x00007ff811cab000 	C:\Program Files\Android\Android Studio\jbr\bin\VCRUNTIME140.dll
0x00007ff83dad0000 - 0x00007ff83dc97000 	C:\WINDOWS\System32\USER32.dll
0x00007ff83c310000 - 0x00007ff83c337000 	C:\WINDOWS\System32\win32u.dll
0x00007ff81e300000 - 0x00007ff81e592000 	C:\WINDOWS\WinSxS\amd64_microsoft.windows.common-controls_6595b64144ccf1df_6.0.26100.8521_none_3e08b75ce33403b3\COMCTL32.dll
0x00007ff83d490000 - 0x00007ff83d4bb000 	C:\WINDOWS\System32\GDI32.dll
0x00007ff83c3f0000 - 0x00007ff83c499000 	C:\WINDOWS\System32\msvcrt.dll
0x00007ff83c1e0000 - 0x00007ff83c30b000 	C:\WINDOWS\System32\gdi32full.dll
0x00007ff83bb50000 - 0x00007ff83bbf3000 	C:\WINDOWS\System32\msvcp_win.dll
0x00007ff83c840000 - 0x00007ff83c872000 	C:\WINDOWS\System32\IMM32.DLL
0x00007ff81d120000 - 0x00007ff81d12c000 	C:\Program Files\Android\Android Studio\jbr\bin\vcruntime140_1.dll
0x00007fffe1e00000 - 0x00007fffe1e8d000 	C:\Program Files\Android\Android Studio\jbr\bin\msvcp140.dll
0x00007fffa3130000 - 0x00007fffa3dad000 	C:\Program Files\Android\Android Studio\jbr\bin\server\jvm.dll
0x00007ff83d860000 - 0x00007ff83d916000 	C:\WINDOWS\System32\ADVAPI32.dll
0x00007ff83d4c0000 - 0x00007ff83d56a000 	C:\WINDOWS\System32\sechost.dll
0x00007ff83c700000 - 0x00007ff83c818000 	C:\WINDOWS\System32\RPCRT4.dll
0x00007ff83dca0000 - 0x00007ff83dd20000 	C:\WINDOWS\System32\WS2_32.dll
0x00007ff83b790000 - 0x00007ff83b7ee000 	C:\WINDOWS\SYSTEM32\POWRPROF.dll
0x00007ff82eb30000 - 0x00007ff82eb66000 	C:\WINDOWS\SYSTEM32\WINMM.dll
0x00007ff834790000 - 0x00007ff83479b000 	C:\WINDOWS\SYSTEM32\VERSION.dll
0x00007ff83b750000 - 0x00007ff83b764000 	C:\WINDOWS\SYSTEM32\UMPDC.dll
0x00007ff83a660000 - 0x00007ff83a67b000 	C:\WINDOWS\SYSTEM32\kernel.appcore.dll
0x00007ff81ab20000 - 0x00007ff81ab2a000 	C:\Program Files\Android\Android Studio\jbr\bin\jimage.dll
0x00007ff833a60000 - 0x00007ff833ca2000 	C:\WINDOWS\SYSTEM32\DBGHELP.DLL
0x00007ff83d100000 - 0x00007ff83d483000 	C:\WINDOWS\System32\combase.dll
0x00007ff83d570000 - 0x00007ff83d649000 	C:\WINDOWS\System32\OLEAUT32.dll
0x00007ff8330b0000 - 0x00007ff8330eb000 	C:\WINDOWS\SYSTEM32\dbgcore.DLL
0x00007ff83c340000 - 0x00007ff83c3e8000 	C:\WINDOWS\System32\bcryptPrimitives.dll
0x00007fffe37a0000 - 0x00007fffe37ae000 	C:\Program Files\Android\Android Studio\jbr\bin\instrument.dll
0x00007ff811ad0000 - 0x00007ff811aef000 	C:\Program Files\Android\Android Studio\jbr\bin\java.dll
0x00007ff810090000 - 0x00007ff8100a8000 	C:\Program Files\Android\Android Studio\jbr\bin\zip.dll
0x00007ff83c880000 - 0x00007ff83d004000 	C:\WINDOWS\System32\SHELL32.dll
0x00007ff8394b0000 - 0x00007ff839d30000 	C:\WINDOWS\SYSTEM32\windows.storage.dll
0x00007ff83c600000 - 0x00007ff83c6f6000 	C:\WINDOWS\System32\SHCORE.dll
0x00007ff83e450000 - 0x00007ff83e4b7000 	C:\WINDOWS\System32\shlwapi.dll
0x00007ff83b830000 - 0x00007ff83b859000 	C:\WINDOWS\SYSTEM32\profapi.dll
0x00007ff81aaf0000 - 0x00007ff81ab00000 	C:\Program Files\Android\Android Studio\jbr\bin\net.dll
0x00007ff835460000 - 0x00007ff835589000 	C:\WINDOWS\SYSTEM32\WINHTTP.dll
0x00007ff83abb0000 - 0x00007ff83ac1c000 	C:\WINDOWS\system32\mswsock.dll
0x00007ff8068b0000 - 0x00007ff8068c6000 	C:\Program Files\Android\Android Studio\jbr\bin\nio.dll
0x00007ff806890000 - 0x00007ff8068a0000 	C:\Program Files\Android\Android Studio\jbr\bin\verify.dll
0x00007ff8080b0000 - 0x00007ff8080d7000 	C:\Users\Usuario\.gradle\native\660c5614fbf4a5f2a75b1949f50a0caf5cd603558e7d8a26e50b933a0cfb79d1\windows-amd64\native-platform.dll
0x00007fffdebd0000 - 0x00007fffdec47000 	C:\Users\Usuario\.gradle\native\0.2.8\x86_64-windows-gnu\gradle-fileevents.dll
0x00007ff8080a0000 - 0x00007ff8080a9000 	C:\Program Files\Android\Android Studio\jbr\bin\management.dll
0x00007ff806a80000 - 0x00007ff806a8b000 	C:\Program Files\Android\Android Studio\jbr\bin\management_ext.dll
0x00007ff83dee0000 - 0x00007ff83dee8000 	C:\WINDOWS\System32\PSAPI.DLL
0x00007ff83a040000 - 0x00007ff83a073000 	C:\WINDOWS\SYSTEM32\IPHLPAPI.DLL
0x00007ff83dd30000 - 0x00007ff83dd3a000 	C:\WINDOWS\System32\NSI.dll
0x00007ff810060000 - 0x00007ff810069000 	C:\Program Files\Android\Android Studio\jbr\bin\extnet.dll
0x00007ff83afb0000 - 0x00007ff83afcb000 	C:\WINDOWS\SYSTEM32\CRYPTSP.dll
0x00007ff83a5c0000 - 0x00007ff83a5f9000 	C:\WINDOWS\system32\rsaenh.dll
0x00007ff83ac60000 - 0x00007ff83ac93000 	C:\WINDOWS\SYSTEM32\USERENV.dll
0x00007ff83b800000 - 0x00007ff83b82a000 	C:\WINDOWS\SYSTEM32\bcrypt.dll
0x00007ff83ae10000 - 0x00007ff83ae1c000 	C:\WINDOWS\SYSTEM32\CRYPTBASE.dll
0x00007ff815f70000 - 0x00007ff815f78000 	C:\WINDOWS\system32\wshunix.dll
0x00007ff83a080000 - 0x00007ff83a1ca000 	C:\WINDOWS\SYSTEM32\DNSAPI.dll
0x00007ff83a980000 - 0x00007ff83a98d000 	C:\WINDOWS\SYSTEM32\DSPARSE.dll
0x00007ff833980000 - 0x00007ff83398b000 	C:\Windows\System32\rasadhlp.dll
0x00007ff834960000 - 0x00007ff8349e6000 	C:\WINDOWS\System32\fwpuclnt.dll

dbghelp: loaded successfully - version: 4.0.5 - missing functions: none
symbol engine: initialized successfully - sym options: 0x614 - pdb path: .;C:\Program Files\Android\Android Studio\jbr\bin;C:\WINDOWS\SYSTEM32;C:\Program Files\Avast Software\Avast;C:\WINDOWS\WinSxS\amd64_microsoft.windows.common-controls_6595b64144ccf1df_6.0.26100.8521_none_3e08b75ce33403b3;C:\Program Files\Android\Android Studio\jbr\bin\server;C:\Users\Usuario\.gradle\native\660c5614fbf4a5f2a75b1949f50a0caf5cd603558e7d8a26e50b933a0cfb79d1\windows-amd64;C:\Users\Usuario\.gradle\native\0.2.8\x86_64-windows-gnu

VM Arguments:
jvm_args: --add-opens=java.base/java.lang=ALL-UNNAMED --add-opens=java.base/java.lang.invoke=ALL-UNNAMED --add-opens=java.base/java.util=ALL-UNNAMED --add-opens=java.prefs/java.util.prefs=ALL-UNNAMED --add-exports=jdk.compiler/com.sun.tools.javac.api=ALL-UNNAMED --add-exports=jdk.compiler/com.sun.tools.javac.util=ALL-UNNAMED --add-opens=java.base/java.util=ALL-UNNAMED --add-opens=java.prefs/java.util.prefs=ALL-UNNAMED --add-opens=java.base/java.nio.charset=ALL-UNNAMED --add-opens=java.base/java.net=ALL-UNNAMED --add-opens=java.base/java.util.concurrent=ALL-UNNAMED --add-opens=java.base/java.util.concurrent.atomic=ALL-UNNAMED --add-opens=java.xml/javax.xml.namespace=ALL-UNNAMED --add-opens=java.base/java.time=ALL-UNNAMED -XX:MaxMetaspaceSize=4G -XX:ReservedCodeCacheSize=512m -XX:+HeapDumpOnOutOfMemoryError -Xmx8G -Dfile.encoding=UTF-8 -Duser.country=BR -Duser.language=pt -Duser.variant -javaagent:C:\Users\Usuario\.gradle\wrapper\dists\gradle-9.3.1-all\9ot9r568e8zfvvd4mn8rbu1j0\gradle-9.3.1\lib\agents\gradle-instrumentation-agent-9.3.1.jar 
java_command: org.gradle.launcher.daemon.bootstrap.GradleDaemon 9.3.1
java_class_path (initial): C:\Users\Usuario\.gradle\wrapper\dists\gradle-9.3.1-all\9ot9r568e8zfvvd4mn8rbu1j0\gradle-9.3.1\lib\gradle-daemon-main-9.3.1.jar
Launcher Type: SUN_STANDARD

[Global flags]
     intx CICompilerCount                          = 4                                         {product} {ergonomic}
     uint ConcGCThreads                            = 3                                         {product} {ergonomic}
     uint G1ConcRefinementThreads                  = 10                                        {product} {ergonomic}
   size_t G1HeapRegionSize                         = 4194304                                   {product} {ergonomic}
    uintx GCDrainStackTargetSize                   = 64                                        {product} {ergonomic}
     bool HeapDumpOnOutOfMemoryError               = true                                   {manageable} {command line}
   size_t InitialHeapSize                          = 268435456                                 {product} {ergonomic}
   size_t MarkStackSize                            = 4194304                                   {product} {ergonomic}
   size_t MaxHeapSize                              = 8589934592                                {product} {command line}
   size_t MaxMetaspaceSize                         = 4294967296                                {product} {command line}
   size_t MaxNewSize                               = 5150605312                                {product} {ergonomic}
   size_t MinHeapDeltaBytes                        = 4194304                                   {product} {ergonomic}
   size_t MinHeapSize                              = 8388608                                   {product} {ergonomic}
    uintx NonNMethodCodeHeapSize                   = 5839372                                {pd product} {ergonomic}
    uintx NonProfiledCodeHeapSize                  = 265515770                              {pd product} {ergonomic}
    uintx ProfiledCodeHeapSize                     = 265515770                              {pd product} {ergonomic}
    uintx ReservedCodeCacheSize                    = 536870912                              {pd product} {command line}
     bool SegmentedCodeCache                       = true                                      {product} {ergonomic}
   size_t SoftMaxHeapSize                          = 8589934592                             {manageable} {ergonomic}
     bool UseCompressedOops                        = true                           {product lp64_product} {ergonomic}
     bool UseG1GC                                  = true                                      {product} {ergonomic}
     bool UseLargePagesIndividualAllocation        = false                                  {pd product} {ergonomic}

Logging:
Log output configuration:
 #0: stdout all=warning uptime,level,tags foldmultilines=false
 #1: stderr all=off uptime,level,tags foldmultilines=false

Environment Variables:
JAVA_HOME=C:\Program Files\Android\Android Studio\jbr
CLASSPATH=C:\Users\Usuario\Downloads\ru_app\android\\gradle\wrapper\gradle-wrapper.jar
PATH=C:\Program Files\Android\Android Studio\jbr\bin;C:\Python314\Scripts\;C:\Python314\;C:\Program Files\Common Files\Oracle\Java\javapath;C:\WINDOWS\system32;C:\WINDOWS;C:\WINDOWS\System32\Wbem;C:\WINDOWS\System32\WindowsPowerShell\v1.0\;C:\WINDOWS\System32\OpenSSH\;C:\Program Files\Git\cmd;C:\Program Files\nodejs\;C:\ProgramData\chocolatey\bin;C:\Users\Usuario\AppData\Local\Microsoft\WindowsApps;C:\Users\Usuario\AppData\Local\Programs\Microsoft VS Code\bin;C:\mingw64\bin;C:\Users\Usuario\AppData\Roaming\npm;C:\Program Files\JetBrains\IntelliJ IDEA 2026.1.4\bin;C:\develop\flutter\bin;;C:\develop\flutter\bin\mingit\cmd
USERNAME=Usuario
OS=Windows_NT
PROCESSOR_IDENTIFIER=Intel64 Family 6 Model 151 Stepping 2, GenuineIntel
TMP=C:\Users\Usuario\AppData\Local\Temp
TEMP=C:\Users\Usuario\AppData\Local\Temp




Periodic native trim disabled

JNI global refs:
JNI global refs: 28, weak refs: 0

JNI global refs memory usage: 835, weak refs: 833

Process memory usage:
Resident Set Size: 419560K (2% of 16607172K total physical memory with 3874344K free physical memory)

OOME stack traces (most recent first):
Classloader memory used:
Loader org.gradle.internal.classloader.VisitableURLClassLoader                         : 113M
Loader org.gradle.internal.classloader.VisitableURLClassLoader$InstrumentingVisitableURLClassLoader: 47688K
Loader bootstrap                                                                       : 34517K
Loader org.gradle.initialization.MixInLegacyTypesClassLoader                           : 13856K
Loader jdk.internal.loader.ClassLoaders$PlatformClassLoader                            : 736K
Loader jdk.internal.reflect.DelegatingClassLoader                                      : 346K
Loader jdk.internal.jrtfs.JrtFileSystemProvider$JrtFsLoader                            : 330K
Loader org.gradle.groovy.scripts.internal.DefaultScriptCompilationHandler$ScriptClassLoader: 297K
Loader jdk.internal.loader.ClassLoaders$AppClassLoader                                 : 232K
Loader org.gradle.internal.classloader.VisitableURLClassLoader                         : 185K
Loader sun.reflect.misc.MethodUtil                                                     : 2960B

Classes loaded by more than one classloader:
Class Program                                                                         : loaded 11 times (x 69B)
Class Build_gradle                                                                    : loaded 4 times (x 123B)
Class org.jetbrains.kotlin.cli.common.arguments.K2JVMCompilerArguments                : loaded 3 times (x 73B)
Class org.jetbrains.kotlin.cli.common.arguments.CommonToolArguments                   : loaded 3 times (x 70B)
Class Build_gradle$2                                                                  : loaded 3 times (x 71B)
Class org.jetbrains.kotlin.util.capitalizeDecapitalize.CapitalizeDecapitalizeKt       : loaded 3 times (x 68B)
Class org.jetbrains.kotlin.cli.common.arguments.Freezable                             : loaded 3 times (x 69B)
Class Settings_gradle                                                                 : loaded 3 times (x 121B)
Class org.jetbrains.kotlin.cli.common.arguments.CommonCompilerArguments               : loaded 3 times (x 72B)
Class com.google.common.base.Equivalence$Identity                                     : loaded 2 times (x 79B)
Class com.google.common.collect.RegularImmutableMap$KeySet                            : loaded 2 times (x 149B)
Class org.gradle.internal.classloader.FilteringClassLoader                            : loaded 2 times (x 102B)
Class jdk.internal.jimage.BasicImageReader                                            : loaded 2 times (x 92B)
Class com.google.common.io.FileWriteMode                                              : loaded 2 times (x 76B)
Class [Lcom.google.common.base.AbstractIterator$State;                                : loaded 2 times (x 66B)
Class org.jetbrains.kotlin.gradle.plugin.mpp.KotlinVariantWithCoordinates             : loaded 2 times (x 103B)
Class org.jetbrains.kotlin.gradle.tasks.CInteropProcess                               : loaded 2 times (x 342B)
Class org.jetbrains.kotlin.gradle.internal.KotlinDomApiDependencyManagementKt         : loaded 2 times (x 68B)
Class org.jetbrains.kotlin.gradle.plugin.KotlinPluginLifecycleImpl$launch$coroutine$1 : loaded 2 times (x 73B)
Class org.jetbrains.kotlin.gradle.targets.js.npm.NpmDependencyExtensionKt$defaultNpmDependencyDelegate$1: loaded 2 times (x 158B)
Class org.jetbrains.kotlin.gradle.plugin.diagnostics.checkers.MissingNativeStdlibChecker: loaded 2 times (x 71B)
Class org.jetbrains.kotlin.gradle.targets.ConfigureNonPackedKlibConsumingSideEffectKt : loaded 2 times (x 68B)
Class org.jetbrains.kotlin.gradle.plugin.KotlinPlatformType$DisambiguationRule        : loaded 2 times (x 73B)
Class org.jetbrains.kotlin.gradle.plugin.KotlinPlatformType$Companion                 : loaded 2 times (x 68B)
Class org.jetbrains.kotlin.gradle.plugin.internal.ConfigurationCacheStartParameterAccessorKt: loaded 2 times (x 68B)
Class com.google.common.base.CharMatcher$IsEither                                     : loaded 2 times (x 108B)
Class org.gradle.internal.classloader.ClassLoaderHierarchy                            : loaded 2 times (x 67B)
Class com.google.common.collect.AbstractMapBasedMultimap$WrappedCollection            : loaded 2 times (x 121B)
Class org.jetbrains.kotlin.gradle.plugin.PropertiesProvider$separateKmpCompilation$1  : loaded 2 times (x 76B)
Class org.jetbrains.kotlin.gradle.plugin.hierarchy.KotlinSourceSetTreeClassifierKt    : loaded 2 times (x 68B)
Class org.jetbrains.kotlin.gradle.report.UsesBuildMetricsService                      : loaded 2 times (x 67B)
Class org.jetbrains.kotlin.gradle.plugin.mpp.compilationImpl.factory.KotlinCompilationImplFactory$KotlinCompilationSourceSetsContainerFactory: loaded 2 times (x 67B)
Class org.jetbrains.kotlin.gradle.utils.MutableObservableSet                          : loaded 2 times (x 67B)
Class org.jetbrains.kotlin.gradle.dsl.KotlinHierarchyDsl                              : loaded 2 times (x 67B)
Class org.jetbrains.kotlin.gradle.utils.ConfigurationCacheOpaqueValueSource           : loaded 2 times (x 76B)
Class org.jetbrains.kotlin.gradle.targets.native.KonanPropertiesBuildService$Companion$registerIfAbsent$2$1: loaded 2 times (x 76B)
Class org.jetbrains.kotlin.gradle.report.BuildReportType                              : loaded 2 times (x 76B)
Class org.jetbrains.kotlin.statistics.metrics.StringAnonymizationPolicy$AllowedListAnonymizer: loaded 2 times (x 76B)
Class org.jetbrains.kotlin.gradle.plugin.internal.CustomPropertiesFileValueSource$Parameters$Inject_: loaded 2 times (x 103B)
Class com.google.common.collect.ImmutableEnumSet                                      : loaded 2 times (x 143B)
Class com.google.common.util.concurrent.ExecutionError                                : loaded 2 times (x 79B)
Class com.google.common.collect.ImmutableList$1                                       : loaded 2 times (x 94B)
Class org.gradle.api.internal.classpath.ManifestUtil                                  : loaded 2 times (x 68B)
Class org.jetbrains.kotlin.gradle.report.GradleBuildMetricsReporter                   : loaded 2 times (x 95B)
Class org.jetbrains.kotlin.gradle.utils.FutureKt$future$1                             : loaded 2 times (x 92B)
Class org.jetbrains.kotlin.gradle.plugin.mpp.KotlinMetadataCompilation                : loaded 2 times (x 67B)
Class org.jetbrains.kotlin.gradle.plugin.sources.KotlinDependencyScope                : loaded 2 times (x 76B)
Class org.jetbrains.kotlin.gradle.tasks.configuration.AbstractKotlinCompileConfig$1   : loaded 2 times (x 76B)
Class org.jetbrains.kotlin.gradle.plugin.mpp.compilationImpl.KotlinCompilationFriendPathsResolver: loaded 2 times (x 67B)
Class org.jetbrains.kotlin.konan.target.KonanTarget$ANDROID_ARM64                     : loaded 2 times (x 75B)
Class org.jetbrains.kotlin.gradle.artifacts.KotlinNativeHostSpecificMetadataArtifactKt$KotlinNativeHostSpecificMetadataArtifact$1: loaded 2 times (x 71B)
Class org.jetbrains.kotlin.gradle.plugin.mpp.compilationImpl.KotlinCompilationSideEffect$Companion: loaded 2 times (x 68B)
Class org.jetbrains.kotlin.gradle.plugin.mpp.KotlinUsages$KotlinMetadataDisambiguation: loaded 2 times (x 73B)
Class org.jetbrains.kotlin.gradle.plugin.statistics.FlowActionBuildFusService$Companion$registerIfAbsentImpl$1: loaded 2 times (x 72B)
Class org.jetbrains.kotlin.gradle.internal.properties.PropertiesBuildService$IntGradleProperty: loaded 2 times (x 73B)
Class com.google.common.collect.RegularImmutableMap                                   : loaded 2 times (x 118B)
Class com.google.common.collect.ImmutableMap$MapViewOfValuesAsSingletonSets           : loaded 2 times (x 123B)
Class jdk.internal.jimage.decompressor.StringSharingDecompressorFactory               : loaded 2 times (x 71B)
Class org.jetbrains.kotlin.statistics.AnonymizerUtilsKt$salt$2                        : loaded 2 times (x 75B)
Class org.jetbrains.kotlin.gradle.tasks.AbstractKotlinCompile$compilerRunner$1        : loaded 2 times (x 72B)
Class org.jetbrains.kotlin.gradle.tasks.CacheableTasksKt$cacheOnlyIfEnabledForKotlin$1: loaded 2 times (x 72B)
Class org.jetbrains.kotlin.gradle.utils.GradleAttributesContainerUtilsKt$setAttributeProvider$1: loaded 2 times (x 72B)
Class org.jetbrains.kotlin.gradle.tasks.configuration.AbstractKotlinCompileConfig$2   : loaded 2 times (x 76B)
Class org.jetbrains.kotlin.gradle.plugin.mpp.compilationImpl.factory.KotlinCompilationImplFactory$PreConfigure: loaded 2 times (x 67B)
Class org.jetbrains.kotlin.gradle.plugin.KotlinProjectSetupActionKt$KotlinProjectSetupCoroutine$1$1: loaded 2 times (x 92B)
Class org.jetbrains.kotlin.konan.target.KonanTarget$WATCHOS_ARM32                     : loaded 2 times (x 75B)
Class org.jetbrains.kotlin.gradle.targets.js.dsl.KotlinJsTargetDsl                    : loaded 2 times (x 67B)
Class org.jetbrains.kotlin.gradle.plugin.KotlinPluginLifecycleImplKt                  : loaded 2 times (x 68B)
Class org.jetbrains.kotlin.gradle.plugin.diagnostics.checkers.DeprecatedKotlinNativeTargetsChecker$runChecks$1: loaded 2 times (x 85B)
Class org.jetbrains.kotlin.gradle.plugin.KotlinPluginLifecycleImpl$WhenMappings       : loaded 2 times (x 68B)
Class org.jetbrains.kotlin.gradle.dsl.KotlinCommonCompilerToolOptionsHelper           : loaded 2 times (x 68B)
Class org.jetbrains.kotlin.gradle.plugin.KotlinTargetComponent                        : loaded 2 times (x 67B)
Class org.jetbrains.kotlin.gradle.plugin.KotlinGradlePluginExtensionPointInternal     : loaded 2 times (x 73B)
Class org.jetbrains.kotlin.statistics.metrics.StringOverridePolicy$OVERRIDE_VERSION_IF_NOT_SET: loaded 2 times (x 82B)
Class org.jetbrains.kotlin.gradle.plugin.statistics.KotlinBuildStatsBeanService$Companion$initStatsService$1: loaded 2 times (x 76B)
Class org.jetbrains.kotlin.gradle.plugin.VariantImplementationFactories$Companion$getProvider$1: loaded 2 times (x 72B)
Class org.jetbrains.kotlin.gradle.internal.properties.PropertiesBuildService$BooleanGradleProperty: loaded 2 times (x 73B)
Class org.jetbrains.kotlin.gradle.dsl.KotlinProjectExtension                          : loaded 2 times (x 125B)
Class [Lorg.objectweb.asm.Symbol;                                                     : loaded 2 times (x 66B)
Class org.objectweb.asm.ClassVisitor                                                  : loaded 2 times (x 85B)
Class com.google.common.collect.UnmodifiableListIterator                              : loaded 2 times (x 92B)
Class org.jetbrains.kotlin.gradle.plugin.KotlinPluginLifecycle$ProjectConfigurationResult$Failure: loaded 2 times (x 69B)
Class com.google.common.base.Platform$JdkPatternCompiler                              : loaded 2 times (x 72B)
Class org.jetbrains.kotlin.gradle.tasks.DefaultKotlinJavaToolchain$Companion          : loaded 2 times (x 68B)
Class org.jetbrains.kotlin.gradle.tasks.DefaultKotlinJavaToolchain                    : loaded 2 times (x 74B)
Class org.jetbrains.kotlin.gradle.targets.native.toolchain.KotlinNativeBundleBuildService$Parameters: loaded 2 times (x 67B)
Class org.jetbrains.kotlin.gradle.targets.native.toolchain.KotlinNativeBundleBuildService: loaded 2 times (x 73B)
Class org.jetbrains.kotlin.gradle.plugin.KotlinGradleBuildServices                    : loaded 2 times (x 77B)
Class [Lorg.jetbrains.kotlin.statistics.ValueAnonymizer;                              : loaded 2 times (x 66B)
Class org.jetbrains.kotlin.gradle.internal.properties.PropertiesBuildService$MemoizedCallable$value$2: loaded 2 times (x 76B)
Class org.objectweb.asm.MethodTooLargeException                                       : loaded 2 times (x 80B)
Class [Lcom.google.common.cache.CacheBuilder$OneWeigher;                              : loaded 2 times (x 66B)
Class com.google.common.base.Suppliers                                                : loaded 2 times (x 68B)
Class org.gradle.internal.classloader.DefaultClassLoaderFactory                       : loaded 2 times (x 79B)
Class build_7682sqknnxxvyw05498pw1zr3$_run_closure1$_closure3                         : loaded 2 times (x 136B)
Class [Lcom.google.common.collect.AbstractIterator$State;                             : loaded 2 times (x 66B)
Class com.google.common.base.CharMatcher$None                                         : loaded 2 times (x 109B)
Class org.jetbrains.kotlin.gradle.plugin.PropertiesProvider$kotlinCompilerArgumentsLogLevel$1: loaded 2 times (x 71B)
Class org.jetbrains.kotlin.compilerRunner.CompilerSystemPropertiesService$Parameters_Decorated: loaded 2 times (x 127B)
Class org.jetbrains.kotlin.gradle.plugin.KotlinTargetWithTests                        : loaded 2 times (x 67B)
Class [Lorg.jetbrains.kotlin.gradle.dsl.KotlinVersion;                                : loaded 2 times (x 66B)
Class org.jetbrains.kotlin.gradle.plugin.diagnostics.checkers.JsEnvironmentChecker    : loaded 2 times (x 73B)
Class org.jetbrains.kotlin.gradle.targets.js.npm.NpmDependencyExtensionKt             : loaded 2 times (x 68B)
Class org.jetbrains.kotlin.gradle.dsl.abi.ExperimentalAbiValidation                   : loaded 2 times (x 67B)
Class org.jetbrains.kotlin.gradle.plugin.diagnostics.ToolingDiagnosticRenderingOptions: loaded 2 times (x 69B)
Class org.jetbrains.kotlin.gradle.plugin.diagnostics.UsesKotlinToolingDiagnosticsParameters: loaded 2 times (x 67B)
Class org.jetbrains.kotlin.gradle.plugin.PropertiesProvider$classLoaderCacheTimeoutInSeconds$1: loaded 2 times (x 72B)
Class org.jetbrains.kotlin.gradle.report.BuildMetricsService                          : loaded 2 times (x 83B)
Class org.jetbrains.kotlin.statistics.metrics.NumberAnonymizationPolicy               : loaded 2 times (x 82B)
Class org.jetbrains.kotlin.statistics.metrics.StringAnonymizationPolicy               : loaded 2 times (x 75B)
Class org.gradle.internal.classloader.ClassLoaderVisitor                              : loaded 2 times (x 73B)
Class org.jetbrains.kotlin.build.report.metrics.BuildPerformanceMetrics               : loaded 2 times (x 69B)
Class org.jetbrains.kotlin.gradle.plugin.mpp.compilationImpl.KotlinCompilationLanguageSettingsConfigurator: loaded 2 times (x 71B)
Class org.jetbrains.kotlin.gradle.plugin.KotlinPluginLifecycleKt$await$1              : loaded 2 times (x 85B)
Class [Lorg.jetbrains.kotlin.gradle.plugin.KotlinCompilation;                         : loaded 2 times (x 66B)
Class org.jetbrains.kotlin.gradle.plugin.mpp.KotlinTargetComponentWithPublication     : loaded 2 times (x 67B)
Class org.jetbrains.kotlin.gradle.plugin.mpp.compilationImpl.KotlinCreateNativeCompileTasksSideEffectKt: loaded 2 times (x 68B)
Class org.jetbrains.kotlin.gradle.plugin.KotlinProjectSetupActionKt                   : loaded 2 times (x 68B)
Class org.jetbrains.kotlin.gradle.dsl.KotlinTargetContainerWithJsPresetFunctions      : loaded 2 times (x 67B)
Class org.jetbrains.kotlin.gradle.report.ReportingSettings$Companion                  : loaded 2 times (x 68B)
Class org.jetbrains.kotlin.gradle.report.ConfigureReporingKt                          : loaded 2 times (x 68B)
Class org.jetbrains.kotlin.tooling.core.TypeUtils                                     : loaded 2 times (x 68B)
Class [Lcom.google.common.collect.ImmutableMapEntry;                                  : loaded 2 times (x 66B)
Class org.gradle.api.internal.classpath.EffectiveClassPath                            : loaded 2 times (x 87B)
Class org.jetbrains.kotlin.gradle.plugin.statistics.IDaemonReuseCounterMXBean         : loaded 2 times (x 67B)
Class org.jetbrains.kotlin.gradle.plugin.mpp.compilationImpl.DefaultKotlinCompilationConfigurationsContainer: loaded 2 times (x 81B)
Class com.google.common.collect.ImmutableRangeSet                                     : loaded 2 times (x 112B)
Class org.jetbrains.kotlin.gradle.tasks.TasksProviderKt                               : loaded 2 times (x 68B)
Class org.jetbrains.kotlin.konan.target.KonanTarget$ANDROID_ARM32                     : loaded 2 times (x 75B)
Class org.jetbrains.kotlin.gradle.plugin.sources.DefaultKotlinSourceSetFactory        : loaded 2 times (x 77B)
Class org.jetbrains.kotlin.gradle.plugin.diagnostics.ToolingDiagnostic                : loaded 2 times (x 69B)
Class com.google.common.collect.ListMultimap                                          : loaded 2 times (x 67B)
Class com.google.common.collect.ImmutableEnumMap                                      : loaded 2 times (x 123B)
Class com.google.common.base.Splitter                                                 : loaded 2 times (x 69B)
Class org.jetbrains.kotlin.incremental.ClasspathChanges                               : loaded 2 times (x 68B)
Class org.jetbrains.kotlin.buildtools.api.jvm.ClassSnapshotGranularity                : loaded 2 times (x 76B)
Class org.jetbrains.kotlin.gradle.ExternalKotlinTargetApi                             : loaded 2 times (x 67B)
Class com.google.common.collect.Iterators$EmptyModifiableIterator                     : loaded 2 times (x 83B)
Class org.jetbrains.kotlin.gradle.plugin.diagnostics.checkers.AndroidPluginWithoutAndroidTargetChecker$runChecks$1: loaded 2 times (x 85B)
Class org.jetbrains.kotlin.gradle.plugin.diagnostics.KotlinGradleProjectCheckersRunnerKt$launchKotlinGradleProjectCheckers$1$1: loaded 2 times (x 92B)
Class org.jetbrains.kotlin.gradle.targets.CreateDefaultTestRunSideEffectKt            : loaded 2 times (x 68B)
Class org.jetbrains.kotlin.gradle.utils.ProviderApiUtilsKt$mapOrNull$1                : loaded 2 times (x 72B)
Class org.jetbrains.kotlin.konan.target.KonanTarget                                   : loaded 2 times (x 75B)
Class org.jetbrains.kotlin.gradle.targets.native.toolchain.KotlinNativeBundleBuildService$Companion$registerIfAbsent$1: loaded 2 times (x 72B)
Class org.jetbrains.kotlin.statistics.metrics.BooleanAnonymizationPolicy              : loaded 2 times (x 82B)
Class org.jetbrains.kotlin.statistics.metrics.BooleanOverridePolicy$OVERRIDE          : loaded 2 times (x 82B)
Class org.jetbrains.kotlin.gradle.plugin.PropertiesProvider$kotlinExperimentalTryNext$1: loaded 2 times (x 72B)
Class org.jetbrains.kotlin.gradle.fus.BuildUidService$Companion                       : loaded 2 times (x 68B)
Class org.jetbrains.kotlin.gradle.plugin.VariantImplementationFactoriesConfigurator$Companion$getProvider$1: loaded 2 times (x 71B)
Class com.google.common.collect.Sets$1                                                : loaded 2 times (x 136B)
Class org.objectweb.asm.AnnotationVisitor                                             : loaded 2 times (x 75B)
Class org.gradle.api.internal.DefaultClassPathProvider                                : loaded 2 times (x 73B)
Class org.jetbrains.kotlin.statistics.metrics.OverrideMetricContainer                 : loaded 2 times (x 77B)
Class [Lcom.google.common.base.Function;                                              : loaded 2 times (x 66B)
Class com.google.common.collect.Maps$ViewCachingAbstractMap                           : loaded 2 times (x 122B)
Class org.jetbrains.kotlin.gradle.tasks.configuration.KaptGenerateStubsConfig$Companion$wireJavaAndKotlinOutputs$1: loaded 2 times (x 76B)
Class org.jetbrains.kotlin.gradle.plugin.KotlinPluginLifecycleCoroutineContextElement : loaded 2 times (x 81B)
Class org.jetbrains.kotlin.gradle.dsl.PlatformSourceSetConventionsChecker             : loaded 2 times (x 71B)
Class org.jetbrains.kotlin.gradle.plugin.diagnostics.checkers.KotlinSourceSetTreeDependsOnMismatchChecker: loaded 2 times (x 71B)
Class org.jetbrains.kotlin.gradle.targets.CreateDefaultCompilationsSideEffectKt       : loaded 2 times (x 68B)
Class org.jetbrains.kotlin.gradle.plugin.mpp.SyncLanguageSettingsWithKotlinExtensionSetupActionKt: loaded 2 times (x 68B)
Class org.jetbrains.kotlin.statistics.metrics.NumericalMetrics                        : loaded 2 times (x 77B)
Class org.jetbrains.kotlin.gradle.plugin.VariantImplementationFactories$Companion$getProvider$2$1: loaded 2 times (x 76B)
Class com.google.common.collect.Sets$2                                                : loaded 2 times (x 136B)
Class [Lorg.gradle.api.internal.ClassPathProvider;                                    : loaded 2 times (x 66B)
Class org.gradle.api.internal.ClassPathProvider                                       : loaded 2 times (x 67B)
Class jdk.internal.jrtfs.SystemImage                                                  : loaded 2 times (x 71B)
Class org.jetbrains.kotlin.gradle.plugin.statistics.BuildFinishMetrics$reportBuildFinished$1: loaded 2 times (x 76B)
Class com.google.common.base.AbstractIterator$State                                   : loaded 2 times (x 76B)
Class org.jetbrains.kotlin.gradle.plugin.statistics.ExecutedTaskMetrics               : loaded 2 times (x 68B)
Class org.jetbrains.kotlin.gradle.plugin.diagnostics.CheckKotlinGradlePluginConfigurationErrors$Companion: loaded 2 times (x 68B)
Class org.jetbrains.kotlin.gradle.tasks.KotlinJvmCompile$DefaultImpls                 : loaded 2 times (x 68B)
Class org.jetbrains.kotlin.gradle.tasks.CacheableTasksKt                              : loaded 2 times (x 68B)
Class org.jetbrains.kotlin.konan.target.HostManager$targetValues$2                    : loaded 2 times (x 75B)
Class org.jetbrains.kotlin.gradle.plugin.diagnostics.checkers.UnusedSourceSetsChecker$runChecks$1: loaded 2 times (x 85B)
Class org.jetbrains.kotlin.gradle.targets.js.npm.PeerNpmDependencyExtension           : loaded 2 times (x 67B)
Class org.jetbrains.kotlin.gradle.dsl.AndroidMainSourceSetConventionsChecker          : loaded 2 times (x 71B)
Class org.jetbrains.kotlin.gradle.plugin.diagnostics.checkers.WasmJsEnvironmentChecker$1: loaded 2 times (x 75B)
Class org.jetbrains.kotlin.gradle.targets.js.npm.NpmDependencyExtensionKt$AddNpmDependencyExtensionProjectSetupAction$1: loaded 2 times (x 71B)
Class [Lorg.jetbrains.kotlin.konan.target.Family;                                     : loaded 2 times (x 66B)
Class org.jetbrains.kotlin.gradle.plugin.statistics.FlowActionBuildFusService         : loaded 2 times (x 81B)
Class org.jetbrains.kotlin.build.report.metrics.GradleBuildPerformanceMetric          : loaded 2 times (x 69B)
Class org.jetbrains.kotlin.gradle.internal.properties.PropertiesBuildService$NullableBooleanGradleProperty: loaded 2 times (x 73B)
Class [Lorg.objectweb.asm.AnnotationVisitor;                                          : loaded 2 times (x 66B)
Class com.google.common.collect.Sets$3                                                : loaded 2 times (x 136B)
Class com.google.common.cache.LocalCache$LocalLoadingCache                            : loaded 2 times (x 131B)
Class org.gradle.internal.service.UnknownServiceException                             : loaded 2 times (x 80B)
Class org.jetbrains.kotlin.gradle.tasks.configuration.BaseKotlinCompileConfig$2$1$1$1 : loaded 2 times (x 71B)
Class org.jetbrains.kotlin.gradle.tasks.KotlinCompile$ScriptFilterSpec                : loaded 2 times (x 72B)
Class org.jetbrains.kotlin.gradle.plugin.diagnostics.checkers.ComposePluginSuggestApplyChecker$runChecks$1: loaded 2 times (x 85B)
Class org.jetbrains.kotlin.konan.target.KonanTarget$TVOS_ARM64                        : loaded 2 times (x 75B)
Class org.jetbrains.kotlin.gradle.targets.js.npm.DefaultPeerNpmDependencyExtension    : loaded 2 times (x 138B)
Class org.jetbrains.kotlin.gradle.targets.android.internal.InternalKotlinTargetPreset : loaded 2 times (x 67B)
Class org.jetbrains.kotlin.gradle.plugin.KotlinPluginLifecycleKt                      : loaded 2 times (x 68B)
Class org.jetbrains.kotlin.gradle.plugin.diagnostics.checkers.WasmJsEnvironmentChecker$2: loaded 2 times (x 75B)
Class org.jetbrains.kotlin.gradle.plugin.mpp.AbstractKotlinTarget                     : loaded 2 times (x 144B)
Class org.jetbrains.kotlin.gradle.internal.properties.NativePropertiesLoader$kotlinNativeVersion$1: loaded 2 times (x 72B)
Class org.jetbrains.kotlin.gradle.dsl.KotlinSingleTargetExtension                     : loaded 2 times (x 127B)
Class com.google.common.collect.Sets$4                                                : loaded 2 times (x 136B)
Class org.objectweb.asm.ModuleVisitor                                                 : loaded 2 times (x 78B)
Class com.google.common.cache.LocalCache$Strength$1                                   : loaded 2 times (x 78B)
Class com.google.common.collect.Collections2$FilteredCollection                       : loaded 2 times (x 116B)
Class org.jetbrains.kotlin.gradle.tasks.configuration.BaseKotlinCompileConfig$2$1$1$2 : loaded 2 times (x 71B)
Class org.jetbrains.kotlin.gradle.plugin.mpp.KotlinCompilationsKt$addSourcesToKotlinCompileTask$configureAction$2: loaded 2 times (x 76B)
Class org.jetbrains.kotlin.gradle.plugin.mpp.compilationImpl.KotlinCompilationTaskNamesContainer: loaded 2 times (x 69B)
Class org.jetbrains.kotlin.gradle.plugin.mpp.compilationImpl.factory.KotlinCompilationImplFactory$KotlinCompilerOptionsFactory: loaded 2 times (x 67B)
Class org.jetbrains.kotlin.gradle.internal.properties.PropertiesBuildServiceKt$propertyWithDeprecatedName$1: loaded 2 times (x 72B)
Class org.jetbrains.kotlin.gradle.targets.js.npm.NpmDependencyExtension               : loaded 2 times (x 67B)
Class org.jetbrains.kotlin.gradle.plugin.LanguageSettingsBuilder                      : loaded 2 times (x 67B)
Class org.jetbrains.kotlin.gradle.plugin.diagnostics.checkers.WasmWasiEnvironmentChecker: loaded 2 times (x 73B)
Class org.jetbrains.kotlin.gradle.plugin.diagnostics.checkers.WasmJsEnvironmentChecker$3: loaded 2 times (x 75B)
Class org.jetbrains.kotlin.gradle.targets.ConfigureBuildSideEffectKt                  : loaded 2 times (x 68B)
Class org.jetbrains.kotlin.gradle.plugin.statistics.BuildFusService$Companion$registerIfAbsentImpl$generalConfigurationMetricsProvider$1: loaded 2 times (x 72B)
Class [Lorg.jetbrains.kotlin.statistics.metrics.StringMetrics;                        : loaded 2 times (x 66B)
Class org.jetbrains.kotlin.gradle.plugin.BuildEventsListenerRegistryHolder$Companion  : loaded 2 times (x 68B)
Class com.google.common.util.concurrent.SettableFuture                                : loaded 2 times (x 111B)
Class com.google.common.cache.LocalCache$Strength$2                                   : loaded 2 times (x 78B)
Class org.jetbrains.kotlin.statistics.fileloggers.MetricsContainer$MetricDescriptor   : loaded 2 times (x 72B)
Class [Lcom.google.common.collect.Maps$EntryFunction;                                 : loaded 2 times (x 66B)
Class com.google.common.collect.TransformedIterator                                   : loaded 2 times (x 77B)
Class com.google.common.base.Splitter$1                                               : loaded 2 times (x 74B)
Class org.jetbrains.kotlin.gradle.tasks.KotlinJavaToolchain$JdkSetter                 : loaded 2 times (x 67B)
Class org.jetbrains.kotlin.gradle.plugin.KotlinPluginLifecycle$ProjectConfigurationResult$Success: loaded 2 times (x 68B)
Class org.jetbrains.kotlin.gradle.internal.StdlibDependencyManagementKt$configureStdlibVersionAlignment$1: loaded 2 times (x 72B)
Class org.jetbrains.kotlin.gradle.plugin.diagnostics.checkers.OverriddenKotlinNativeHomeChecker$StdlibExistenceCheckerValueSource$Params$Inject_: loaded 2 times (x 103B)
Class org.jetbrains.kotlin.gradle.plugin.diagnostics.checkers.OverriddenKotlinNativeHomeChecker$allKonanMainSubdirectoriesExist$1$1: loaded 2 times (x 72B)
Class org.jetbrains.kotlin.gradle.dsl.PlatformSourceSetConventionsChecker$CheckedPlatformInfo: loaded 2 times (x 69B)
Class org.jetbrains.kotlin.gradle.plugin.diagnostics.checkers.WasmJsEnvironmentChecker$4: loaded 2 times (x 75B)
Class org.jetbrains.kotlin.gradle.plugin.mpp.KotlinUsages$KotlinCinteropDisambiguation: loaded 2 times (x 73B)
Class org.jetbrains.kotlin.gradle.plugin.KotlinPluginInMultipleProjectsHolder         : loaded 2 times (x 69B)
Class org.jetbrains.kotlin.gradle.report.BuildReportType$Companion                    : loaded 2 times (x 68B)
Class com.google.common.cache.LocalCache$Strength$3                                   : loaded 2 times (x 78B)
Class com.google.common.collect.MapDifference                                         : loaded 2 times (x 67B)
Class org.jetbrains.kotlin.gradle.tasks.KotlinCompilerPluginData$InputsOutputsState   : loaded 2 times (x 69B)
Class org.jetbrains.kotlin.gradle.plugin.mpp.compilationImpl.DefaultKotlinCompilationFriendPathsResolver$CompositeFriendArtifactResolver: loaded 2 times (x 72B)
Class org.jetbrains.kotlin.gradle.plugin.sources.FragmentConsistencyChecks$optInAnnotationsCheck$1: loaded 2 times (x 76B)
Class org.jetbrains.kotlin.gradle.plugin.mpp.AbstractKotlinCompilationToRunnableFiles : loaded 2 times (x 193B)
Class org.jetbrains.kotlin.gradle.artifacts.KotlinMetadataArtifactKt$KotlinMetadataArtifact$1: loaded 2 times (x 71B)
Class org.jetbrains.kotlin.gradle.plugin.mpp.KotlinUsages$KotlinMetadataCompatibility : loaded 2 times (x 73B)
Class [Lorg.jetbrains.kotlin.gradle.dsl.JvmTarget;                                    : loaded 2 times (x 66B)
Class org.jetbrains.kotlin.gradle.utils.ConfigurationsKt$maybeCreateResolvable$1      : loaded 2 times (x 75B)
Class org.jetbrains.kotlin.gradle.plugin.StatisticsBuildFlowManager$Companion         : loaded 2 times (x 68B)
Class org.jetbrains.kotlin.statistics.metrics.StringMetrics$Companion                 : loaded 2 times (x 68B)
Class org.jetbrains.kotlin.gradle.internal.properties.PropertiesBuildService$property$1$1: loaded 2 times (x 72B)
Class org.jetbrains.kotlin.tooling.core.Extras$Type                                   : loaded 2 times (x 69B)
Class org.objectweb.asm.FieldWriter                                                   : loaded 2 times (x 75B)
Class com.google.common.cache.CacheBuilder$NullListener                               : loaded 2 times (x 79B)
Class org.gradle.internal.classpath.TransformedClassPath                              : loaded 2 times (x 93B)
Class org.gradle.internal.classloader.InstrumentingClassLoader                        : loaded 2 times (x 67B)
Class jdk.internal.jrtfs.SystemImage$1                                                : loaded 2 times (x 75B)
Class com.google.common.collect.Maps$IteratorBasedAbstractMap$1                       : loaded 2 times (x 135B)
Class com.google.common.collect.ImmutableRangeSet$AsSet                               : loaded 2 times (x 297B)
Class org.jetbrains.kotlin.gradle.plugin.sources.FragmentConsistencyChecks$optInAnnotationsCheck$2: loaded 2 times (x 75B)
Class org.jetbrains.kotlin.gradle.targets.NativeForwardImplementationToApiElementsSideEffectKt$special$$inlined$KotlinTargetSideEffect$1: loaded 2 times (x 71B)
Class org.jetbrains.kotlin.gradle.plugin.statistics.BuildFusServiceKt                 : loaded 2 times (x 68B)
Class org.jetbrains.kotlin.gradle.plugin.BuildFinishedListenerService$Companion       : loaded 2 times (x 68B)
Class org.jetbrains.kotlin.gradle.plugin.BuildFinishedListenerService                 : loaded 2 times (x 77B)
Class com.google.common.cache.CacheLoader$FunctionToCacheLoader                       : loaded 2 times (x 72B)
Class com.google.common.collect.Iterators$ArrayItr                                    : loaded 2 times (x 94B)
Class com.google.common.collect.ImmutableCollection$Builder                           : loaded 2 times (x 73B)
Class jdk.internal.jrtfs.SystemImage$2                                                : loaded 2 times (x 73B)
Class org.jetbrains.kotlin.gradle.plugin.statistics.BuildFusService$onFinish$2        : loaded 2 times (x 76B)
Class org.jetbrains.kotlin.gradle.tasks.AbstractKotlinCompileTool$sources$1           : loaded 2 times (x 76B)
Class org.jetbrains.kotlin.gradle.tasks.configuration.TaskConfigAction                : loaded 2 times (x 69B)
Class com.google.common.base.Joiner                                                   : loaded 2 times (x 76B)
Class org.jetbrains.kotlin.gradle.plugin.diagnostics.checkers.OverriddenKotlinNativeHomeChecker$allKonanMainSubdirectoriesExist$1: loaded 2 times (x 72B)
Class org.jetbrains.kotlin.gradle.plugin.AbstractKotlinPlugin$Companion               : loaded 2 times (x 68B)
Class org.jetbrains.kotlin.gradle.plugin.KotlinSourceSetTree                          : loaded 2 times (x 69B)
Class org.jetbrains.kotlin.gradle.plugin.KotlinPluginLifecycle$Stage                  : loaded 2 times (x 76B)
Class [Lorg.jetbrains.kotlin.gradle.plugin.diagnostics.checkers.GradleDeprecatedPropertyChecker$DeprecatedProperty;: loaded 2 times (x 66B)
Class org.jetbrains.kotlin.gradle.plugin.mpp.compilationImpl.KotlinCreateResourcesTaskSideEffectKt$KotlinCreateResourcesTaskSideEffect$1: loaded 2 times (x 71B)
Class org.jetbrains.kotlin.gradle.targets.jvm.KotlinJvmTargetTestFixturesSideEffectKt : loaded 2 times (x 68B)
Class org.jetbrains.kotlin.gradle.plugin.sources.KotlinSourceSetFactory               : loaded 2 times (x 77B)
Class org.jetbrains.kotlin.gradle.targets.native.toolchain.KotlinNativeBundleBuildService$Parameters_Decorated: loaded 2 times (x 136B)
Class org.jetbrains.kotlin.gradle.internal.ClassLoadersCachingBuildService$Companion  : loaded 2 times (x 68B)
Class org.jetbrains.kotlin.gradle.internal.IdeaKt$isInIdeaSync$1                      : loaded 2 times (x 71B)
Class com.google.common.base.MoreObjects                                              : loaded 2 times (x 68B)
Class [Lorg.jetbrains.kotlin.build.report.metrics.BuildAttribute;                     : loaded 2 times (x 66B)
Class org.jetbrains.kotlin.gradle.utils.ProviderApiUtilsKt$mapOrNull$1$1              : loaded 2 times (x 72B)
Class org.jetbrains.kotlin.gradle.plugin.hierarchy.KotlinSourceSetTreeClassifier$Default: loaded 2 times (x 68B)
Class org.jetbrains.kotlin.gradle.tasks.configuration.AbstractKotlinCompileConfig     : loaded 2 times (x 69B)
Class org.jetbrains.kotlin.gradle.plugin.mpp.InternalKotlinCompilationKt              : loaded 2 times (x 68B)
Class org.jetbrains.kotlin.gradle.plugin.mpp.compilationImpl.KotlinCompilationImpl$attributes$2: loaded 2 times (x 76B)
Class org.jetbrains.kotlin.gradle.plugin.diagnostics.checkers.OverriddenKotlinNativeHomeChecker$StdlibExistenceCheckerValueSource: loaded 2 times (x 75B)
Class org.jetbrains.kotlin.gradle.plugin.StatisticsBuildFlowManager$subscribeForBuildResultAndConfigurationTimeMetrics$1$1: loaded 2 times (x 71B)
Class org.jetbrains.kotlin.gradle.plugin.statistics.BuildFinishBuildService$Parameters: loaded 2 times (x 67B)
Class org.jetbrains.kotlin.gradle.utils.IsolatedKotlinClasspathClassCastException     : loaded 2 times (x 79B)
Class com.google.common.collect.Platform                                              : loaded 2 times (x 68B)
Class [Lorg.objectweb.asm.Type;                                                       : loaded 2 times (x 66B)
Class com.google.common.collect.UnmodifiableIterator                                  : loaded 2 times (x 77B)
Class org.gradle.internal.service.ServiceLocator                                      : loaded 2 times (x 67B)
Class jdk.internal.jrtfs.JrtFileSystemProvider                                        : loaded 2 times (x 98B)
Class org.jetbrains.kotlin.gradle.tasks.DefaultKotlinJavaToolchain$DefaultJavaToolchainSetter$useAsConvention$1: loaded 2 times (x 72B)
Class org.jetbrains.kotlin.gradle.plugin.KotlinCompilerArgumentsProducer$CreateCompilerArgumentsContext: loaded 2 times (x 67B)
Class org.jetbrains.kotlin.gradle.utils.GradleAttributesContainerUtilsKt$copyAttributeTo$1: loaded 2 times (x 76B)
Class org.jetbrains.kotlin.gradle.plugin.hierarchy.KotlinSourceSetTreeClassifierKt$classify$1: loaded 2 times (x 85B)
Class com.google.common.collect.SingletonImmutableBiMap                               : loaded 2 times (x 140B)
Class [Lorg.jetbrains.kotlin.konan.target.KonanTarget;                                : loaded 2 times (x 66B)
Class org.jetbrains.kotlin.gradle.plugin.diagnostics.checkers.WasmSourceSetsNotFoundChecker: loaded 2 times (x 71B)
Class org.jetbrains.kotlin.gradle.plugin.statistics.KotlinBuildStatsLoggerService$Companion: loaded 2 times (x 68B)
Class com.google.common.base.Ascii                                                    : loaded 2 times (x 68B)
Class com.google.common.cache.LocalCache$1                                            : loaded 2 times (x 86B)
Class com.google.common.collect.Iterators$SingletonIterator                           : loaded 2 times (x 78B)
Class com.google.common.collect.AbstractMapEntry                                      : loaded 2 times (x 78B)
Class org.jetbrains.kotlin.gradle.plugin.KotlinCompilationWithResources               : loaded 2 times (x 67B)
Class com.google.common.collect.Sets$ImprovedAbstractSet                              : loaded 2 times (x 132B)
Class com.google.common.collect.ImmutableList$Builder                                 : loaded 2 times (x 74B)
Class org.jetbrains.kotlin.gradle.plugin.diagnostics.checkers.OverriddenKotlinNativeHomeChecker$StdlibExistenceCheckerValueSource$Inject_: loaded 2 times (x 106B)
Class org.jetbrains.kotlin.gradle.plugin.KotlinTargetPreset                           : loaded 2 times (x 67B)
Class org.jetbrains.kotlin.gradle.plugin.diagnostics.checkers.KotlinTargetAlreadyDeclaredChecker: loaded 2 times (x 71B)
Class org.jetbrains.kotlin.gradle.plugin.mpp.compilationImpl.KotlinCompilationProcessorSideEffectKt: loaded 2 times (x 68B)
Class org.jetbrains.kotlin.gradle.utils.FileUtilsKt$localProperties$1                 : loaded 2 times (x 72B)
Class org.jetbrains.kotlin.gradle.dsl.HasConfigurableKotlinCompilerOptions            : loaded 2 times (x 67B)
Class com.google.common.collect.AbstractMultimap                                      : loaded 2 times (x 120B)
Class com.google.common.cache.LocalCache$2                                            : loaded 2 times (x 139B)
Class org.jetbrains.kotlin.gradle.tasks.configuration.AbstractKotlinCompileConfig$2$1 : loaded 2 times (x 76B)
Class org.jetbrains.kotlin.gradle.tasks.DefaultKotlinJavaToolchain_Decorated          : loaded 2 times (x 119B)
Class org.jetbrains.kotlin.gradle.plugin.statistics.KotlinProjectConfigurationMetrics : loaded 2 times (x 68B)
Class org.jetbrains.kotlin.gradle.plugin.KotlinCompilationInfo$TCS                    : loaded 2 times (x 86B)
Class com.google.common.collect.ImmutableRangeSet$1                                   : loaded 2 times (x 207B)
Class org.jetbrains.kotlin.gradle.plugin.mpp.HasBinaries                              : loaded 2 times (x 67B)
Class org.jetbrains.kotlin.gradle.dsl.KotlinCommonOptions                             : loaded 2 times (x 67B)
Class org.jetbrains.kotlin.gradle.plugin.diagnostics.checkers.KmpPartiallyResolvedDependenciesChecker: loaded 2 times (x 71B)
Class org.jetbrains.kotlin.gradle.plugin.mpp.compilationImpl.KotlinCreateSourcesJarTaskSideEffectKt: loaded 2 times (x 68B)
Class org.jetbrains.kotlin.gradle.dsl.KotlinJvmProjectExtension                       : loaded 2 times (x 150B)
Class org.jetbrains.kotlin.gradle.plugin.KotlinGradlePluginExtensionPointInternalKt   : loaded 2 times (x 68B)
Class org.jetbrains.kotlin.gradle.targets.native.toolchain.UsesKotlinNativeBundleBuildService: loaded 2 times (x 67B)
Class org.jetbrains.kotlin.gradle.plugin.KotlinCompilerArgumentsProducer              : loaded 2 times (x 67B)
Class org.jetbrains.kotlin.build.report.metrics.ValueType                             : loaded 2 times (x 76B)
Class com.google.common.collect.RegularImmutableAsList                                : loaded 2 times (x 214B)
Class com.google.common.base.Optional                                                 : loaded 2 times (x 77B)
Class org.jetbrains.kotlin.build.report.metrics.BuildTimes$Companion                  : loaded 2 times (x 68B)
Class org.jetbrains.kotlin.gradle.internal.tasks.ProducesKlib                         : loaded 2 times (x 67B)
Class org.jetbrains.kotlin.gradle.tasks.configuration.BaseKotlinCompileConfig$1$classpathConfiguration$1: loaded 2 times (x 72B)
Class com.google.common.collect.Range                                                 : loaded 2 times (x 84B)
Class org.jetbrains.kotlin.gradle.targets.js.npm.NpmDependencyExtensionDelegate       : loaded 2 times (x 158B)
Class org.jetbrains.kotlin.gradle.plugin.sources.FragmentConsistencyChecker           : loaded 2 times (x 69B)
Class org.jetbrains.kotlin.gradle.dsl.DefaultToolchainSupport_Decorated               : loaded 2 times (x 117B)
Class org.jetbrains.kotlin.gradle.internal.properties.NativePropertiesLoader$jvmArgs$1: loaded 2 times (x 72B)
Class org.jetbrains.kotlin.gradle.report.BuildMetricsService$Companion                : loaded 2 times (x 68B)
Class org.jetbrains.kotlin.gradle.tasks.KotlinCompileTool                             : loaded 2 times (x 67B)
Class org.jetbrains.kotlin.gradle.plugin.VariantImplementationFactories$Parameters_Decorated: loaded 2 times (x 127B)
Class org.jetbrains.kotlin.gradle.plugin.statistics.BuildFinishBuildService$Parameters_Decorated: loaded 2 times (x 139B)
Class org.jetbrains.kotlin.gradle.plugin.PropertiesProvider$PropertyNames             : loaded 2 times (x 68B)
Class org.jetbrains.kotlin.gradle.utils.SingleAction$PerformedActions                 : loaded 2 times (x 69B)
Class org.jetbrains.kotlin.gradle.utils.GradleUtilsKt                                 : loaded 2 times (x 68B)
Class org.jetbrains.kotlin.gradle.plugin.HasProject                                   : loaded 2 times (x 67B)
Class com.google.common.util.concurrent.AbstractFuture$Trusted                        : loaded 2 times (x 67B)
Class com.google.common.collect.Iterators                                             : loaded 2 times (x 68B)
Class jdk.internal.jimage.ImageLocation                                               : loaded 2 times (x 87B)
Class jdk.internal.jrtfs.JrtDirectoryStream$1                                         : loaded 2 times (x 80B)
Class com.google.common.io.ByteSink$AsCharSink                                        : loaded 2 times (x 77B)
Class org.jetbrains.kotlin.gradle.tasks.configuration.AbstractKotlinCompileConfig$2$3 : loaded 2 times (x 72B)
Class org.jetbrains.kotlin.gradle.tasks.configuration.BaseKotlinCompileConfig         : loaded 2 times (x 69B)
Class org.jetbrains.kotlin.gradle.plugin.mpp.compilationImpl.factory.KotlinCompilationImplFactory$KotlinCompilationTaskNamesContainerFactory: loaded 2 times (x 67B)
Class org.jetbrains.kotlin.tooling.core.KotlinToolingVersion                          : loaded 2 times (x 72B)
Class org.jetbrains.kotlin.gradle.internal.KotlinDependenciesManagementKt$CustomizeKotlinDependenciesSetupAction$1$coreLibrariesVersion$1: loaded 2 times (x 76B)
Class org.jetbrains.kotlin.gradle.plugin.diagnostics.checkers.AndroidPublicationNotConfiguredChecker$runChecks$1: loaded 2 times (x 85B)
Class org.jetbrains.kotlin.gradle.plugin.diagnostics.checkers.CInteropInputChecker$runChecks$1: loaded 2 times (x 85B)
Class org.jetbrains.kotlin.gradle.ExperimentalKotlinGradlePluginApi                   : loaded 2 times (x 67B)
Class org.jetbrains.kotlin.gradle.plugin.diagnostics.ToolingDiagnosticRenderingOptionsKt$isAttachedToTerminal$1: loaded 2 times (x 71B)
Class org.jetbrains.kotlin.gradle.internal.properties.NativePropertiesLoader          : loaded 2 times (x 80B)
Class org.jetbrains.kotlin.gradle.plugin.KotlinGradleBuildServices$Parameters$Inject_ : loaded 2 times (x 103B)
Class org.jetbrains.kotlin.statistics.metrics.NumberAnonymizationPolicy$SAFE          : loaded 2 times (x 82B)
Class org.jetbrains.kotlin.gradle.plugin.statistics.BuildFusService                   : loaded 2 times (x 81B)
Class org.jetbrains.kotlin.gradle.dsl.KotlinAndroidProjectExtension                   : loaded 2 times (x 143B)
Class com.google.common.collect.Lists$StringAsImmutableList                           : loaded 2 times (x 204B)
Class com.google.common.util.concurrent.UncheckedExecutionException                   : loaded 2 times (x 79B)
Class org.jetbrains.kotlin.statistics.fileloggers.MetricsContainer$Companion$readFromFile$1: loaded 2 times (x 76B)
Class org.jetbrains.kotlin.gradle.tasks.configuration.AbstractKotlinCompileConfig$2$4 : loaded 2 times (x 72B)
Class org.jetbrains.kotlin.gradle.tasks.KotlinCompile$scriptSources$1                 : loaded 2 times (x 72B)
Class org.jetbrains.kotlin.build.report.metrics.BuildAttribute$Companion              : loaded 2 times (x 68B)
Class org.jetbrains.kotlin.gradle.plugin.diagnostics.checkers.CInteropInputChecker$runChecks$2: loaded 2 times (x 72B)
Class org.jetbrains.kotlin.gradle.tasks.configuration.KaptGenerateStubsConfig$Companion: loaded 2 times (x 68B)
Class org.jetbrains.kotlin.gradle.internal.KotlinTestDependencyManagementKt$maybeAddTestDependencyCapability$1: loaded 2 times (x 72B)
Class org.jetbrains.kotlin.gradle.plugin.diagnostics.CheckKotlinGradlePluginConfigurationErrorsKt: loaded 2 times (x 68B)
Class org.jetbrains.kotlin.gradle.targets.js.npm.NpmDependencyExtensionKt$AddNpmDependencyExtensionProjectSetupAction$1$WhenMappings: loaded 2 times (x 68B)
Class org.jetbrains.kotlin.gradle.plugin.mpp.KotlinJvmAndroidCompilation              : loaded 2 times (x 194B)
Class org.jetbrains.kotlin.gradle.targets.CreateDefaultCompilationsSideEffectKt$CreateDefaultCompilationsSideEffect$1: loaded 2 times (x 71B)
Class org.jetbrains.kotlin.gradle.targets.native.internal.AddKotlinPlatformIntegersSupportLibraryKt$AddKotlinPlatformIntegersSupportLibrary$1: loaded 2 times (x 92B)
Class org.jetbrains.kotlin.gradle.plugin.mpp.ApplyUserDefinedAttributesKt             : loaded 2 times (x 68B)
Class org.jetbrains.kotlin.gradle.utils.FutureImpl                                    : loaded 2 times (x 77B)
Class org.jetbrains.kotlin.gradle.dsl.abi.AbiValidationLegacyDumpExtension            : loaded 2 times (x 67B)
Class org.jetbrains.kotlin.gradle.plugin.diagnostics.IsAttachedToTerminalValueSource$Inject_: loaded 2 times (x 97B)
Class org.jetbrains.kotlin.gradle.plugin.diagnostics.ToolingDiagnosticRenderingOptionsKt$isAttachedToTerminal$2: loaded 2 times (x 71B)
Class org.jetbrains.kotlin.gradle.internal.properties.NativePropertiesLoader$isToolchainEnabled$1: loaded 2 times (x 72B)
Class [Lorg.jetbrains.kotlin.statistics.metrics.NumericalMetrics;                     : loaded 2 times (x 66B)
Class jdk.internal.jimage.ImageBufferCache$1                                          : loaded 2 times (x 80B)
Class org.jetbrains.kotlin.gradle.tasks.CompileUsingKotlinDaemonWithNormalization     : loaded 2 times (x 67B)
Class org.jetbrains.kotlin.gradle.plugin.mpp.compilationImpl.factory.KotlinCompilationImplFactory$PostConfigure$Companion: loaded 2 times (x 68B)
Class com.google.common.collect.AbstractMapBasedMultimap$KeySet$1                     : loaded 2 times (x 79B)
Class org.jetbrains.kotlin.gradle.internal.KotlinDomApiDependencyManagementKt$configureKotlinDomApiDefaultDependency$1: loaded 2 times (x 76B)
Class org.jetbrains.kotlin.gradle.targets.js.npm.DefaultDevNpmDependencyExtension     : loaded 2 times (x 142B)
Class [Lorg.jetbrains.kotlin.gradle.plugin.HasKotlinDependencies;                     : loaded 2 times (x 66B)
Class org.jetbrains.kotlin.gradle.tasks.DefaultKotlinJavaToolchain$Companion$wireJvmTargetToToolchain$1: loaded 2 times (x 72B)
Class org.jetbrains.kotlin.gradle.plugin.diagnostics.checkers.JsLikeEnvironmentChecker: loaded 2 times (x 73B)
Class org.jetbrains.kotlin.gradle.plugin.KotlinPlatformType                           : loaded 2 times (x 79B)
Class org.jetbrains.kotlin.gradle.plugin.KotlinGradleBuildServices$Companion          : loaded 2 times (x 68B)
Class org.jetbrains.kotlin.gradle.internal.properties.PropertiesBuildServiceKt        : loaded 2 times (x 68B)
Class com.google.common.base.CharMatcher$And                                          : loaded 2 times (x 109B)
Class org.objectweb.asm.ClassWriter                                                   : loaded 2 times (x 103B)
Class com.google.common.cache.CacheLoader$UnsupportedLoadingOperationException        : loaded 2 times (x 79B)
Class org.gradle.internal.classloader.ClasspathUtil$1                                 : loaded 2 times (x 73B)
Class jdk.internal.jimage.ImageBufferCache$2                                          : loaded 2 times (x 88B)
Class com.google.common.collect.FluentIterable$1                                      : loaded 2 times (x 78B)
Class com.google.common.base.Objects                                                  : loaded 2 times (x 68B)
Class com.google.common.collect.AbstractMapBasedMultimap$Itr                          : loaded 2 times (x 80B)
Class org.jetbrains.kotlin.gradle.dsl.KotlinJvmCompilerOptionsHelper                  : loaded 2 times (x 68B)
Class org.jetbrains.kotlin.gradle.tasks.DefaultKotlinJavaToolchain$Companion$wireJvmTargetToToolchain$2: loaded 2 times (x 72B)
Class org.jetbrains.kotlin.gradle.plugin.ProjectLocalConfigurations$ProjectLocalDisambiguation: loaded 2 times (x 73B)
Class org.jetbrains.kotlin.gradle.plugin.diagnostics.ToolingDiagnosticRenderingOptions$Companion: loaded 2 times (x 68B)
Class org.jetbrains.kotlin.gradle.plugin.diagnostics.DiagnosticGroup$KotlinDiagnosticGroup: loaded 2 times (x 78B)
Class org.jetbrains.kotlin.gradle.internal.properties.PropertiesBuildService$NullableStringGradleProperty: loaded 2 times (x 73B)
Class org.jetbrains.kotlin.gradle.targets.native.KonanPropertiesBuildService          : loaded 2 times (x 73B)
Class org.jetbrains.kotlin.gradle.plugin.KotlinGradleBuildServices$detectKotlinPluginLoadedInMultipleProjects$onRegister$1$1: loaded 2 times (x 72B)
Class org.jetbrains.kotlin.gradle.internal.properties.PropertiesBuildService$Inject_  : loaded 2 times (x 93B)
Class org.jetbrains.kotlin.gradle.plugin.internal.ConfigurationCacheStartParameterAccessor$Factory: loaded 2 times (x 67B)
Class org.objectweb.asm.FieldVisitor                                                  : loaded 2 times (x 74B)
Class com.google.common.collect.IndexedImmutableSet                                   : loaded 2 times (x 149B)
Class com.google.common.collect.ImmutableMap$1                                        : loaded 2 times (x 78B)
Class com.google.common.collect.BiMap                                                 : loaded 2 times (x 67B)
Class org.gradle.api.internal.classpath.DefaultModuleRegistry$DefaultModule           : loaded 2 times (x 83B)
Class build_7c73qa3eeiqfvlirsaintclzw$_run_closure1$_closure2                         : loaded 2 times (x 136B)
Class org.jetbrains.kotlin.gradle.plugin.statistics.BuildFinishMetrics$reportGlobalMetrics$1: loaded 2 times (x 76B)
Class com.google.common.collect.FluentIterable$2                                      : loaded 2 times (x 78B)
Class com.google.common.base.Absent                                                   : loaded 2 times (x 77B)
Class org.jetbrains.kotlin.gradle.plugin.diagnostics.CheckKotlinGradlePluginConfigurationErrors_Decorated: loaded 2 times (x 360B)
Class org.jetbrains.kotlin.gradle.plugin.mpp.compilationImpl.KotlinCompilationSourceSetInclusion$DefaultAddSourcesToCompileTask$addSources$1: loaded 2 times (x 76B)
Class org.jetbrains.kotlin.gradle.plugin.diagnostics.checkers.WasmSourceSetsNotFoundChecker$wasmSourceSetRegex$2: loaded 2 times (x 75B)
Class org.jetbrains.kotlin.gradle.plugin.mpp.compilationImpl.KotlinCompilationSideEffect: loaded 2 times (x 67B)
Class org.jetbrains.kotlin.gradle.plugin.KotlinGradlePluginExtensionPoint             : loaded 2 times (x 67B)
Class org.jetbrains.kotlin.tooling.core.ExtrasUtilsKt                                 : loaded 2 times (x 68B)
Class org.jetbrains.kotlin.buildtools.api.ExperimentalBuildToolsApi                   : loaded 2 times (x 67B)
Class org.jetbrains.kotlin.gradle.plugin.diagnostics.KotlinToolingDiagnosticsCollector$Inject_: loaded 2 times (x 93B)
Class org.jetbrains.kotlin.gradle.targets.native.KonanPropertiesBuildService$Companion$registerIfAbsent$2$1$1: loaded 2 times (x 72B)
Class org.jetbrains.kotlin.gradle.utils.ResourceUtilsKt                               : loaded 2 times (x 68B)
Class org.jetbrains.kotlin.gradle.plugin.KotlinPluginWrapperKt$kotlinPluginVersionFromResources$1: loaded 2 times (x 75B)
Class com.google.common.primitives.Ints                                               : loaded 2 times (x 68B)
Class com.google.common.collect.AbstractIterator                                      : loaded 2 times (x 79B)
Class build_7c73qa3eeiqfvlirsaintclzw$_run_closure1$_closure3                         : loaded 2 times (x 136B)
Class com.google.common.collect.FluentIterable$3                                      : loaded 2 times (x 78B)
Class org.jetbrains.kotlin.gradle.tasks.UsesKotlinJavaToolchain$DefaultImpls          : loaded 2 times (x 68B)
Class org.jetbrains.kotlin.build.report.metrics.BuildAttributeKind$Companion          : loaded 2 times (x 68B)
Class org.jetbrains.kotlin.gradle.plugin.mpp.KotlinTargetSoftwareComponentImplKt$KotlinTargetSoftwareComponent$1$1$1: loaded 2 times (x 72B)
Class org.jetbrains.kotlin.gradle.tasks.configuration.KaptGenerateStubsConfig$Companion$configureLibraries$1: loaded 2 times (x 76B)
Class org.jetbrains.kotlin.gradle.plugin.mpp.compilationImpl.KotlinCompilationSourceSetInclusion$DefaultAddSourcesToCompileTask$addSources$2: loaded 2 times (x 76B)
Class org.jetbrains.kotlin.gradle.tasks.AbstractKotlinCompile                         : loaded 2 times (x 456B)
Class org.jetbrains.kotlin.gradle.plugin.KotlinCompilationOutput                      : loaded 2 times (x 67B)
Class com.google.common.collect.ObjectArrays                                          : loaded 2 times (x 68B)
Class org.jetbrains.kotlin.gradle.plugin.diagnostics.CheckKotlinGradlePluginConfigurationErrorsKt$addDependsOnFromTasksThatShouldFailWhenErrorsReported$1: loaded 2 times (x 72B)
Class org.jetbrains.kotlin.konan.target.KonanTarget$TVOS_X64                          : loaded 2 times (x 75B)
Class org.jetbrains.kotlin.gradle.plugin.diagnostics.KotlinToolingDiagnosticsSetupActionKt: loaded 2 times (x 68B)
Class org.jetbrains.kotlin.gradle.targets.native.KonanPropertiesBuildService$Parameters_Decorated: loaded 2 times (x 127B)
Class org.jetbrains.kotlin.gradle.plugin.KotlinPluginWrapperKt$kotlinPluginVersionFromResources$1$1: loaded 2 times (x 68B)
Class com.google.common.math.MathPreconditions                                        : loaded 2 times (x 68B)
Class com.google.common.collect.Multiset                                              : loaded 2 times (x 67B)
Class com.google.common.collect.ArrayListMultimapGwtSerializationDependencies         : loaded 2 times (x 169B)
Class com.google.common.collect.AbstractIndexedListIterator                           : loaded 2 times (x 93B)
Class org.jetbrains.kotlin.gradle.plugin.attributes.KlibPackaging$Companion           : loaded 2 times (x 68B)
Class org.jetbrains.kotlin.tooling.core.Extras$Entry                                  : loaded 2 times (x 69B)
Class org.jetbrains.kotlin.gradle.plugin.sources.InternalKotlinSourceSetKt            : loaded 2 times (x 68B)
Class org.jetbrains.kotlin.gradle.utils.WhenEvaluatedKt$whenEvaluated$3               : loaded 2 times (x 76B)
Class org.jetbrains.kotlin.gradle.internal.Kapt3GradleSubplugin$Kapt3SubpluginContext : loaded 2 times (x 69B)
Class org.jetbrains.kotlin.gradle.artifacts.KotlinTargetArtifact                      : loaded 2 times (x 67B)
Class org.jetbrains.kotlin.gradle.dsl.KotlinJvmCompilerOptionsDefault_Decorated       : loaded 2 times (x 161B)
Class org.jetbrains.kotlin.gradle.plugin.HasKotlinDependencies                        : loaded 2 times (x 67B)
Class org.jetbrains.kotlin.gradle.internal.ClassLoadersCachingBuildService$Parameters_Decorated: loaded 2 times (x 127B)
Class org.jetbrains.kotlin.gradle.targets.native.toolchain.KotlinNativeBundleBuildService$Companion: loaded 2 times (x 68B)
Class org.jetbrains.kotlin.gradle.plugin.StatisticsBuildFlowManager$subscribeForBuildResultAndConfigurationTimeMetrics$1: loaded 2 times (x 72B)
Class org.jetbrains.kotlin.gradle.plugin.statistics.MetricContainer                   : loaded 2 times (x 69B)
Class org.jetbrains.kotlin.gradle.plugin.statistics.old.Pre232IdeaKotlinBuildStatsMXBean: loaded 2 times (x 67B)
Class org.jetbrains.kotlin.gradle.plugin.statistics.KotlinBuildStatsServicesRegistry  : loaded 2 times (x 75B)
Class org.jetbrains.kotlin.gradle.plugin.BuildEventsListenerRegistryHolder_Decorated  : loaded 2 times (x 112B)
Class org.jetbrains.kotlin.gradle.plugin.VariantImplementationFactoriesConfigurator   : loaded 2 times (x 73B)
Class com.google.common.collect.ImmutableMapEntrySet                                  : loaded 2 times (x 149B)
Class org.gradle.api.internal.classpath.Module                                        : loaded 2 times (x 67B)
Class org.jetbrains.kotlin.gradle.tasks.DefaultKotlinJavaToolchain$getToolsJarFromJvm$1$1: loaded 2 times (x 76B)
Class org.jetbrains.kotlin.gradle.tasks.KotlinCompile$ClasspathSnapshotProperties_Decorated: loaded 2 times (x 126B)
Class org.jetbrains.kotlin.gradle.plugin.mpp.compilationImpl.KotlinCompilationSourceSetInclusion$Companion$includedSourceSets$2: loaded 2 times (x 75B)
Class org.jetbrains.kotlin.gradle.utils.WhenEvaluatedKt$whenEvaluated$4               : loaded 2 times (x 72B)
Class org.jetbrains.kotlin.gradle.plugin.diagnostics.KotlinToolingDiagnosticsSetupActionKt$KotlinToolingDiagnosticsSetupAction$1$1: loaded 2 times (x 72B)
Class org.jetbrains.kotlin.gradle.targets.js.npm.NpmDirectoryDependencyWithExternalsExtension: loaded 2 times (x 67B)
Class org.jetbrains.kotlin.gradle.plugin.KotlinProjectSetupAction                     : loaded 2 times (x 67B)
Class org.jetbrains.kotlin.gradle.plugin.KotlinGradleFinishBuildHandler$Companion     : loaded 2 times (x 68B)
Class org.jetbrains.kotlin.gradle.internal.IsInIdeaSyncValueSource                    : loaded 2 times (x 75B)
Class com.google.common.cache.Weigher                                                 : loaded 2 times (x 67B)
Class org.gradle.api.internal.classpath.UnknownModuleException                        : loaded 2 times (x 79B)
Class jdk.internal.jimage.ImageHeader                                                 : loaded 2 times (x 68B)
Class org.jetbrains.kotlin.gradle.plugin.mpp.InternalKotlinTargetComponentKt          : loaded 2 times (x 68B)
Class org.jetbrains.kotlin.gradle.plugin.mpp.InternalKotlinTarget$DefaultImpls        : loaded 2 times (x 68B)
Class org.jetbrains.kotlin.gradle.plugin.statistics.KotlinBuildStatisticsUtilsKt$collectAppliedPluginsStatistics$1: loaded 2 times (x 72B)
Class org.jetbrains.kotlin.gradle.plugin.KotlinPluginLifecycleImpl$executeCurrentStageAndScheduleNext$3: loaded 2 times (x 72B)
Class org.jetbrains.kotlin.gradle.plugin.mpp.compilationImpl.KotlinCompilationRegisterInSourceSetsConfigurator$configure$1: loaded 2 times (x 76B)
Class org.jetbrains.kotlin.gradle.plugin.diagnostics.KotlinToolingDiagnosticsSetupActionKt$KotlinToolingDiagnosticsSetupAction$1$2: loaded 2 times (x 92B)
Class org.jetbrains.kotlin.gradle.targets.js.npm.NpmDependencyWithExternalsExtension  : loaded 2 times (x 67B)
Class org.jetbrains.kotlin.gradle.plugin.mpp.KotlinUsageContext                       : loaded 2 times (x 67B)
Class org.jetbrains.kotlin.gradle.plugin.KotlinTargetsContainer                       : loaded 2 times (x 67B)
Class org.jetbrains.kotlin.compilerRunner.GradleCliCommonizerKt                       : loaded 2 times (x 68B)
Class org.jetbrains.kotlin.gradle.utils.ConfigurationsKt                              : loaded 2 times (x 68B)
Class org.jetbrains.kotlin.gradle.plugin.StatisticsBuildFlowManager                   : loaded 2 times (x 69B)
Class org.jetbrains.kotlin.gradle.plugin.statistics.BuildFusService$Parameters        : loaded 2 times (x 67B)
Class org.jetbrains.kotlin.gradle.plugin.diagnostics.DefaultProblemsReporter$Factory  : loaded 2 times (x 73B)
Class org.jetbrains.kotlin.gradle.plugin.PluginWrappersKt                             : loaded 2 times (x 68B)
Class com.google.common.base.Stopwatch                                                : loaded 2 times (x 69B)
Class com.google.common.cache.LocalCache$Strength                                     : loaded 2 times (x 78B)
Class com.google.common.cache.Cache                                                   : loaded 2 times (x 67B)
Class com.google.common.base.NullnessCasts                                            : loaded 2 times (x 68B)
Class org.jetbrains.kotlin.build.report.metrics.BuildMetricsReporter                  : loaded 2 times (x 67B)
Class org.jetbrains.kotlin.gradle.plugin.statistics.KotlinBuildStatisticsUtilsKt$collectAppliedPluginsStatistics$2: loaded 2 times (x 72B)
Class org.jetbrains.kotlin.gradle.plugin.mpp.InternalKotlinTargetKt                   : loaded 2 times (x 68B)
Class com.google.common.collect.AbstractMultimap$Entries                              : loaded 2 times (x 117B)
Class org.jetbrains.kotlin.gradle.plugin.diagnostics.KotlinToolingDiagnosticsSetupActionKt$KotlinToolingDiagnosticsSetupAction$1$3: loaded 2 times (x 72B)
Class org.jetbrains.kotlin.gradle.targets.js.dsl.KotlinTargetWithNodeJsDsl            : loaded 2 times (x 67B)
Class org.jetbrains.kotlin.gradle.plugin.sources.DefaultKotlinSourceSetKt$defaultSourceSetLanguageSettingsChecker$1: loaded 2 times (x 75B)
Class org.jetbrains.kotlin.gradle.plugin.sources.InternalKotlinSourceSet              : loaded 2 times (x 67B)
Class org.jetbrains.kotlin.gradle.plugin.KotlinJvmPlugin                              : loaded 2 times (x 76B)
Class org.jetbrains.kotlin.gradle.plugin.mpp.SyncLanguageSettingsWithKotlinExtensionSetupActionKt$SyncLanguageSettingsWithKotlinExtensionSetupAction$1: loaded 2 times (x 92B)
Class org.jetbrains.kotlin.gradle.dsl.KotlinGradlePluginPublicDsl                     : loaded 2 times (x 67B)
Class org.jetbrains.kotlin.gradle.internal.properties.NativeProperties                : loaded 2 times (x 67B)
Class org.jetbrains.kotlin.gradle.fus.internal.SynchronizedConfigurationMetrics       : loaded 2 times (x 69B)
Class org.jetbrains.kotlin.statistics.BuildSessionLogger                              : loaded 2 times (x 74B)
Class org.jetbrains.kotlin.gradle.plugin.internal.ConfigurationCacheStartParameterAccessor: loaded 2 times (x 67B)
Class org.jetbrains.kotlin.gradle.internal.diagnostics.GradleCompatibilityCheck$DefaultCurrentGradleVersionProvider: loaded 2 times (x 71B)
Class org.jetbrains.kotlin.gradle.dsl.KotlinBaseExtension                             : loaded 2 times (x 67B)
Class com.google.common.util.concurrent.AbstractFuture$Cancellation                   : loaded 2 times (x 69B)
Class com.google.common.collect.ImmutableMap$Builder                                  : loaded 2 times (x 79B)
Class com.google.common.collect.Maps$EntryFunction$1                                  : loaded 2 times (x 88B)
Class com.google.common.base.Present                                                  : loaded 2 times (x 78B)
Class com.google.common.collect.AbstractMapBasedMultimap$WrappedCollection$WrappedIterator: loaded 2 times (x 81B)
Class org.jetbrains.kotlin.gradle.utils.FutureKt$future$2$1                           : loaded 2 times (x 92B)
Class org.jetbrains.kotlin.gradle.plugin.diagnostics.DefaultProblemsReporter$logger$2 : loaded 2 times (x 76B)
Class org.jetbrains.kotlin.gradle.plugin.diagnostics.DefaultProblemsReporter          : loaded 2 times (x 73B)
Class [Lorg.jetbrains.kotlin.gradle.plugin.statistics.plugins.ObservablePlugins;      : loaded 2 times (x 66B)
Class org.jetbrains.kotlin.gradle.plugin.internal.BuildIdService$Companion$registerIfAbsent$1$1: loaded 2 times (x 72B)
Class org.jetbrains.kotlin.gradle.targets.js.dsl.KotlinWasmTargetDsl                  : loaded 2 times (x 67B)
Class org.jetbrains.kotlin.gradle.plugin.diagnostics.checkers.DisabledCinteropCommonizationInHmppProjectChecker$runChecks$1: loaded 2 times (x 85B)
Class org.jetbrains.kotlin.gradle.plugin.sources.ConsistencyCheck                     : loaded 2 times (x 69B)
Class org.jetbrains.kotlin.gradle.plugin.sources.DefaultKotlinSourceSetKt$defaultSourceSetLanguageSettingsChecker$2: loaded 2 times (x 75B)
Class org.jetbrains.kotlin.gradle.dsl.KotlinCommonToolOptions                         : loaded 2 times (x 67B)
Class org.jetbrains.kotlin.gradle.plugin.AbstractKotlinPlugin                         : loaded 2 times (x 75B)
Class org.jetbrains.kotlin.gradle.tasks.DefaultKotlinJavaToolchain$Companion$wireJvmTargetToJvm$1: loaded 2 times (x 72B)
Class org.jetbrains.kotlin.gradle.plugin.diagnostics.checkers.ComposePluginSuggestApplyChecker: loaded 2 times (x 71B)
Class org.jetbrains.kotlin.konan.target.KonanTarget$IOS_ARM64                         : loaded 2 times (x 75B)
Class org.jetbrains.kotlin.gradle.dsl.KotlinMultiplatformExtension                    : loaded 2 times (x 604B)
Class org.jetbrains.kotlin.gradle.plugin.diagnostics.KotlinToolingDiagnosticsCollectorKt$kotlinToolingDiagnosticsCollectorProvider$1$execute$$inlined$variantImplementationFactoryProvider$1: loaded 2 times (x 71B)
Class org.jetbrains.kotlin.gradle.plugin.statistics.FlowActionBuildFusService$Inject_ : loaded 2 times (x 101B)
Class org.jetbrains.kotlin.gradle.plugin.BuildFinishAndConfigurationTimeMetricsFlowAction: loaded 2 times (x 71B)
Class org.jetbrains.kotlin.gradle.plugin.PropertiesProvider$booleanProvider$1         : loaded 2 times (x 71B)
Class com.google.common.cache.RemovalListener                                         : loaded 2 times (x 67B)
Class org.gradle.api.internal.DefaultClassPathRegistry                                : loaded 2 times (x 73B)
Class com.google.common.collect.Maps$EntryFunction$2                                  : loaded 2 times (x 88B)
Class org.jetbrains.kotlin.gradle.plugin.mpp.KotlinTargetSoftwareComponentImplKt$KotlinTargetSoftwareComponent$1$1$configuration$1: loaded 2 times (x 76B)
Class org.jetbrains.kotlin.gradle.targets.js.npm.DefaultPeerNpmDependencyExtension$delegate$1: loaded 2 times (x 158B)
Class org.jetbrains.kotlin.gradle.targets.js.npm.NpmDependency                        : loaded 2 times (x 83B)
Class org.jetbrains.kotlin.gradle.targets.js.npm.DefaultNpmDependencyExtension        : loaded 2 times (x 146B)
Class org.jetbrains.kotlin.gradle.targets.js.npm.NpmDependency$Scope                  : loaded 2 times (x 76B)
Class org.jetbrains.kotlin.gradle.plugin.sources.FragmentConsistencyChecks$unstableFeaturesCheck$1: loaded 2 times (x 76B)
Class org.jetbrains.kotlin.gradle.plugin.sources.DefaultKotlinSourceSet               : loaded 2 times (x 136B)
Class org.jetbrains.kotlin.gradle.plugin.diagnostics.KotlinToolingDiagnosticsCollector$Parameter_Decorated: loaded 2 times (x 127B)
Class org.jetbrains.kotlin.gradle.utils.ConfigurationsKt$sam$org_gradle_api_Action$0  : loaded 2 times (x 72B)
Class org.jetbrains.kotlin.gradle.plugin.statistics.BuildFinishBuildService$Inject_   : loaded 2 times (x 101B)
Class org.jetbrains.kotlin.gradle.plugin.diagnostics.ProblemsReporter                 : loaded 2 times (x 67B)
Class org.jetbrains.kotlin.gradle.plugin.VariantImplementationFactories$Parameters    : loaded 2 times (x 67B)
Class org.jetbrains.kotlin.gradle.plugin.internal.JavaExecTaskParametersCompatibility$Factory: loaded 2 times (x 67B)
Class com.google.common.primitives.IntsMethodsForWeb                                  : loaded 2 times (x 68B)
Class com.google.common.collect.Multimap                                              : loaded 2 times (x 67B)
Class org.gradle.api.internal.ClassPathRegistry                                       : loaded 2 times (x 67B)
Class org.gradle.internal.classpath.DefaultClassPath$ImmutableUniqueList              : loaded 2 times (x 196B)
Class jdk.internal.jimage.decompressor.ResourceDecompressor                           : loaded 2 times (x 67B)
Class org.jetbrains.kotlin.gradle.plugin.internal.state.TaskLoggers                   : loaded 2 times (x 68B)
Class com.google.common.base.ExtraObjectsMethodsForWeb                                : loaded 2 times (x 68B)
Class org.jetbrains.kotlin.gradle.plugin.KotlinCompilation$DefaultImpls               : loaded 2 times (x 68B)
Class org.jetbrains.kotlin.gradle.utils.ProviderApiUtilsKt$providerWithLazyConvention$1: loaded 2 times (x 71B)
Class org.jetbrains.kotlin.gradle.plugin.sources.FragmentConsistencyChecks$unstableFeaturesCheck$2: loaded 2 times (x 75B)
Class org.jetbrains.kotlin.gradle.plugin.KotlinPluginLifecycleImpl                    : loaded 2 times (x 77B)
Class org.jetbrains.kotlin.gradle.plugin.diagnostics.KotlinToolingDiagnostics$WasmWasiEnvironmentNotChosenExplicitly: loaded 2 times (x 70B)
Class org.jetbrains.kotlin.gradle.artifacts.KotlinNativeKlibArtifactKt$KotlinNativeKlibArtifact$1: loaded 2 times (x 71B)
Class org.jetbrains.kotlin.gradle.dsl.KotlinCommonCompilerOptionsDefault              : loaded 2 times (x 91B)
Class org.jetbrains.kotlin.gradle.dsl.KotlinCommonCompilerToolOptionsDefault          : loaded 2 times (x 81B)
Class org.jetbrains.kotlin.konan.target.KonanTarget$Companion$predefinedTargets$2     : loaded 2 times (x 75B)
Class org.jetbrains.kotlin.gradle.plugin.diagnostics.DiagnosticGroup$Kgp              : loaded 2 times (x 79B)
Class org.jetbrains.kotlin.gradle.tasks.publishing.HelpersKt$addPomValidationHelpers$1: loaded 2 times (x 72B)
Class org.jetbrains.kotlin.gradle.internal.properties.NativePropertiesLoader$isUseXcodeMessageStyleEnabled$1: loaded 2 times (x 72B)
Class org.jetbrains.kotlin.gradle.internal.ClassLoadersCachingBuildService$Companion$registerIfAbsent$2$1: loaded 2 times (x 76B)
Class org.jetbrains.kotlin.gradle.plugin.statistics.KotlinBuildStatisticsUtilsKt$collectGeneralConfigurationTimeMetrics$statisticOverhead$1$2: loaded 2 times (x 72B)
Class org.jetbrains.kotlin.gradle.plugin.StatisticsBuildFlowManager_Decorated         : loaded 2 times (x 112B)
Class org.jetbrains.kotlin.gradle.report.BuildReportMode$Companion                    : loaded 2 times (x 68B)
Class org.jetbrains.kotlin.gradle.plugin.VariantImplementationFactories$VariantImplementationFactory: loaded 2 times (x 67B)
Class com.google.common.base.PairwiseEquivalence                                      : loaded 2 times (x 80B)
Class com.google.common.io.ByteSink                                                   : loaded 2 times (x 73B)
Class org.jetbrains.kotlin.gradle.tasks.configuration.BaseKotlinCompileConfig$1$1$classpathEntrySnapshotFiles$1: loaded 2 times (x 71B)
Class org.jetbrains.kotlin.gradle.utils.GradleAttributesContainerUtilsKt              : loaded 2 times (x 68B)
Class org.jetbrains.kotlin.gradle.plugin.mpp.ApplyUserDefinedAttributesKt$UserDefinedAttributesSetupAction$1$1: loaded 2 times (x 76B)
Class org.jetbrains.kotlin.compilerRunner.CompilerSystemPropertiesService             : loaded 2 times (x 77B)
Class org.jetbrains.kotlin.gradle.plugin.mpp.compilationImpl.KotlinCompilationImpl$1  : loaded 2 times (x 76B)
Class org.jetbrains.kotlin.gradle.targets.js.npm.SemVer$Companion                     : loaded 2 times (x 68B)
Class org.jetbrains.kotlin.konan.target.KonanTarget$LINUX_ARM64                       : loaded 2 times (x 75B)
Class org.jetbrains.kotlin.gradle.targets.native.SetupEmbedAndSignAppleFrameworkTaskSideEffectKt$special$$inlined$KotlinTargetSideEffect$1: loaded 2 times (x 71B)
Class org.jetbrains.kotlin.gradle.plugin.mpp.KotlinUsages$KotlinCinteropCompatibility : loaded 2 times (x 74B)
Class org.jetbrains.kotlin.gradle.plugin.mpp.KotlinUsages$KotlinUsagesCompatibility   : loaded 2 times (x 73B)
Class org.jetbrains.kotlin.gradle.dsl.ExplicitApiMode                                 : loaded 2 times (x 76B)
Class org.jetbrains.kotlin.konan.target.KonanTarget$LINUX_X64                         : loaded 2 times (x 75B)
Class [Lorg.jetbrains.kotlin.konan.target.Architecture;                               : loaded 2 times (x 66B)
Class org.jetbrains.kotlin.gradle.tasks.publishing.HelpersKt$addSigningValidationHelpers$1: loaded 2 times (x 72B)
Class org.jetbrains.kotlin.gradle.plugin.VariantImplementationFactories$Parameters$Inject_: loaded 2 times (x 103B)
Class org.jetbrains.kotlin.gradle.plugin.VariantImplementationFactories$Companion     : loaded 2 times (x 68B)
Class org.jetbrains.kotlin.gradle.plugin.internal.CustomPropertiesFileValueSource$Parameters_Decorated: loaded 2 times (x 127B)
Class org.jetbrains.kotlin.gradle.dsl.KotlinTopLevelExtensionConfig                   : loaded 2 times (x 67B)
Class com.google.common.cache.CacheBuilder                                            : loaded 2 times (x 69B)
Class com.google.common.collect.SingletonImmutableList                                : loaded 2 times (x 204B)
Class Settings_gradle$1                                                               : loaded 2 times (x 71B)
Class org.gradle.internal.classpath.ClassPath                                         : loaded 2 times (x 67B)
Class com.google.common.io.Files$FileByteSource                                       : loaded 2 times (x 82B)
Class org.jetbrains.kotlin.gradle.incremental.IncrementalModuleInfoProvider           : loaded 2 times (x 67B)
Class org.jetbrains.kotlin.gradle.plugin.mpp.compilationImpl.KotlinCompilationImpl$2  : loaded 2 times (x 76B)
Class com.google.common.base.JdkPattern                                               : loaded 2 times (x 72B)
Class org.jetbrains.kotlin.gradle.dsl.PlatformSourceSetConventionsChecker$runChecks$1 : loaded 2 times (x 85B)
Class org.jetbrains.kotlin.gradle.plugin.mpp.compilationImpl.KotlinCompilationProcessorSideEffectKt$KotlinCompilationProcessorSideEffect$1: loaded 2 times (x 71B)
Class org.jetbrains.kotlin.gradle.dsl.KotlinJvmCompilerOptionsDefault                 : loaded 2 times (x 103B)
Class org.jetbrains.kotlin.gradle.internal.UsesClassLoadersCachingBuildService        : loaded 2 times (x 67B)
Class com.google.common.collect.ImmutableList$ReverseImmutableList                    : loaded 2 times (x 206B)
Class org.jetbrains.kotlin.compilerRunner.KotlinCompilerArgumentsLogLevel$Companion   : loaded 2 times (x 68B)
Class org.jetbrains.kotlin.gradle.tasks.AbstractKotlinCompile$defaultKotlinJavaToolchain$1: loaded 2 times (x 75B)
Class org.jetbrains.kotlin.daemon.common.MultiModuleICSettings                        : loaded 2 times (x 69B)
Class org.jetbrains.kotlin.gradle.plugin.internal.CustomPropertiesFileValueSource$Inject_: loaded 2 times (x 110B)
Class org.jetbrains.kotlin.gradle.tasks.KotlinCompile                                 : loaded 2 times (x 497B)
Class org.jetbrains.kotlin.gradle.plugin.KotlinCompilationInfoKt                      : loaded 2 times (x 68B)
Class org.jetbrains.kotlin.gradle.internal.StdlibDependencyManagementKt               : loaded 2 times (x 68B)
Class org.jetbrains.kotlin.gradle.dsl.PlatformSourceSetConventionsChecker$runChecks$2 : loaded 2 times (x 75B)
Class org.jetbrains.kotlin.gradle.utils.ObservableSet                                 : loaded 2 times (x 67B)
Class org.jetbrains.kotlin.gradle.plugin.mpp.HierarchyAttributeContainer              : loaded 2 times (x 82B)
Class org.jetbrains.kotlin.gradle.tasks.UsesKotlinJavaToolchain                       : loaded 2 times (x 67B)
Class org.jetbrains.kotlin.konan.target.KonanTarget$MINGW_X64                         : loaded 2 times (x 75B)
Class org.jetbrains.kotlin.gradle.plugin.diagnostics.KotlinToolingDiagnosticsCollectorKt: loaded 2 times (x 68B)
Class org.jetbrains.kotlin.gradle.plugin.DefaultKotlinBasePlugin$apply$1              : loaded 2 times (x 72B)
Class org.jetbrains.kotlin.statistics.metrics.StringOverridePolicy$OVERRIDE           : loaded 2 times (x 82B)
Class org.jetbrains.kotlin.gradle.internal.properties.PropertiesBuildService$Params_Decorated: loaded 2 times (x 127B)
Class org.objectweb.asm.SymbolTable$Entry                                             : loaded 2 times (x 71B)
Class jdk.internal.jimage.ImageStringsReader                                          : loaded 2 times (x 77B)
Class Native_plugin_loader_gradle                                                     : loaded 2 times (x 123B)
Class org.jetbrains.kotlin.statistics.metrics.IMetricContainer                        : loaded 2 times (x 67B)
Class org.jetbrains.kotlin.gradle.plugin.mpp.KotlinTargetComponentWithCoordinatesAndPublication: loaded 2 times (x 67B)
Class org.jetbrains.kotlin.gradle.incremental.UsesIncrementalModuleInfoBuildService   : loaded 2 times (x 67B)
Class org.jetbrains.kotlin.gradle.dsl.PlatformSourceSetConventionsChecker$runChecks$3 : loaded 2 times (x 75B)
Class org.jetbrains.kotlin.konan.target.KonanTarget$ANDROID_X86                       : loaded 2 times (x 75B)
Class org.jetbrains.kotlin.gradle.plugin.RegisterKotlinPluginExtensionsKt             : loaded 2 times (x 68B)
Class org.jetbrains.kotlin.gradle.utils.CompilerOptionsKt$configureExperimentalTryNext$1$1: loaded 2 times (x 75B)
Class org.jetbrains.kotlin.gradle.utils.CompilerOptionsKt                             : loaded 2 times (x 68B)
Class org.jetbrains.kotlin.gradle.plugin.PropertiesProvider$Companion                 : loaded 2 times (x 68B)
Class org.jetbrains.kotlin.gradle.utils.SingleAction                                  : loaded 2 times (x 70B)
Class org.objectweb.asm.Edge                                                          : loaded 2 times (x 69B)
Class com.google.common.base.Suppliers$SupplierOfInstance                             : loaded 2 times (x 76B)
Class com.google.common.collect.Iterators$1                                           : loaded 2 times (x 78B)
Class org.jetbrains.kotlin.gradle.tasks.KotlinCompile$defaultKotlinJavaToolchain$1    : loaded 2 times (x 76B)
Class org.jetbrains.kotlin.gradle.tasks.KotlinJavaToolchain$JavaToolchainSetter       : loaded 2 times (x 67B)
Class org.jetbrains.kotlin.gradle.internal.utils.CollectionsKt                        : loaded 2 times (x 68B)
Class org.jetbrains.kotlin.gradle.plugin.diagnostics.KotlinToolingDiagnosticsSetupActionKt$KotlinToolingDiagnosticsSetupAction$1$2$diagnostics$1: loaded 2 times (x 72B)
Class org.jetbrains.kotlin.tooling.core.ExtrasPropertyKt$extrasLazyProperty$1         : loaded 2 times (x 91B)
Class org.jetbrains.kotlin.gradle.dsl.PlatformSourceSetConventionsChecker$runChecks$4 : loaded 2 times (x 75B)
Class org.jetbrains.kotlin.gradle.plugin.diagnostics.checkers.JsLikeEnvironmentChecker$runChecks$1: loaded 2 times (x 85B)
Class org.jetbrains.kotlin.gradle.plugin.diagnostics.UsesKotlinToolingDiagnostics     : loaded 2 times (x 67B)
Class org.jetbrains.kotlin.gradle.plugin.diagnostics.checkers.KonanHomeConflictDeclarationChecker: loaded 2 times (x 71B)
Class org.jetbrains.kotlin.gradle.plugin.diagnostics.KotlinToolingDiagnostics$WasmJsEnvironmentNotChosenExplicitly: loaded 2 times (x 70B)
Class org.jetbrains.kotlin.gradle.dsl.abi.AbiFilterSetSpec                            : loaded 2 times (x 67B)
Class org.jetbrains.kotlin.statistics.metrics.BooleanAnonymizationPolicy$SAFE         : loaded 2 times (x 82B)
Class com.google.common.cache.LocalCache$ComputingValueReference                      : loaded 2 times (x 93B)
Class com.google.common.collect.SingletonImmutableSet                                 : loaded 2 times (x 143B)
Class com.google.common.collect.ImmutableMap$IteratorBasedImmutableMap                : loaded 2 times (x 123B)
Class build_7c73qa3eeiqfvlirsaintclzw$_run_closure1                                   : loaded 2 times (x 136B)
Class jdk.internal.jimage.ImageReader                                                 : loaded 2 times (x 72B)
Class org.jetbrains.kotlin.gradle.plugin.mpp.compilationImpl.DefaultKotlinCompilationSourceSetsContainer$allKotlinSourceSetsImpl$1$1: loaded 2 times (x 77B)
Class org.jetbrains.kotlin.gradle.plugin.mpp.compilationImpl.DefaultKotlinCompilationSourceSetsContainer: loaded 2 times (x 75B)
Class org.jetbrains.kotlin.konan.target.KonanTarget$TVOS_SIMULATOR_ARM64              : loaded 2 times (x 75B)
Class org.jetbrains.kotlin.gradle.plugin.KotlinPluginLifecycle$Stage$Companion        : loaded 2 times (x 68B)
Class org.jetbrains.kotlin.gradle.plugin.diagnostics.checkers.DeprecatedKotlinNativeTargetsChecker: loaded 2 times (x 71B)
Class org.jetbrains.kotlin.gradle.targets.jvm.KotlinJvmCompilationWireJavaSourcesSideEffectKt$KotlinJvmCompilationWireJavaSourcesSideEffect$1: loaded 2 times (x 71B)
Class org.jetbrains.kotlin.gradle.targets.native.ConfigureFrameworkExportSideEffectKt$special$$inlined$KotlinTargetSideEffect$1: loaded 2 times (x 71B)
Class org.jetbrains.kotlin.tooling.core.AbstractExtras                                : loaded 2 times (x 138B)
Class org.jetbrains.kotlin.konan.target.KonanTarget$Companion                         : loaded 2 times (x 68B)
Class org.jetbrains.kotlin.gradle.fus.BuildUidService$Companion$registerIfAbsent$1    : loaded 2 times (x 71B)
Class org.jetbrains.kotlin.gradle.internal.diagnostics.AgpCompatibilityCheck$AndroidGradlePluginVersionProvider: loaded 2 times (x 67B)
Class com.google.common.cache.LocalCache$Segment                                      : loaded 2 times (x 151B)
Class jdk.internal.jimage.ImageReader$SharedImageReader                               : loaded 2 times (x 92B)
Class Native_plugin_loader_gradle$NativePluginLoader$Companion                        : loaded 2 times (x 68B)
Class org.jetbrains.kotlin.gradle.plugin.statistics.KotlinBuildStatsLoggerService$initSessionLogger$1: loaded 2 times (x 76B)
Class org.jetbrains.kotlin.build.report.metrics.BuildTimes                            : loaded 2 times (x 69B)
Class org.jetbrains.kotlin.gradle.tasks.KotlinCompile$ClasspathSnapshotProperties     : loaded 2 times (x 70B)
Class org.jetbrains.kotlin.gradle.internal.StdlibDependencyManagementKt$addStdlibDependency$1$1: loaded 2 times (x 76B)
Class org.jetbrains.kotlin.gradle.tasks.configuration.BaseKotlinCompileConfig$2$1     : loaded 2 times (x 72B)
Class org.jetbrains.kotlin.gradle.plugin.diagnostics.TransformActionUsingKotlinToolingDiagnostics: loaded 2 times (x 67B)
Class com.google.common.collect.SortedIterable                                        : loaded 2 times (x 67B)
Class org.jetbrains.kotlin.gradle.dsl.PlatformSourceSetConventionsChecker$runChecks$6 : loaded 2 times (x 85B)
Class org.jetbrains.kotlin.gradle.plugin.sources.DefaultKotlinSourceSet_Decorated     : loaded 2 times (x 183B)
Class org.jetbrains.kotlin.gradle.plugin.mpp.KotlinCompilationsKt                     : loaded 2 times (x 68B)
Class org.jetbrains.kotlin.gradle.dsl.abi.AbiValidationVariantSpec                    : loaded 2 times (x 67B)
Class org.jetbrains.kotlin.gradle.targets.native.KonanPropertiesBuildService$Companion: loaded 2 times (x 68B)
Class org.jetbrains.kotlin.statistics.metrics.StringOverridePolicy                    : loaded 2 times (x 82B)
Class org.jetbrains.kotlin.gradle.plugin.statistics.DefaultKotlinBuildStatsBeanService: loaded 2 times (x 89B)
Class org.jetbrains.kotlin.gradle.utils.GradleUtilsKt$registerClassLoaderScopedBuildService$1: loaded 2 times (x 71B)
Class org.jetbrains.kotlin.gradle.internal.diagnostics.AgpCompatibilityCheck$AndroidGradlePluginVersionProvider$Default: loaded 2 times (x 71B)
Class com.google.common.collect.AbstractListMultimap                                  : loaded 2 times (x 169B)
Class [Lorg.objectweb.asm.SymbolTable$Entry;                                          : loaded 2 times (x 66B)
Class com.google.common.cache.CacheLoader                                             : loaded 2 times (x 71B)
Class com.google.common.collect.Iterators$4                                           : loaded 2 times (x 79B)
Class com.google.common.collect.ImmutableBiMap                                        : loaded 2 times (x 140B)
Class org.gradle.api.internal.classpath.ModuleRegistry                                : loaded 2 times (x 67B)
Class org.gradle.internal.installation.GradleInstallation$1                           : loaded 2 times (x 72B)
Class jdk.internal.jimage.decompressor.ResourceDecompressorFactory                    : loaded 2 times (x 71B)
Class com.google.common.base.Splitter$SplittingIterator                               : loaded 2 times (x 81B)
Class org.jetbrains.kotlin.gradle.plugin.KotlinPluginLifecycle$ProjectConfigurationResult: loaded 2 times (x 68B)
Class org.jetbrains.kotlin.gradle.internal.KotlinDependenciesManagementKt$configureDefaultVersionsResolutionStrategy$1: loaded 2 times (x 72B)
Class org.jetbrains.kotlin.gradle.internal.StdlibDependencyManagementKt$configureStdlibDefaultDependency$1: loaded 2 times (x 76B)
Class org.jetbrains.kotlin.gradle.plugin.mpp.compilationImpl.KotlinCreateResourcesTaskSideEffectKt: loaded 2 times (x 68B)
Class org.jetbrains.kotlin.gradle.plugin.mpp.KotlinUsages                             : loaded 2 times (x 68B)
Class org.jetbrains.kotlin.gradle.utils.ConfigurationCacheOpaqueValue                 : loaded 2 times (x 69B)
Class org.jetbrains.kotlin.gradle.internal.properties.NativePropertiesLoader$Companion: loaded 2 times (x 68B)
Class org.jetbrains.kotlin.gradle.plugin.statistics.KotlinBuildStatsBeanService$Companion: loaded 2 times (x 68B)
Class org.jetbrains.kotlin.gradle.plugin.statistics.BuildFusService$Companion         : loaded 2 times (x 68B)
Class com.google.common.collect.ImmutableSet$JdkBackedSetBuilderImpl                  : loaded 2 times (x 73B)
Class com.google.common.util.concurrent.internal.InternalFutureFailureAccess          : loaded 2 times (x 69B)
Class com.google.common.collect.Iterators$5                                           : loaded 2 times (x 79B)
Class org.jetbrains.kotlin.statistics.metrics.NumberOverridePolicy$SUM$fromStringRepresentation$1: loaded 2 times (x 75B)
Class com.google.common.collect.Iterators$6                                           : loaded 2 times (x 78B)
Class org.jetbrains.kotlin.gradle.plugin.HasCompilerOptions                           : loaded 2 times (x 67B)
Class org.jetbrains.kotlin.gradle.plugin.mpp.compilationImpl.DefaultKotlinCompilationFriendPathsResolver$FriendArtifactResolver: loaded 2 times (x 67B)
Class org.jetbrains.kotlin.konan.target.KonanTarget$WATCHOS_SIMULATOR_ARM64           : loaded 2 times (x 75B)
Class org.jetbrains.kotlin.gradle.targets.js.ir.KotlinJsIrTarget                      : loaded 2 times (x 244B)
Class org.jetbrains.kotlin.gradle.plugin.mpp.DefaultKotlinUsageContext                : loaded 2 times (x 90B)
Class org.jetbrains.kotlin.gradle.plugin.KotlinPluginLifecycleImpl$start$3            : loaded 2 times (x 76B)
Class org.jetbrains.kotlin.gradle.dsl.KotlinJvmExtension                              : loaded 2 times (x 67B)
Class org.jetbrains.kotlin.gradle.plugin.KotlinMultiplatformPluginWrapper             : loaded 2 times (x 83B)
Class org.jetbrains.kotlin.gradle.dsl.abi.AbiFilterSetSpec_Decorated                  : loaded 2 times (x 130B)
Class [Lorg.jetbrains.kotlin.statistics.metrics.BooleanMetrics;                       : loaded 2 times (x 66B)
Class org.jetbrains.kotlin.gradle.fus.internal.CiUtilKt                               : loaded 2 times (x 68B)
Class org.jetbrains.kotlin.gradle.internal.properties.PropertiesBuildService$Companion: loaded 2 times (x 68B)
Class com.google.common.base.CharMatcher$ForPredicate                                 : loaded 2 times (x 109B)
Class com.google.common.cache.LocalCache$LocalManualCache$1                           : loaded 2 times (x 72B)
Class jdk.internal.jimage.ImageReader$Node                                            : loaded 2 times (x 81B)
Class org.jetbrains.kotlin.gradle.plugin.mpp.compilationImpl.KotlinCompilationConfigurationsContainer: loaded 2 times (x 67B)
Class org.jetbrains.kotlin.gradle.internal.StdlibDependencyManagementKt$addStdlibDependency$1: loaded 2 times (x 72B)
Class [Lorg.jetbrains.kotlin.gradle.plugin.KotlinPluginLifecycle$CoroutineStart;      : loaded 2 times (x 66B)
Class org.jetbrains.kotlin.gradle.dsl.IosSourceSetConventionChecker                   : loaded 2 times (x 71B)
Class org.jetbrains.kotlin.gradle.plugin.diagnostics.KotlinGradleProjectChecker       : loaded 2 times (x 67B)
Class org.jetbrains.kotlin.gradle.plugin.sources.KotlinSourceSetFactory$Companion     : loaded 2 times (x 68B)
Class org.jetbrains.kotlin.gradle.dsl.KotlinMultiplatformSourceSetConventions         : loaded 2 times (x 67B)
Class org.jetbrains.kotlin.statistics.metrics.NumberOverridePolicy$SUM                : loaded 2 times (x 82B)
Class com.google.common.base.CharMatcher$AnyOf                                        : loaded 2 times (x 109B)
Class com.google.common.collect.ImmutableCollection                                   : loaded 2 times (x 122B)
Class org.gradle.api.internal.classpath.DefaultModuleRegistry                         : loaded 2 times (x 83B)
Class jdk.internal.jimage.BasicImageReader$1                                          : loaded 2 times (x 74B)
Class org.jetbrains.kotlin.gradle.plugin.internal.state.TaskExecutionResults          : loaded 2 times (x 68B)
Class org.jetbrains.kotlin.compilerRunner.KotlinCompilerArgumentsLogLevel             : loaded 2 times (x 76B)
Class org.jetbrains.kotlin.gradle.plugin.mpp.compilationImpl.factory.CompositePostConfigure: loaded 2 times (x 72B)
Class org.jetbrains.kotlin.gradle.plugin.diagnostics.KotlinToolingDiagnosticsSetupActionKt$KotlinToolingDiagnosticsSetupAction$1$reporterProvider$1: loaded 2 times (x 71B)
Class org.jetbrains.kotlin.gradle.fus.internal.SynchronizedConfigurationMetrics$Companion: loaded 2 times (x 68B)
Class org.jetbrains.kotlin.statistics.metrics.StatisticsValuesConsumer                : loaded 2 times (x 67B)
Class org.jetbrains.kotlin.gradle.plugin.AndroidGradlePluginVersion$Companion         : loaded 2 times (x 68B)
Class com.google.common.collect.Lists                                                 : loaded 2 times (x 68B)
Class com.google.common.util.concurrent.ListenableFuture                              : loaded 2 times (x 67B)
Class com.google.common.cache.ReferenceEntry                                          : loaded 2 times (x 67B)
Class com.google.common.base.Converter                                                : loaded 2 times (x 87B)
Class com.google.common.collect.ImmutableSet$CachingAsList                            : loaded 2 times (x 145B)
Class org.jetbrains.kotlin.gradle.plugin.DefaultKotlinBasePlugin$addKotlinCompilerConfiguration$2$1$1$1: loaded 2 times (x 72B)
Class org.jetbrains.kotlin.gradle.tasks.KotlinCompilerExecutionStrategy$Companion     : loaded 2 times (x 68B)
Class org.jetbrains.kotlin.gradle.plugin.CompilerPluginConfig                         : loaded 2 times (x 69B)
Class org.jetbrains.kotlin.gradle.plugin.diagnostics.KotlinToolingDiagnosticsSetupActionKt$KotlinToolingDiagnosticsSetupAction$1$reporterProvider$2: loaded 2 times (x 72B)
Class [Lorg.jetbrains.kotlin.tooling.core.HasMutableExtras;                           : loaded 2 times (x 66B)
Class org.jetbrains.kotlin.gradle.plugin.diagnostics.checkers.GradleDeprecatedPropertyChecker: loaded 2 times (x 71B)
Class org.jetbrains.kotlin.gradle.artifacts.KotlinJsKlibArtifactKt$KotlinJsKlibArtifact$1: loaded 2 times (x 71B)
Class org.jetbrains.kotlin.gradle.targets.CreateTargetConfigurationsSideEffectKt      : loaded 2 times (x 68B)
Class org.jetbrains.kotlin.gradle.plugin.mpp.ApplyUserDefinedAttributesKt$UserDefinedAttributesSetupAction$1: loaded 2 times (x 92B)
Class org.jetbrains.kotlin.gradle.plugin.mpp.KotlinAndroidTarget                      : loaded 2 times (x 153B)
Class org.jetbrains.kotlin.gradle.plugin.DefaultKotlinBasePlugin$addKotlinCompilerConfiguration$1: loaded 2 times (x 72B)
Class org.jetbrains.kotlin.gradle.plugin.statistics.NonSynchronizedMetricsContainer   : loaded 2 times (x 79B)
Class org.jetbrains.kotlin.gradle.plugin.internal.DefaultCompatibilityConventionRegistrar: loaded 2 times (x 71B)
Class org.jetbrains.kotlin.gradle.plugin.PropertiesProvider                           : loaded 2 times (x 70B)
Class com.google.common.collect.AbstractMapBasedMultimap                              : loaded 2 times (x 136B)
Class com.google.common.util.concurrent.AbstractFuture                                : loaded 2 times (x 103B)
Class com.google.common.base.FunctionalEquivalence                                    : loaded 2 times (x 80B)
Class com.google.common.collect.Iterators$9                                           : loaded 2 times (x 78B)
Class com.google.common.collect.ImmutableAsList                                       : loaded 2 times (x 206B)
Class [Lorg.jetbrains.kotlin.gradle.dsl.jvm.JvmTargetValidationMode;                  : loaded 2 times (x 66B)
Class org.jetbrains.kotlin.gradle.tasks.DefaultKotlinJavaToolchain$javaVersion$1      : loaded 2 times (x 71B)
Class org.jetbrains.kotlin.gradle.plugin.mpp.MppSourcesJarKt$sourcesJarTask$1         : loaded 2 times (x 92B)
Class org.jetbrains.kotlin.gradle.plugin.mpp.compilationImpl.factory.KotlinCompilationImplFactory$KotlinCompilationOutputFactory: loaded 2 times (x 67B)
Class org.jetbrains.kotlin.gradle.plugin.KotlinCompilationToRunnableFiles             : loaded 2 times (x 67B)
Class org.jetbrains.kotlin.gradle.tooling.BuildKotlinToolingMetadataTaskKt            : loaded 2 times (x 68B)
Class org.jetbrains.kotlin.gradle.plugin.ProjectLocalConfigurations$setupAttributesMatchingStrategy$1$1: loaded 2 times (x 71B)
Class org.jetbrains.kotlin.konan.target.TargetSupportException                        : loaded 2 times (x 79B)
Class org.jetbrains.kotlin.gradle.internal.IsInIdeaEnvironmentValueSource             : loaded 2 times (x 77B)
Class org.jetbrains.kotlin.gradle.targets.native.toolchain.KotlinNativeBundleBuildService$Companion$registerIfAbsent$2$1$1: loaded 2 times (x 72B)
Class org.jetbrains.kotlin.statistics.BuildSessionLogger$Companion                    : loaded 2 times (x 68B)
Class org.jetbrains.kotlin.gradle.plugin.diagnostics.ProblemsReporter$Factory         : loaded 2 times (x 67B)
Class org.objectweb.asm.RecordComponentVisitor                                        : loaded 2 times (x 74B)
Class com.google.common.cache.CacheLoader$SupplierToCacheLoader                       : loaded 2 times (x 72B)
Class jdk.internal.jimage.decompressor.Decompressor                                   : loaded 2 times (x 69B)
Class jdk.internal.jimage.ImageReader$Resource                                        : loaded 2 times (x 81B)
Class org.jetbrains.kotlin.gradle.targets.js.npm.SemverKt                             : loaded 2 times (x 68B)
Class org.jetbrains.kotlin.gradle.internal.StdlibDependencyManagementKt$isStdlibAddedByUser$1: loaded 2 times (x 76B)
Class org.jetbrains.kotlin.gradle.plugin.mpp.KotlinCompilationsKt$sam$java_util_concurrent_Callable$0: loaded 2 times (x 72B)
Class org.jetbrains.kotlin.gradle.tasks.KotlinCompilerPluginData                      : loaded 2 times (x 69B)
Class org.jetbrains.kotlin.gradle.plugin.mpp.MppSourcesJarKt                          : loaded 2 times (x 68B)
Class org.jetbrains.kotlin.compilerRunner.CompilerSystemPropertiesService$Companion$registerIfAbsent$2$1$1: loaded 2 times (x 72B)
Class org.jetbrains.kotlin.gradle.plugin.KotlinCompilationInfo                        : loaded 2 times (x 85B)
Class org.jetbrains.kotlin.tooling.core.ExtrasPropertyKt                              : loaded 2 times (x 68B)
Class org.jetbrains.kotlin.gradle.tasks.BaseKotlinCompile                             : loaded 2 times (x 67B)
Class org.jetbrains.kotlin.gradle.plugin.internal.UsesBuildIdProviderService          : loaded 2 times (x 67B)
Class org.jetbrains.kotlin.gradle.plugin.mpp.compilationImpl.KotlinCompilationSourceSetInclusion$include$1: loaded 2 times (x 76B)
Class org.jetbrains.kotlin.gradle.plugin.mpp.compilationImpl.factory.KotlinCompilationImplFactory$KotlinCompilationDependencyConfigurationsFactory: loaded 2 times (x 67B)
Class org.jetbrains.kotlin.gradle.plugin.KotlinPluginLifecycleCoroutineContextElement$Key: loaded 2 times (x 68B)
Class org.jetbrains.kotlin.gradle.plugin.diagnostics.KotlinToolingDiagnosticsSetupActionKt$KotlinToolingDiagnosticsSetupAction$1: loaded 2 times (x 71B)
Class org.jetbrains.kotlin.gradle.tasks.abi.KotlinLegacyAbiCheckTask                  : loaded 2 times (x 67B)
Class org.jetbrains.kotlin.gradle.dsl.KotlinProjectExtensionKt                        : loaded 2 times (x 68B)
Class org.jetbrains.kotlin.gradle.internal.ClassLoadersCachingBuildService$Companion$registerIfAbsent$1: loaded 2 times (x 72B)
Class org.jetbrains.kotlin.gradle.plugin.UsesKotlinGradleBuildServices                : loaded 2 times (x 67B)
Class org.jetbrains.kotlin.gradle.plugin.KotlinGradleBuildServices$Parameters_Decorated: loaded 2 times (x 127B)
Class org.jetbrains.kotlin.gradle.plugin.DefaultKotlinBasePlugin$addKotlinCompilerConfiguration$3: loaded 2 times (x 76B)
Class [Lorg.jetbrains.kotlin.statistics.metrics.IMetricContainerFactory;              : loaded 2 times (x 66B)
Class org.jetbrains.kotlin.gradle.internal.IdeaKt                                     : loaded 2 times (x 68B)
Class com.google.common.collect.Maps$EntryTransformer                                 : loaded 2 times (x 67B)
Class org.gradle.internal.service.ServiceLookupException                              : loaded 2 times (x 79B)
Class jdk.internal.jrtfs.JrtFileAttributes                                            : loaded 2 times (x 80B)
Class org.jetbrains.kotlin.gradle.internal.StdlibDependencyManagementKt$isStdlibAddedByUser$2: loaded 2 times (x 75B)
Class org.jetbrains.kotlin.gradle.tasks.GradleCompileTaskProvider_Decorated           : loaded 2 times (x 114B)
Class org.jetbrains.kotlin.gradle.plugin.hierarchy.KotlinSourceSetTreeClassifierKt$sourceSetTreeClassifier$2: loaded 2 times (x 75B)
Class com.google.common.collect.ImmutableSortedSet                                    : loaded 2 times (x 297B)
Class org.jetbrains.kotlin.gradle.targets.js.npm.NpmDirectoryDependencyExtension      : loaded 2 times (x 67B)
Class org.jetbrains.kotlin.gradle.plugin.mpp.KotlinUsageContext$MavenScope            : loaded 2 times (x 76B)
Class org.jetbrains.kotlin.gradle.plugin.KotlinProjectSetupAction$Companion           : loaded 2 times (x 68B)
Class org.jetbrains.kotlin.konan.target.HostManager                                   : loaded 2 times (x 69B)
Class org.jetbrains.kotlin.gradle.internal.IsInIdeaEnvironmentValueSource$Inject_     : loaded 2 times (x 97B)
Class [Lcom.google.common.cache.LocalCache$EntryFactory;                              : loaded 2 times (x 66B)
Class org.gradle.internal.classloader.ClassLoaderFactory                              : loaded 2 times (x 67B)
Class org.jetbrains.kotlin.gradle.tasks.DefaultKotlinJavaToolchain$currentJvmJdkToolsJar$1: loaded 2 times (x 71B)
Class org.jetbrains.kotlin.gradle.plugin.diagnostics.ProblemsReporterKt               : loaded 2 times (x 68B)
Class org.jetbrains.kotlin.gradle.plugin.SubpluginEnvironment                         : loaded 2 times (x 69B)
Class org.jetbrains.kotlin.gradle.internal.StdlibDependencyManagementKt$addStdlibDependency$1$1$1: loaded 2 times (x 72B)
Class com.google.common.base.CommonPattern                                            : loaded 2 times (x 71B)
Class org.jetbrains.kotlin.gradle.plugin.sources.AbstractKotlinSourceSet              : loaded 2 times (x 136B)
Class org.jetbrains.kotlin.gradle.tooling.BuildKotlinToolingMetadataTaskKt$RegisterBuildKotlinToolingMetadataTask$1: loaded 2 times (x 71B)
Class org.jetbrains.kotlin.compilerRunner.GradleCliCommonizerKt$maybeCreateCommonizerClasspathConfiguration$1$1: loaded 2 times (x 72B)
Class [Lorg.jetbrains.kotlin.build.report.metrics.ValueType;                          : loaded 2 times (x 66B)
Class org.jetbrains.kotlin.gradle.internal.diagnostics.AgpCompatibilityCheck          : loaded 2 times (x 68B)
Class com.google.common.base.CharMatcher$IsNot                                        : loaded 2 times (x 108B)
Class com.google.common.cache.LocalCache$LocalManualCache                             : loaded 2 times (x 96B)
Class org.gradle.internal.service.CachingServiceLocator                               : loaded 2 times (x 79B)
Class org.jetbrains.kotlin.gradle.plugin.PropertiesProvider$booleanPropertyWithValueReporting$1: loaded 2 times (x 75B)
Class org.jetbrains.kotlin.gradle.dsl.jvm.JvmTargetValidationMode                     : loaded 2 times (x 76B)
Class org.jetbrains.kotlin.gradle.plugin.KotlinTargetConfiguratorKt$WhenMappings      : loaded 2 times (x 68B)
Class com.google.common.collect.AbstractMapBasedMultimap$KeySet                       : loaded 2 times (x 134B)
Class com.google.common.collect.RegularImmutableSortedSet                             : loaded 2 times (x 297B)
Class org.jetbrains.kotlin.gradle.plugin.diagnostics.checkers.OverriddenKotlinNativeHomeChecker$StdlibExistenceCheckerValueSource$Params_Decorated: loaded 2 times (x 127B)
Class org.jetbrains.kotlin.project.model.LanguageSettings                             : loaded 2 times (x 67B)
Class org.jetbrains.kotlin.gradle.plugin.KotlinPluginLifecycleKt$kotlinPluginLifecycle$2: loaded 2 times (x 75B)
Class org.jetbrains.kotlin.gradle.targets.native.KonanPropertiesBuildService$Parameters: loaded 2 times (x 67B)
Class org.jetbrains.kotlin.gradle.plugin.statistics.BuildFusService$Companion$registerIfAbsent$1$1: loaded 2 times (x 76B)
Class org.jetbrains.kotlin.gradle.internal.IsInIdeaSyncValueSource$Inject_            : loaded 2 times (x 106B)
Class org.jetbrains.kotlin.gradle.plugin.internal.CompatibilityConventionRegistrar$Factory: loaded 2 times (x 67B)
Class com.google.common.math.IntMath                                                  : loaded 2 times (x 68B)
Class org.jetbrains.kotlin.gradle.plugin.mpp.KotlinMetadataTarget                     : loaded 2 times (x 155B)
Class org.jetbrains.kotlin.gradle.tasks.configuration.BaseKotlinCompileConfig$1$jvmToolchain$1: loaded 2 times (x 71B)
Class org.jetbrains.kotlin.gradle.plugin.mpp.InternalKotlinCompilation$DefaultImpls   : loaded 2 times (x 68B)
Class org.jetbrains.kotlin.gradle.plugin.mpp.compilationImpl.KotlinCompilationSourceSetInclusion$DefaultAddSourcesToCompileTask: loaded 2 times (x 71B)
Class org.jetbrains.kotlin.gradle.internal.KotlinTestDependencyManagementKt$configureKotlinTestDependency$2: loaded 2 times (x 76B)
Class org.jetbrains.kotlin.gradle.dsl.PlatformSourceSetConventionsChecker$runChecks$$inlined$CheckedPlatformInfo$default$1: loaded 2 times (x 75B)
Class [Lorg.jetbrains.kotlin.gradle.plugin.KotlinPluginLifecycle$Stage;               : loaded 2 times (x 66B)
Class org.jetbrains.kotlin.gradle.artifacts.KotlinTargetArtifact$Companion            : loaded 2 times (x 68B)
Class org.jetbrains.kotlin.gradle.plugin.mpp.compilationImpl.KotlinCreateLifecycleTasksSideEffectKt$KotlinCreateLifecycleTasksSideEffect$1: loaded 2 times (x 71B)
Class org.jetbrains.kotlin.gradle.dsl.KotlinGradlePluginDsl                           : loaded 2 times (x 67B)
Class org.jetbrains.kotlin.tooling.core.MutableExtras                                 : loaded 2 times (x 67B)
Class org.jetbrains.kotlin.gradle.plugin.KotlinGradleBuildServices$detectKotlinPluginLoadedInMultipleProjects$onRegister$1: loaded 2 times (x 76B)
Class org.jetbrains.kotlin.gradle.plugin.BuildFinishAndConfigurationTimeMetricsFlowAction$Parameters_Decorated: loaded 2 times (x 133B)
Class org.jetbrains.kotlin.gradle.plugin.BuildFinishAndConfigurationTimeMetricsFlowAction$Parameters: loaded 2 times (x 67B)
Class com.google.common.collect.ImmutableMapEntry                                     : loaded 2 times (x 82B)
Class com.google.common.base.Predicates                                               : loaded 2 times (x 68B)
Class org.jetbrains.kotlin.gradle.plugin.diagnostics.CheckKotlinGradlePluginConfigurationErrorsKt$locateOrRegisterCheckKotlinGradlePluginErrorsTask$taskProvider$1$2: loaded 2 times (x 72B)
Class org.jetbrains.kotlin.gradle.tasks.CompileUsingKotlinDaemon                      : loaded 2 times (x 67B)
Class org.jetbrains.kotlin.gradle.plugin.mpp.KotlinWithJavaTarget                     : loaded 2 times (x 154B)
Class org.jetbrains.kotlin.gradle.utils.StoredPropertyKt$extrasStoredProperty$1       : loaded 2 times (x 75B)
Class org.jetbrains.kotlin.gradle.plugin.mpp.compilationImpl.KotlinCreateNativeCompileTasksSideEffectKt$special$$inlined$KotlinCompilationSideEffect$1: loaded 2 times (x 71B)
Class org.jetbrains.kotlin.gradle.targets.KotlinTargetSideEffect$Companion            : loaded 2 times (x 68B)
Class org.jetbrains.kotlin.gradle.dsl.KotlinSingleJavaTargetExtension                 : loaded 2 times (x 127B)
Class org.jetbrains.kotlin.gradle.plugin.KotlinPluginLifecycle$IllegalLifecycleException: loaded 2 times (x 79B)
Class org.jetbrains.kotlin.gradle.internal.properties.NativePropertiesLoader$userProvidedNativeHome$1: loaded 2 times (x 72B)
Class org.jetbrains.kotlin.gradle.plugin.KotlinGradleFinishBuildHandler               : loaded 2 times (x 69B)
Class org.jetbrains.kotlin.statistics.metrics.StringOverridePolicy$CONCAT             : loaded 2 times (x 82B)
Class org.jetbrains.kotlin.gradle.dsl.KotlinTopLevelExtension                         : loaded 2 times (x 67B)
Class com.google.common.base.Equivalence                                              : loaded 2 times (x 79B)
Class com.google.common.base.Function                                                 : loaded 2 times (x 67B)
Class com.google.common.collect.ImmutableMapEntry$NonTerminalImmutableMapEntry        : loaded 2 times (x 82B)
Class org.jetbrains.kotlin.gradle.plugin.diagnostics.CheckKotlinGradlePluginConfigurationErrorsKt$locateOrRegisterCheckKotlinGradlePluginErrorsTask$taskProvider$1$3: loaded 2 times (x 72B)
Class org.jetbrains.kotlin.gradle.plugin.ProjectLocalConfigurationsKt                 : loaded 2 times (x 68B)
Class org.jetbrains.kotlin.gradle.plugin.mpp.compilationImpl.factory.KotlinCompilationImplFactory: loaded 2 times (x 69B)
Class org.jetbrains.kotlin.gradle.internal.KotlinDomApiDependencyManagementKt$addKotlinDomApiDependency$1: loaded 2 times (x 72B)
Class org.jetbrains.kotlin.gradle.plugin.diagnostics.checkers.KotlinTargetAlreadyDeclaredChecker$runChecks$1: loaded 2 times (x 85B)
Class org.jetbrains.kotlin.gradle.plugin.mpp.KotlinTargetWithBinaries                 : loaded 2 times (x 151B)
Class [Lorg.jetbrains.kotlin.gradle.plugin.KotlinSourceSet;                           : loaded 2 times (x 66B)
Class org.jetbrains.kotlin.gradle.plugin.diagnostics.checkers.JsEnvironmentChecker$1  : loaded 2 times (x 75B)
Class org.jetbrains.kotlin.gradle.plugin.diagnostics.KotlinToolingDiagnostics$JsLikeEnvironmentNotChosenExplicitly: loaded 2 times (x 70B)
Class org.jetbrains.kotlin.gradle.utils.StoredLazyProperty$getValue$1                 : loaded 2 times (x 76B)
Class org.jetbrains.kotlin.statistics.metrics.IMetricContainerFactory                 : loaded 2 times (x 67B)
Class org.jetbrains.kotlin.statistics.MetricValueValidationFailed                     : loaded 2 times (x 79B)
Class org.jetbrains.kotlin.gradle.plugin.PropertiesProvider$localProperties$2         : loaded 2 times (x 76B)
Class com.google.common.cache.CacheBuilder$OneWeigher                                 : loaded 2 times (x 79B)
Class com.google.common.collect.RegularImmutableList                                  : loaded 2 times (x 210B)
Class jdk.internal.jimage.ImageBufferCache                                            : loaded 2 times (x 68B)
Class jdk.internal.jrtfs.JrtPath                                                      : loaded 2 times (x 115B)
Class com.google.common.collect.Maps$EntryFunction                                    : loaded 2 times (x 88B)
Class org.jetbrains.kotlin.gradle.plugin.mpp.compilationImpl.DefaultKotlinCompilationFriendPathsResolver$resolveFriendPaths$1$1: loaded 2 times (x 76B)
Class org.jetbrains.kotlin.gradle.plugin.diagnostics.CheckKotlinGradlePluginConfigurationErrorsKt$locateOrRegisterCheckKotlinGradlePluginErrorsTask$taskProvider$1$4: loaded 2 times (x 71B)
Class org.jetbrains.kotlin.build.report.metrics.BuildMetricsReporterImpl              : loaded 2 times (x 95B)
Class org.jetbrains.kotlin.gradle.tasks.configuration.KaptGenerateStubsConfig         : loaded 2 times (x 69B)
Class org.jetbrains.kotlin.gradle.targets.js.npm.SemVer                               : loaded 2 times (x 72B)
Class org.jetbrains.kotlin.gradle.internal.properties.NativePropertiesLoader$konanDataDirProperty$1$1: loaded 2 times (x 71B)
Class org.jetbrains.kotlin.gradle.plugin.diagnostics.checkers.JsEnvironmentChecker$2  : loaded 2 times (x 75B)
Class org.jetbrains.kotlin.gradle.utils.WhenPluginEnabledKt$whenPluginsEnabled$1      : loaded 2 times (x 72B)
Class org.jetbrains.kotlin.gradle.tasks.AbstractKotlinCompileTool                     : loaded 2 times (x 361B)
Class org.jetbrains.kotlin.gradle.plugin.statistics.FlowActionBuildFusService$Companion$registerIfAbsentImpl$1$1: loaded 2 times (x 71B)
Class [Lorg.jetbrains.kotlin.gradle.report.BuildReportType;                           : loaded 2 times (x 66B)
Class org.jetbrains.kotlin.gradle.plugin.statistics.KotlinBuildStatsConfiguration     : loaded 2 times (x 69B)
Class org.jetbrains.kotlin.gradle.internal.properties.PropertiesBuildService$localProperties$2: loaded 2 times (x 76B)
Class org.gradle.internal.classloader.ClasspathUtil                                   : loaded 2 times (x 68B)
Class org.jetbrains.kotlin.gradle.plugin.diagnostics.CheckKotlinGradlePluginConfigurationErrorsKt$locateOrRegisterCheckKotlinGradlePluginErrorsTask$taskProvider$1$5: loaded 2 times (x 71B)
Class org.jetbrains.kotlin.gradle.dsl.KotlinCompile                                   : loaded 2 times (x 67B)
Class org.jetbrains.kotlin.gradle.plugin.mpp.compilationImpl.DefaultKotlinCompilationFriendPathsResolver$DefaultFriendArtifactResolver: loaded 2 times (x 71B)
Class org.jetbrains.kotlin.gradle.plugin.diagnostics.checkers.InternalGradlePropertiesUsageChecker$runChecks$1: loaded 2 times (x 85B)
Class org.jetbrains.kotlin.gradle.utils.StringUtilsKt$lowerCamelCaseName$1            : loaded 2 times (x 122B)
Class org.jetbrains.kotlin.gradle.plugin.diagnostics.checkers.JsEnvironmentChecker$3  : loaded 2 times (x 75B)
Class org.jetbrains.kotlin.gradle.dsl.JvmTarget$Companion                             : loaded 2 times (x 68B)
Class org.jetbrains.kotlin.gradle.internal.properties.NativePropertiesLoader$downloadFromMaven$1: loaded 2 times (x 72B)
Class org.jetbrains.kotlin.gradle.plugin.internal.DefaultConfigurationCacheStartParameterAccessor_Decorated: loaded 2 times (x 118B)
Class org.jetbrains.kotlin.gradle.plugin.internal.DefaultConfigurationCacheStartParameterAccessor: loaded 2 times (x 74B)
Class org.jetbrains.kotlin.tooling.core.HasExtras                                     : loaded 2 times (x 67B)
Class com.google.common.util.concurrent.Uninterruptibles                              : loaded 2 times (x 68B)
Class org.jetbrains.kotlin.gradle.plugin.KotlinCompilationInfo$TCS$friendPaths$1      : loaded 2 times (x 76B)
Class org.jetbrains.kotlin.gradle.fus.internal.SynchronizedConfigurationMetrics$add$1 : loaded 2 times (x 76B)
Class org.jetbrains.kotlin.gradle.plugin.sources.DefaultLanguageSettingsBuilder$freeCompilerArgsProvider$1: loaded 2 times (x 92B)
Class org.jetbrains.kotlin.gradle.targets.js.npm.DevNpmDependencyExtension            : loaded 2 times (x 67B)
Class org.jetbrains.kotlin.gradle.plugin.diagnostics.checkers.PreHmppDependenciesUsageChecker: loaded 2 times (x 71B)
Class org.jetbrains.kotlin.gradle.targets.CreateArtifactsSideEffectKt                 : loaded 2 times (x 68B)
Class org.jetbrains.kotlin.gradle.plugin.AbstractKotlinMultiplatformPluginWrapper     : loaded 2 times (x 83B)
Class org.jetbrains.kotlin.konan.target.HostManager$Companion                         : loaded 2 times (x 68B)
Class org.jetbrains.kotlin.gradle.utils.GradleConfigurationUtilsKt$addGradlePluginMetadataAttributes$1: loaded 2 times (x 72B)
Class org.jetbrains.kotlin.gradle.plugin.internal.DefaultProjectIsolationStartParameterAccessor: loaded 2 times (x 74B)
Class org.jetbrains.kotlin.gradle.dsl.KotlinAndroidExtension                          : loaded 2 times (x 67B)
Class com.google.common.util.concurrent.LazyLogger                                    : loaded 2 times (x 69B)
Class com.google.common.collect.Maps                                                  : loaded 2 times (x 68B)
Class org.gradle.api.specs.Spec                                                       : loaded 2 times (x 67B)
Class jdk.internal.jimage.ImageReader$SharedImageReader$LocationVisitor               : loaded 2 times (x 67B)
Class org.jetbrains.kotlin.gradle.tasks.GradleCompileTaskProviderKt                   : loaded 2 times (x 68B)
Class org.jetbrains.kotlin.gradle.plugin.SubpluginEnvironment$Companion               : loaded 2 times (x 68B)
Class org.jetbrains.kotlin.gradle.plugin.mpp.ApplyUserDefinedAttributesKt$UserDefinedAttributesSetupAction$1$1$3: loaded 2 times (x 72B)
Class org.jetbrains.kotlin.gradle.tasks.configuration.BaseKotlinCompileConfig$Companion: loaded 2 times (x 68B)
Class org.jetbrains.kotlin.gradle.plugin.mpp.compilationImpl.KotlinCompilationImpl$Params: loaded 2 times (x 69B)
Class org.jetbrains.kotlin.gradle.tooling.BuildKotlinToolingMetadataTask              : loaded 2 times (x 311B)
Class org.jetbrains.kotlin.gradle.plugin.internal.CompatibilityConventionRegistrarKt  : loaded 2 times (x 68B)
Class org.jetbrains.kotlin.konan.target.UtilsKt                                       : loaded 2 times (x 68B)
Class org.jetbrains.kotlin.gradle.artifacts.KotlinJvmJarArtifactKt                    : loaded 2 times (x 68B)
Class org.jetbrains.kotlin.gradle.plugin.mpp.compilationImpl.CreateCInteropTasksSideEffectKt$special$$inlined$KotlinCompilationSideEffect$1: loaded 2 times (x 71B)
Class org.jetbrains.kotlin.gradle.plugin.statistics.FinalizeConfigurationFusMetricActionKt: loaded 2 times (x 68B)
Class org.jetbrains.kotlin.gradle.targets.native.toolchain.KotlinNativeBundleBuildService$Companion$registerIfAbsent$2$1: loaded 2 times (x 76B)
Class org.jetbrains.kotlin.gradle.plugin.statistics.KotlinBuildStatsBeanService       : loaded 2 times (x 84B)
Class org.jetbrains.kotlin.gradle.plugin.internal.MavenPublicationComponentAccessor$Factory: loaded 2 times (x 67B)
Class [Lcom.google.common.collect.ImmutableEntry;                                     : loaded 2 times (x 66B)
Class build_e36qedud0qiosat97xu84ih98                                                 : loaded 2 times (x 170B)
Class org.jetbrains.kotlin.gradle.plugin.statistics.DaemonReuseCounter                : loaded 2 times (x 73B)
Class com.google.common.collect.Sets$3$1                                              : loaded 2 times (x 79B)
Class org.jetbrains.kotlin.gradle.tasks.configuration.AbstractKotlinCompileConfig$1$1 : loaded 2 times (x 71B)
Class org.jetbrains.kotlin.gradle.tasks.KotlinCompile$kotlinOptions$1                 : loaded 2 times (x 76B)
Class org.jetbrains.kotlin.tooling.core.ExtrasLazyProperty                            : loaded 2 times (x 67B)
Class org.jetbrains.kotlin.gradle.internal.properties.NativeProperties$Companion      : loaded 2 times (x 68B)
Class org.jetbrains.kotlin.gradle.utils.StringUtilsKt                                 : loaded 2 times (x 68B)
Class org.jetbrains.kotlin.gradle.targets.ConfigureBuildSideEffectKt$ConfigureBuildSideEffect$1: loaded 2 times (x 71B)
Class org.jetbrains.kotlin.gradle.utils.CompletableFuture                             : loaded 2 times (x 67B)
Class org.jetbrains.kotlin.gradle.plugin.diagnostics.DiagnosticGroup$Kgp$Misconfiguration: loaded 2 times (x 79B)
Class org.jetbrains.kotlin.build.report.metrics.BuildPerformanceMetric                : loaded 2 times (x 69B)
Class [Lorg.jetbrains.kotlin.statistics.metrics.StringOverridePolicy;                 : loaded 2 times (x 66B)
Class org.jetbrains.kotlin.gradle.plugin.internal.JavaExecTaskParametersCompatibility : loaded 2 times (x 67B)
Class com.google.common.cache.LocalCache$LoadingValueReference                        : loaded 2 times (x 93B)
Class Build_gradle$1                                                                  : loaded 2 times (x 72B)
Class jdk.internal.jimage.decompressor.ResourceDecompressorRepository                 : loaded 2 times (x 68B)
Class org.jetbrains.kotlin.gradle.tasks.configuration.AbstractKotlinCompileConfig$getClasspathSnapshotDir$1: loaded 2 times (x 71B)
Class org.jetbrains.kotlin.gradle.tasks.configuration.AbstractKotlinCompileConfig$1$2 : loaded 2 times (x 71B)
Class org.jetbrains.kotlin.gradle.plugin.statistics.ConfigurationMetricsBuildFusParameters: loaded 2 times (x 67B)
Class org.jetbrains.kotlin.gradle.tasks.configuration.AbstractKotlinCompileConfigKt$explicitApiMode$1: loaded 2 times (x 72B)
Class com.google.common.base.Platform                                                 : loaded 2 times (x 68B)
Class com.google.common.collect.Multimaps$Entries                                     : loaded 2 times (x 115B)
Class org.jetbrains.kotlin.gradle.plugin.diagnostics.checkers.CommonMainOrTestWithDependsOnChecker: loaded 2 times (x 71B)
Class org.jetbrains.kotlin.gradle.artifacts.KotlinNativeHostSpecificMetadataArtifactKt: loaded 2 times (x 68B)
Class org.jetbrains.kotlin.gradle.plugin.mpp.compilationImpl.KotlinCreateLifecycleTasksSideEffectKt: loaded 2 times (x 68B)
Class org.jetbrains.kotlin.gradle.plugin.KotlinTarget                                 : loaded 2 times (x 67B)
Class org.jetbrains.kotlin.gradle.utils.ConfigurationsKt$createResolvable$1           : loaded 2 times (x 75B)
Class [Lorg.jetbrains.kotlin.statistics.metrics.BooleanAnonymizationPolicy;           : loaded 2 times (x 66B)
Class org.jetbrains.kotlin.gradle.internal.ClassLoadersCachingBuildService$Companion$registerIfAbsent$2$1$1: loaded 2 times (x 72B)
Class jdk.internal.jimage.ImageReader$Directory                                       : loaded 2 times (x 81B)
Class com.google.common.collect.AbstractMapBasedMultimap$WrappedList                  : loaded 2 times (x 202B)
Class org.jetbrains.kotlin.gradle.internal.KotlinDependenciesManagementKt$allNonProjectDependencies$1: loaded 2 times (x 71B)
Class [Lorg.jetbrains.kotlin.build.report.metrics.BuildAttributeKind;                 : loaded 2 times (x 66B)
Class org.jetbrains.kotlin.gradle.tasks.K2MultiplatformStructure                      : loaded 2 times (x 71B)
Class org.jetbrains.kotlin.compilerRunner.CompilerSystemPropertiesService$Parameters  : loaded 2 times (x 67B)
Class org.jetbrains.kotlin.gradle.plugin.mpp.compilationImpl.KotlinCompilationSourceSetsContainer: loaded 2 times (x 67B)
Class org.jetbrains.kotlin.gradle.artifacts.KotlinNativeKlibArtifactKt                : loaded 2 times (x 68B)
Class org.jetbrains.kotlin.gradle.plugin.ProjectLocalConfigurations                   : loaded 2 times (x 68B)
Class org.jetbrains.kotlin.gradle.plugin.mpp.KotlinUsages$KotlinUsagesDisambiguation  : loaded 2 times (x 73B)
Class org.jetbrains.kotlin.gradle.plugin.diagnostics.KotlinToolingDiagnosticsCollector$Parameter: loaded 2 times (x 67B)
Class org.jetbrains.kotlin.gradle.plugin.diagnostics.KotlinToolingDiagnosticsCollectorKt$kotlinToolingDiagnosticsCollectorProvider$1: loaded 2 times (x 72B)
Class org.jetbrains.kotlin.tooling.core.Extras$Key$Companion                          : loaded 2 times (x 68B)
Class org.jetbrains.kotlin.tooling.core.Extras$Key                                    : loaded 2 times (x 69B)
Class [Lorg.objectweb.asm.AnnotationWriter;                                           : loaded 2 times (x 66B)
Class com.google.common.collect.Maps$8                                                : loaded 2 times (x 79B)
Class Build_gradle$3                                                                  : loaded 2 times (x 71B)
Class com.google.common.base.Predicates$CompositionPredicate                          : loaded 2 times (x 85B)
Class com.google.common.collect.ImmutableRangeSet$Builder                             : loaded 2 times (x 74B)
Class [Lcom.google.common.collect.Iterators$EmptyModifiableIterator;                  : loaded 2 times (x 66B)
Class org.jetbrains.kotlin.gradle.plugin.diagnostics.CheckKotlinGradlePluginConfigurationErrors: loaded 2 times (x 313B)
Class org.jetbrains.kotlin.gradle.plugin.sources.DefaultKotlinSourceSetKt             : loaded 2 times (x 68B)
Class org.jetbrains.kotlin.gradle.dsl.KotlinJvmOptions                                : loaded 2 times (x 67B)
Class org.jetbrains.kotlin.gradle.plugin.mpp.HierarchyAttributeContainer$1            : loaded 2 times (x 75B)
Class org.jetbrains.kotlin.gradle.plugin.KotlinPluginLifecycle                        : loaded 2 times (x 67B)
Class org.jetbrains.kotlin.gradle.plugin.KotlinJsPluginWrapper                        : loaded 2 times (x 83B)
Class org.jetbrains.kotlin.gradle.dsl.ToolchainSupport                                : loaded 2 times (x 67B)
Class org.jetbrains.kotlin.tooling.core.Extras                                        : loaded 2 times (x 67B)
Class org.jetbrains.kotlin.gradle.plugin.mpp.InternalKotlinTarget                     : loaded 2 times (x 67B)
Class org.jetbrains.kotlin.gradle.fus.BuildUidService$Inject_                         : loaded 2 times (x 97B)
Class org.jetbrains.kotlin.statistics.metrics.NumberAnonymizationPolicy$RANDOM_10_PERCENT: loaded 2 times (x 82B)
Class org.jetbrains.kotlin.statistics.metrics.StringMetrics                           : loaded 2 times (x 77B)
Class com.google.common.collect.Sets$SetView                                          : loaded 2 times (x 135B)
Class com.google.common.cache.LocalCache$StrongValueReference                         : loaded 2 times (x 87B)
Class com.google.common.graph.SuccessorsFunction                                      : loaded 2 times (x 67B)
Class org.jetbrains.kotlin.gradle.tasks.CompilerPluginOptions                         : loaded 2 times (x 69B)
Class org.jetbrains.kotlin.gradle.plugin.mpp.KotlinTargetSoftwareComponentImpl        : loaded 2 times (x 87B)
Class org.jetbrains.kotlin.gradle.plugin.mpp.DefaultKotlinUsageContext$PublishOnlyIf  : loaded 2 times (x 67B)
Class org.jetbrains.kotlin.gradle.dsl.KotlinCommonCompilerOptionsHelper               : loaded 2 times (x 68B)
Class org.jetbrains.kotlin.gradle.plugin.KotlinJvmPlugin$Companion                    : loaded 2 times (x 68B)
Class org.jetbrains.kotlin.gradle.artifacts.KotlinMetadataArtifactKt                  : loaded 2 times (x 68B)
Class org.jetbrains.kotlin.gradle.targets.CreateArtifactsSideEffectKt$CreateArtifactsSideEffect$1: loaded 2 times (x 71B)
Class org.jetbrains.kotlin.gradle.plugin.diagnostics.KotlinToolingDiagnostics         : loaded 2 times (x 68B)
Class org.jetbrains.kotlin.gradle.internal.properties.PropertiesBuildService$property$1$valueFromGradleAndLocalProperties$1: loaded 2 times (x 72B)
Class org.jetbrains.kotlin.gradle.plugin.KotlinPluginWrapperKt$kotlinToolingVersion$2 : loaded 2 times (x 75B)
Class org.objectweb.asm.Type                                                          : loaded 2 times (x 69B)
Class org.gradle.internal.classloader.VisitableURLClassLoader$InstrumentingVisitableURLClassLoader: loaded 2 times (x 120B)
Class com.google.common.io.Files$FileByteSink                                         : loaded 2 times (x 74B)
Class [Lorg.jetbrains.kotlin.gradle.tasks.KotlinCompilerExecutionStrategy;            : loaded 2 times (x 66B)
Class org.jetbrains.kotlin.gradle.tasks.FailedCompilationException                    : loaded 2 times (x 79B)
Class org.jetbrains.kotlin.gradle.plugin.mpp.DefaultKotlinUsageContext$1              : loaded 2 times (x 71B)
Class org.jetbrains.kotlin.gradle.plugin.mpp.compilationImpl.KotlinCompilationImpl$associateWith$2: loaded 2 times (x 76B)
Class org.jetbrains.kotlin.gradle.plugin.hierarchy.KotlinSourceSetTreeClassifier      : loaded 2 times (x 67B)
Class org.jetbrains.kotlin.gradle.plugin.mpp.compilationImpl.KotlinCompilationAssociator: loaded 2 times (x 67B)
Class org.jetbrains.kotlin.gradle.utils.WhenEvaluatedKt$whenEvaluated$afterAndroidDispatchQueue$1$1$1: loaded 2 times (x 72B)
Class org.jetbrains.kotlin.gradle.plugin.mpp.KotlinNativeTarget                       : loaded 2 times (x 161B)
Class org.jetbrains.kotlin.gradle.plugin.diagnostics.checkers.KotlinSourceSetTreeDependsOnMismatchChecker$runChecks$1: loaded 2 times (x 85B)
Class org.jetbrains.kotlin.gradle.plugin.diagnostics.checkers.PreHmppDependenciesUsageChecker$runChecks$1: loaded 2 times (x 85B)
Class org.jetbrains.kotlin.gradle.utils.ProjectExtensionsKt                           : loaded 2 times (x 68B)
Class org.jetbrains.kotlin.gradle.plugin.KotlinSourceSetTree$Companion                : loaded 2 times (x 68B)
Class org.jetbrains.kotlin.konan.target.UtilsKt$evaluatePresetName$1                  : loaded 2 times (x 75B)
Class org.jetbrains.kotlin.gradle.plugin.diagnostics.KotlinGradleProjectChecker$Companion: loaded 2 times (x 68B)
Class org.jetbrains.kotlin.gradle.plugin.KotlinGradleBuildServices$Parameters         : loaded 2 times (x 67B)
Class org.jetbrains.kotlin.gradle.plugin.statistics.BuildFusService$Companion$registerIfAbsent$1$1$1: loaded 2 times (x 72B)
Class org.jetbrains.kotlin.statistics.fileloggers.MetricsContainer$Companion          : loaded 2 times (x 68B)
Class com.google.common.math.IntMath$1                                                : loaded 2 times (x 68B)
Class org.objectweb.asm.ByteVector                                                    : loaded 2 times (x 76B)
Class [Lcom.google.common.cache.CacheBuilder$NullListener;                            : loaded 2 times (x 66B)
Class org.gradle.internal.classloader.VisitableURLClassLoader$Spec                    : loaded 2 times (x 71B)
Class org.gradle.internal.classpath.DefaultClassPath                                  : loaded 2 times (x 87B)
Class build_7682sqknnxxvyw05498pw1zr3                                                 : loaded 2 times (x 170B)
Class jdk.internal.jimage.decompressor.ZipDecompressorFactory                         : loaded 2 times (x 71B)
Class org.jetbrains.kotlin.gradle.plugin.statistics.BuildFinishMetrics                : loaded 2 times (x 68B)
Class com.google.common.base.AbstractIterator                                         : loaded 2 times (x 77B)
Class org.jetbrains.kotlin.gradle.plugin.DefaultKotlinBasePlugin$addKotlinCompilerConfiguration$2$1$1: loaded 2 times (x 72B)
Class org.jetbrains.kotlin.gradle.plugin.mpp.KotlinSoftwareComponentKt                : loaded 2 times (x 68B)
Class org.jetbrains.kotlin.gradle.plugin.mpp.compilationImpl.KotlinCompilationSourceSetInclusion$AddSourcesToCompileTask: loaded 2 times (x 67B)
Class [Lorg.jetbrains.kotlin.gradle.plugin.HasProject;                                : loaded 2 times (x 66B)
Class org.jetbrains.kotlin.gradle.utils.MutableObservableSetImpl                      : loaded 2 times (x 160B)
Class org.jetbrains.kotlin.gradle.tasks.KotlinTasksProvider                           : loaded 2 times (x 69B)
Class org.jetbrains.kotlin.gradle.dsl.DefaultToolchainSupport$wireToolchainToTasks$1  : loaded 2 times (x 72B)
Class org.jetbrains.kotlin.gradle.dsl.KotlinCommonCompilerOptions                     : loaded 2 times (x 67B)
Class org.jetbrains.kotlin.gradle.plugin.KotlinJsCompilerTypeHolder                   : loaded 2 times (x 67B)
Class org.jetbrains.kotlin.konan.target.Architecture                                  : loaded 2 times (x 76B)
Class org.jetbrains.kotlin.gradle.internal.properties.PropertiesBuildService$MemoizedCallable: loaded 2 times (x 72B)
Class org.jetbrains.kotlin.gradle.plugin.internal.DefaultMavenPublicationComponentAccessorFactory: loaded 2 times (x 73B)
Class org.objectweb.asm.Symbol                                                        : loaded 2 times (x 70B)
Class build_7682sqknnxxvyw05498pw1zr3$_run_closure1                                   : loaded 2 times (x 136B)
Class org.jetbrains.kotlin.statistics.metrics.OrMetricContainer                       : loaded 2 times (x 77B)
Class com.google.common.collect.Sets$FilteredSet                                      : loaded 2 times (x 134B)
Class com.google.common.io.Closer                                                     : loaded 2 times (x 75B)
Class org.jetbrains.kotlin.gradle.tasks.AbstractKotlinCompile$friendPathsSet$1        : loaded 2 times (x 72B)
Class org.jetbrains.kotlin.build.report.metrics.BuildAttributes                       : loaded 2 times (x 69B)
Class org.jetbrains.kotlin.gradle.plugin.cocoapods.KotlinCocoapodsPlugin$Companion    : loaded 2 times (x 68B)
Class org.jetbrains.kotlin.gradle.plugin.mpp.compilationImpl.KotlinCompilationImpl    : loaded 2 times (x 140B)
Class [Lorg.jetbrains.kotlin.gradle.plugin.mpp.compilationImpl.factory.KotlinCompilationImplFactory$PostConfigure;: loaded 2 times (x 66B)
Class org.jetbrains.kotlin.gradle.plugin.KotlinSourceSet$Companion                    : loaded 2 times (x 68B)
Class org.jetbrains.kotlin.konan.target.KonanTarget$MACOS_X64                         : loaded 2 times (x 75B)
Class org.jetbrains.kotlin.konan.util.Named                                           : loaded 2 times (x 67B)
Class [Lorg.jetbrains.kotlin.gradle.report.BuildReportMode;                           : loaded 2 times (x 66B)
Class org.jetbrains.kotlin.statistics.metrics.BooleanOverridePolicy                   : loaded 2 times (x 82B)
Class org.jetbrains.kotlin.gradle.plugin.AbstractKotlinAndroidPluginWrapper           : loaded 2 times (x 83B)
Class com.google.common.base.CharMatcher$BitSetMatcher                                : loaded 2 times (x 109B)
Class com.google.common.collect.RegularImmutableMap$Values                            : loaded 2 times (x 204B)
Class com.google.common.collect.ImmutableSet                                          : loaded 2 times (x 142B)
Class org.gradle.internal.classloader.ClassLoaderSpec                                 : loaded 2 times (x 68B)
Class build_e36qedud0qiosat97xu84ih98$_run_closure1$_closure3                         : loaded 2 times (x 136B)
Class org.jetbrains.kotlin.gradle.plugin.statistics.DaemonReuseCounter$Companion      : loaded 2 times (x 68B)
Class org.jetbrains.kotlin.gradle.tasks.DefaultKotlinJavaToolchain$DefaultJavaToolchainSetter: loaded 2 times (x 72B)
Class org.jetbrains.kotlin.build.report.metrics.BuildAttributeKind                    : loaded 2 times (x 76B)
Class org.jetbrains.kotlin.gradle.plugin.mpp.KotlinCompilationsKt$moduleNameForCompilation$1: loaded 2 times (x 72B)
Class org.jetbrains.kotlin.gradle.plugin.sources.KotlinDependencyScopeKt              : loaded 2 times (x 68B)
Class org.jetbrains.kotlin.gradle.plugin.diagnostics.TransformActionUsingKotlinToolingDiagnostics$Parameters: loaded 2 times (x 67B)
Class org.jetbrains.kotlin.compilerRunner.CompilerSystemPropertiesService$Companion$registerIfAbsent$2$1: loaded 2 times (x 76B)
Class org.jetbrains.kotlin.gradle.plugin.mpp.KotlinCompilationsKt$addSourcesToKotlinCompileTask$1: loaded 2 times (x 72B)
Class org.jetbrains.kotlin.gradle.internal.KotlinDependenciesManagementKt$configureDefaultVersionsResolutionStrategy$1$1: loaded 2 times (x 72B)
Class org.jetbrains.kotlin.gradle.utils.KotlinExtensionUtilsKt$forAllTargets$1        : loaded 2 times (x 92B)
Class org.jetbrains.kotlin.gradle.plugin.diagnostics.CheckKotlinGradlePluginConfigurationErrorsKt$locateOrRegisterCheckKotlinGradlePluginErrorsTask$taskProvider$1: loaded 2 times (x 72B)
Class org.jetbrains.kotlin.gradle.plugin.diagnostics.checkers.KmpPartiallyResolvedDependenciesChecker$runChecks$1: loaded 2 times (x 85B)
Class org.jetbrains.kotlin.gradle.plugin.diagnostics.checkers.OverriddenKotlinNativeHomeChecker$StdlibExistenceCheckerValueSource$Params: loaded 2 times (x 67B)
Class org.jetbrains.kotlin.gradle.dsl.PlatformSourceSetConventionsChecker$nativeTargetPresets$1$1: loaded 2 times (x 76B)
Class org.jetbrains.kotlin.gradle.tooling.BuildKotlinToolingMetadataTaskKt$buildKotlinToolingMetadataTask$1: loaded 2 times (x 75B)
Class org.jetbrains.kotlin.gradle.internal.Kapt3GradleSubplugin$Companion             : loaded 2 times (x 68B)
Class org.jetbrains.kotlin.gradle.plugin.mpp.compilationImpl.KotlinCreateCompilationArchiveTaskKt$KotlinRegisterCompilationArchiveTasksExtension$1: loaded 2 times (x 71B)
Class [Lorg.jetbrains.kotlin.statistics.metrics.NumberOverridePolicy;                 : loaded 2 times (x 66B)
Class org.jetbrains.kotlin.gradle.internal.properties.PropertiesBuildService$GradleProperty: loaded 2 times (x 67B)
Class org.jetbrains.kotlin.gradle.plugin.statistics.BuildFinishBuildService$Companion : loaded 2 times (x 68B)
Class org.jetbrains.kotlin.gradle.utils.StoredPropertyKt$projectStoredProperty$1      : loaded 2 times (x 75B)
Class org.objectweb.asm.AnnotationWriter                                              : loaded 2 times (x 76B)
Class com.google.common.cache.CacheStats                                              : loaded 2 times (x 68B)
Class com.google.common.io.Closer$Suppressor                                          : loaded 2 times (x 67B)
Class com.google.common.io.LineProcessor                                              : loaded 2 times (x 67B)
Class org.jetbrains.kotlin.gradle.tasks.K2MultiplatformStructure$RefinesEdge          : loaded 2 times (x 69B)
Class org.jetbrains.kotlin.gradle.plugin.mpp.SyncLanguageSettingsWithKotlinExtensionSetupActionKt$SyncLanguageSettingsWithKotlinExtensionSetupAction$1$1: loaded 2 times (x 72B)
Class org.jetbrains.kotlin.gradle.tasks.configuration.TaskConfigAction$configureTask$1: loaded 2 times (x 76B)
Class com.google.common.collect.AbstractMapBasedMultimap$2                            : loaded 2 times (x 82B)
Class org.jetbrains.kotlin.gradle.plugin.diagnostics.checkers.DuplicateSourceSetChecker$runChecks$1: loaded 2 times (x 85B)
Class org.jetbrains.kotlin.gradle.dsl.JvmTarget                                       : loaded 2 times (x 76B)
Class org.jetbrains.kotlin.gradle.dsl.abi.AbiValidationExtension                      : loaded 2 times (x 67B)
Class org.jetbrains.kotlin.gradle.plugin.diagnostics.ToolingDiagnostic$Severity       : loaded 2 times (x 76B)
Class org.jetbrains.kotlin.gradle.internal.ClassLoadersCachingBuildService            : loaded 2 times (x 73B)
Class org.jetbrains.kotlin.gradle.plugin.internal.DefaultJavaExecTaskParametersCompatibility$Factory: loaded 2 times (x 73B)
Class org.jetbrains.kotlin.gradle.plugin.VariantImplementationFactoriesConfigurator$Companion: loaded 2 times (x 68B)
Class com.google.common.base.CharMatcher$Or                                           : loaded 2 times (x 109B)
Class org.objectweb.asm.RecordComponentWriter                                         : loaded 2 times (x 75B)
Class com.google.common.util.concurrent.AbstractFuture$Listener                       : loaded 2 times (x 69B)
Class Settings_gradle$1$1                                                             : loaded 2 times (x 71B)
Class [Lorg.jetbrains.kotlin.compilerRunner.KotlinCompilerArgumentsLogLevel;          : loaded 2 times (x 66B)
Class org.jetbrains.kotlin.gradle.tasks.KotlinCompile_Decorated                       : loaded 2 times (x 597B)
Class org.jetbrains.kotlin.gradle.plugin.mpp.SyncLanguageSettingsWithKotlinExtensionSetupActionKt$SyncLanguageSettingsWithKotlinExtensionSetupAction$1$2: loaded 2 times (x 72B)
Class org.jetbrains.kotlin.gradle.plugin.internal.BuildIdService$Companion            : loaded 2 times (x 68B)
Class org.jetbrains.kotlin.gradle.plugin.diagnostics.checkers.OverriddenKotlinNativeHomeChecker$StdlibExistenceCheckerValueSource$Companion: loaded 2 times (x 68B)
Class org.jetbrains.kotlin.gradle.targets.js.dsl.KotlinWasmSubTargetContainerDsl      : loaded 2 times (x 67B)
Class org.jetbrains.kotlin.gradle.plugin.diagnostics.checkers.WasmWasiEnvironmentChecker$1: loaded 2 times (x 75B)
Class org.jetbrains.kotlin.gradle.plugin.diagnostics.checkers.DisabledCinteropCommonizationInHmppProjectChecker: loaded 2 times (x 71B)
Class org.jetbrains.kotlin.gradle.plugin.diagnostics.checkers.NoKotlinTargetsDeclaredChecker: loaded 2 times (x 71B)
Class org.jetbrains.kotlin.gradle.targets.jvm.KotlinJvmTargetTestFixturesSideEffectKt$ConfigureJavaTestFixturesSideEffect$1: loaded 2 times (x 71B)
Class org.jetbrains.kotlin.gradle.utils.StoredPropertyStorage                         : loaded 2 times (x 69B)
Class org.jetbrains.kotlin.gradle.plugin.KotlinSourceSetContainer                     : loaded 2 times (x 67B)
Class org.objectweb.asm.Attribute                                                     : loaded 2 times (x 74B)
Class com.google.common.base.Supplier                                                 : loaded 2 times (x 67B)
Class org.gradle.internal.classloader.VisitableURLClassLoader                         : loaded 2 times (x 114B)
Class org.jetbrains.kotlin.gradle.targets.native.KonanPropertiesBuildService$Companion$registerIfAbsent$1: loaded 2 times (x 72B)
Class org.jetbrains.kotlin.statistics.metrics.NumberOverridePolicy$OVERRIDE$fromStringRepresentation$1: loaded 2 times (x 75B)
Class org.jetbrains.kotlin.gradle.plugin.statistics.plugins.ObservablePlugins         : loaded 2 times (x 76B)
Class org.jetbrains.kotlin.gradle.plugin.sources.InternalKotlinSourceSetKt$awaitPlatformCompilations$1: loaded 2 times (x 85B)
Class [Lorg.jetbrains.kotlin.gradle.plugin.sources.KotlinDependencyScope;             : loaded 2 times (x 66B)
Class org.jetbrains.kotlin.gradle.tasks.configuration.BaseKotlinCompileConfig$configureCommonParameters$1: loaded 2 times (x 71B)
Class org.jetbrains.kotlin.gradle.plugin.mpp.compilationImpl.factory.ConfigurationNaming: loaded 2 times (x 67B)
Class org.jetbrains.kotlin.gradle.plugin.mpp.compilationImpl.DefaultKotlinCompilationPostConfigureKt: loaded 2 times (x 68B)
Class org.jetbrains.kotlin.konan.target.KonanTarget$WATCHOS_X64                       : loaded 2 times (x 75B)
Class org.jetbrains.kotlin.gradle.plugin.diagnostics.KotlinGradleProjectCheckersRunnerKt: loaded 2 times (x 68B)
Class [Lorg.jetbrains.kotlin.tooling.core.HasExtras;                                  : loaded 2 times (x 66B)
Class org.jetbrains.kotlin.gradle.plugin.diagnostics.checkers.IncorrectCompileOnlyDependenciesChecker: loaded 2 times (x 71B)
Class org.jetbrains.kotlin.gradle.plugin.diagnostics.checkers.WasmWasiEnvironmentChecker$2: loaded 2 times (x 75B)
Class org.jetbrains.kotlin.gradle.dsl.DefaultToolchainSupport$wireToolchainToTasks$1$1: loaded 2 times (x 72B)
Class org.jetbrains.kotlin.gradle.internal.IdeaKt$isInIdeaEnvironment$1               : loaded 2 times (x 71B)
Class org.jetbrains.kotlin.gradle.plugin.statistics.FusUtilKt                         : loaded 2 times (x 68B)
Class org.jetbrains.kotlin.gradle.utils.SingleActionPerProject                        : loaded 2 times (x 70B)
Class org.jetbrains.kotlin.gradle.plugin.DefaultKotlinBasePlugin                      : loaded 2 times (x 79B)
Class org.gradle.internal.Cast                                                        : loaded 2 times (x 68B)
Class org.gradle.api.Action                                                           : loaded 2 times (x 67B)
Class jdk.internal.jimage.decompressor.ZipDecompressor                                : loaded 2 times (x 72B)
Class org.jetbrains.kotlin.statistics.metrics.StatisticsValuesConsumer$DefaultImpls   : loaded 2 times (x 68B)
Class [Lorg.jetbrains.kotlin.gradle.plugin.mpp.KotlinUsageContext$MavenScope;         : loaded 2 times (x 66B)
Class org.jetbrains.kotlin.gradle.tasks.configuration.BaseKotlinCompileConfig$configureCommonParameters$2: loaded 2 times (x 72B)
Class org.jetbrains.kotlin.gradle.plugin.mpp.compilationImpl.KotlinCompilationCompilerOptionsFromTargetConfigurator: loaded 2 times (x 71B)
Class [Lorg.jetbrains.kotlin.gradle.plugin.mpp.compilationImpl.DefaultKotlinCompilationFriendPathsResolver$FriendArtifactResolver;: loaded 2 times (x 66B)
Class com.google.common.base.Strings                                                  : loaded 2 times (x 68B)
Class org.jetbrains.kotlin.gradle.utils.FailuresKt$ideaSyncClasspathModeUtil$1        : loaded 2 times (x 69B)
Class org.jetbrains.kotlin.gradle.artifacts.KotlinJsKlibArtifactKt                    : loaded 2 times (x 68B)
Class org.jetbrains.kotlin.gradle.dsl.KotlinTargetContainerWithWasmPresetFunctions    : loaded 2 times (x 67B)
Class org.jetbrains.kotlin.gradle.internal.IdeaKt$isInIdeaEnvironment$2               : loaded 2 times (x 71B)
Class org.jetbrains.kotlin.gradle.plugin.GradleUtilsKt                                : loaded 2 times (x 68B)
Class org.jetbrains.kotlin.gradle.internal.properties.PropertiesBuildService$Params$Inject_: loaded 2 times (x 103B)
Class org.jetbrains.kotlin.gradle.internal.properties.PropertiesBuildService          : loaded 2 times (x 73B)
Class org.jetbrains.kotlin.gradle.plugin.BuildFinishedListenerService$Companion$registerIfAbsent$1$1$1: loaded 2 times (x 72B)
Class com.google.common.collect.Sets                                                  : loaded 2 times (x 68B)
Class org.objectweb.asm.Handler                                                       : loaded 2 times (x 69B)
Class com.google.common.base.CharMatcher$FastMatcher                                  : loaded 2 times (x 108B)
Class com.google.common.base.Ticker                                                   : loaded 2 times (x 69B)
Class org.jetbrains.kotlin.gradle.tasks.KotlinCompile$javaSources$1                   : loaded 2 times (x 72B)
Class org.jetbrains.kotlin.incremental.IncrementalCompilationFeatures                 : loaded 2 times (x 68B)
Class org.jetbrains.kotlin.gradle.plugin.KotlinTarget$DefaultImpls                    : loaded 2 times (x 68B)
Class org.jetbrains.kotlin.gradle.plugin.mpp.compilationImpl.KotlinCreateCompilationArchiveTaskKt: loaded 2 times (x 68B)
Class org.jetbrains.kotlin.tooling.core.MutableExtrasImpl                             : loaded 2 times (x 162B)
Class org.jetbrains.kotlin.gradle.plugin.diagnostics.KotlinToolingDiagnosticsCollector: loaded 2 times (x 73B)
Class org.jetbrains.kotlin.gradle.plugin.statistics.KotlinBuildStatsMXBean            : loaded 2 times (x 67B)
Class org.jetbrains.kotlin.gradle.utils.FileUtilsKt                                   : loaded 2 times (x 68B)
Class [Lcom.google.common.cache.LocalCache$Segment;                                   : loaded 2 times (x 66B)
Class com.google.common.base.Predicate                                                : loaded 2 times (x 67B)
Class [Lcom.google.common.cache.LocalCache$Strength;                                  : loaded 2 times (x 66B)
Class com.google.common.cache.CacheBuilder$1                                          : loaded 2 times (x 82B)
Class com.google.common.collect.ImmutableMap                                          : loaded 2 times (x 117B)
Class org.gradle.internal.classpath.DefaultClassPath$ImmutableUniqueList$Builder      : loaded 2 times (x 72B)
Class org.jetbrains.kotlin.gradle.plugin.PropertiesProvider$propertyWithValueReporting$1: loaded 2 times (x 72B)
Class org.jetbrains.kotlin.gradle.plugin.mpp.KotlinCompilationFactory$DefaultImpls    : loaded 2 times (x 68B)
Class com.google.common.collect.AbstractRangeSet                                      : loaded 2 times (x 111B)
Class org.jetbrains.kotlin.gradle.plugin.diagnostics.checkers.InternalGradlePropertiesUsageChecker: loaded 2 times (x 71B)
Class org.jetbrains.kotlin.gradle.plugin.mpp.compilationImpl.CreateCInteropTasksSideEffectKt: loaded 2 times (x 68B)
Class org.jetbrains.kotlin.gradle.testing.internal.KotlinTestsRegistry$Companion      : loaded 2 times (x 68B)
Class org.jetbrains.kotlin.gradle.dsl.KotlinCommonCompilerToolOptions                 : loaded 2 times (x 67B)
Class org.jetbrains.kotlin.gradle.internal.properties.PropertiesBuildService$Companion$registerIfAbsent$1: loaded 2 times (x 72B)
Class org.jetbrains.kotlin.gradle.plugin.internal.DefaultConfigurationCacheStartParameterAccessorVariantFactory: loaded 2 times (x 73B)
Class com.google.common.base.CharMatcher$NegatedFastMatcher                           : loaded 2 times (x 110B)
Class com.google.common.cache.LocalCache                                              : loaded 2 times (x 184B)
Class com.google.common.cache.CacheBuilder$2                                          : loaded 2 times (x 76B)
Class Build_gradle$inlined$sam$i$org_gradle_api_Action$0                              : loaded 2 times (x 72B)
Class org.jetbrains.kotlin.gradle.plugin.statistics.BuildFinishBuildService$Companion$collectAllFusReportsIntoOne$2$1: loaded 2 times (x 76B)
Class org.jetbrains.kotlin.build.report.metrics.BuildPerformanceMetrics$Companion     : loaded 2 times (x 68B)
Class org.jetbrains.kotlin.gradle.plugin.diagnostics.checkers.AndroidPublicationNotConfiguredChecker: loaded 2 times (x 71B)
Class org.jetbrains.kotlin.gradle.plugin.mpp.compilationImpl.DefaultKotlinCompilationSourceSetsContainer$source$1: loaded 2 times (x 76B)
Class org.jetbrains.kotlin.gradle.internal.KotlinTestDependencyManagementKt           : loaded 2 times (x 68B)
Class [Lorg.jetbrains.kotlin.gradle.plugin.sources.ConsistencyCheck;                  : loaded 2 times (x 66B)
Class org.jetbrains.kotlin.konan.target.KonanTarget$ANDROID_X64                       : loaded 2 times (x 75B)
Class org.jetbrains.kotlin.gradle.plugin.statistics.FlowActionBuildFusService$Companion: loaded 2 times (x 68B)
Class org.jetbrains.kotlin.gradle.report.ReportingSettings                            : loaded 2 times (x 69B)
Class org.jetbrains.kotlin.statistics.metrics.StringAnonymizationPolicy$ComponentVersionAnonymizer: loaded 2 times (x 75B)
Class org.jetbrains.kotlin.gradle.plugin.KotlinBasePluginWrapper                      : loaded 2 times (x 83B)
Class com.google.common.collect.ArrayListMultimap                                     : loaded 2 times (x 169B)
Class com.google.common.cache.CacheBuilder$3                                          : loaded 2 times (x 69B)
Class [Lcom.google.common.collect.AbstractMapEntry;                                   : loaded 2 times (x 66B)
Class com.google.common.collect.ImmutableEntry                                        : loaded 2 times (x 79B)
Class org.gradle.api.GradleException                                                  : loaded 2 times (x 79B)
Class jdk.internal.jimage.ImageStrings                                                : loaded 2 times (x 67B)
Class org.jetbrains.kotlin.statistics.metrics.MetricPoliciesKt                        : loaded 2 times (x 68B)
Class org.jetbrains.kotlin.gradle.plugin.statistics.NonSynchronizedMetricsContainer$MetricDescriptor: loaded 2 times (x 72B)
Class org.jetbrains.kotlin.gradle.plugin.diagnostics.KotlinToolingDiagnostics$JsEnvironmentNotChosenExplicitly: loaded 2 times (x 70B)
Class org.jetbrains.kotlin.gradle.plugin.ProjectLocalConfigurations$ProjectLocalCompatibility: loaded 2 times (x 73B)
Class org.jetbrains.kotlin.gradle.dsl.JvmDefaultMode                                  : loaded 2 times (x 76B)
Class org.jetbrains.kotlin.gradle.dsl.KotlinJvmCompilerOptions                        : loaded 2 times (x 67B)
Class org.jetbrains.kotlin.gradle.plugin.internal.DefaultMavenPublicationComponentAccessor: loaded 2 times (x 72B)
Class org.jetbrains.kotlin.gradle.plugin.statistics.BuildFinishBuildService           : loaded 2 times (x 81B)
Class org.jetbrains.kotlin.gradle.plugin.internal.DefaultProjectIsolationStartParameterAccessor$Factory: loaded 2 times (x 73B)
Class com.google.common.collect.CollectPreconditions                                  : loaded 2 times (x 68B)
Class build_e36qedud0qiosat97xu84ih98$_run_closure1                                   : loaded 2 times (x 136B)
Class com.google.common.collect.Maps$AbstractFilteredMap                              : loaded 2 times (x 124B)
Class [Lcom.google.common.io.FileWriteMode;                                           : loaded 2 times (x 66B)
Class org.jetbrains.kotlin.buildtools.api.SourcesChanges                              : loaded 2 times (x 67B)
Class org.jetbrains.kotlin.gradle.plugin.KotlinPluginLifecycleImpl$launch$1           : loaded 2 times (x 76B)
Class org.jetbrains.kotlin.gradle.plugin.diagnostics.checkers.GradleDeprecatedPropertyChecker$DeprecatedProperty: loaded 2 times (x 69B)
Class org.jetbrains.kotlin.gradle.utils.Completable                                   : loaded 2 times (x 69B)
Class org.jetbrains.kotlin.konan.target.HostManager$Companion$targetAliases$2         : loaded 2 times (x 75B)
Class org.jetbrains.kotlin.gradle.plugin.DefaultKotlinBasePlugin$addKotlinCompilerConfiguration$2$1: loaded 2 times (x 72B)
Class org.jetbrains.kotlin.gradle.plugin.statistics.KotlinBuildStatsServicesRegistry$Companion: loaded 2 times (x 68B)
Class org.jetbrains.kotlin.gradle.plugin.internal.DefaultCompatibilityConventionRegistrar$Factory: loaded 2 times (x 73B)
Class com.google.common.collect.SortedMapDifference                                   : loaded 2 times (x 67B)
Class com.google.common.io.Files                                                      : loaded 2 times (x 68B)
Class org.jetbrains.kotlin.gradle.tasks.DefaultKotlinJavaToolchain$DefaultJdkSetter   : loaded 2 times (x 73B)
Class org.jetbrains.kotlin.gradle.utils.Completable$await$1                           : loaded 2 times (x 85B)
Class org.jetbrains.kotlin.gradle.plugin.diagnostics.checkers.IncorrectCompileOnlyDependenciesChecker$runChecks$1: loaded 2 times (x 85B)
Class org.jetbrains.kotlin.gradle.plugin.mpp.KotlinOnlyTarget                         : loaded 2 times (x 147B)
Class org.jetbrains.kotlin.gradle.targets.js.npm.BaseNpmDependencyExtension           : loaded 2 times (x 67B)
Class org.jetbrains.kotlin.gradle.dsl.KotlinVersion$Companion                         : loaded 2 times (x 68B)
Class org.jetbrains.kotlin.gradle.InternalKotlinGradlePluginApi                       : loaded 2 times (x 67B)
Class org.jetbrains.kotlin.gradle.targets.ConfigureNonPackedKlibConsumingSideEffectKt$ConfigureNonPackedKlibConsumingSideEffect$1: loaded 2 times (x 71B)
Class org.jetbrains.kotlin.gradle.dsl.DefaultToolchainSupport                         : loaded 2 times (x 73B)
Class org.jetbrains.kotlin.gradle.plugin.diagnostics.DiagnosticGroup$Base             : loaded 2 times (x 78B)
Class org.jetbrains.kotlin.gradle.plugin.VariantImplementationFactories$Inject_       : loaded 2 times (x 103B)
Class org.jetbrains.kotlin.gradle.plugin.internal.CustomPropertiesFileValueSource     : loaded 2 times (x 79B)
Class com.google.common.cache.LocalCache$EntryFactory                                 : loaded 2 times (x 80B)
Class com.google.common.collect.Iterables$5                                           : loaded 2 times (x 78B)
Class org.jetbrains.kotlin.gradle.tasks.TaskOutputsBackup                             : loaded 2 times (x 69B)
Class org.jetbrains.kotlin.gradle.plugin.cocoapods.KotlinCocoapodsPlugin              : loaded 2 times (x 73B)
Class org.jetbrains.kotlin.gradle.internal.CompilerOptionsDslHelpersKt                : loaded 2 times (x 68B)
Class org.jetbrains.kotlin.gradle.tasks.configuration.AbstractKotlinCompileConfigKt   : loaded 2 times (x 68B)
Class org.jetbrains.kotlin.gradle.internal.StdlibDependencyManagementKt$configureStdlibVersionAlignment$1$1: loaded 2 times (x 72B)
Class org.jetbrains.kotlin.gradle.dsl.KotlinProjectExtension$awaitSourceSets$1        : loaded 2 times (x 85B)
Class org.jetbrains.kotlin.gradle.plugin.KotlinPluginLifecycle$CoroutineStart         : loaded 2 times (x 76B)
Class org.jetbrains.kotlin.gradle.tasks.TasksProviderKt$sam$org_gradle_api_Action$0   : loaded 2 times (x 72B)
Class org.jetbrains.kotlin.gradle.tooling.BuildKotlinToolingMetadataTask$FromKotlinExtension: loaded 2 times (x 311B)
Class org.jetbrains.kotlin.gradle.utils.FailuresKt                                    : loaded 2 times (x 68B)
Class org.jetbrains.kotlin.gradle.targets.native.internal.CInteropConfigurationsKt$special$$inlined$KotlinTargetSideEffect$1: loaded 2 times (x 71B)
Class org.jetbrains.kotlin.konan.target.Family                                        : loaded 2 times (x 76B)
Class org.jetbrains.kotlin.gradle.plugin.diagnostics.DiagnosticGroup                  : loaded 2 times (x 67B)
Class org.jetbrains.kotlin.gradle.internal.properties.NativePropertiesLoader$konanDataDirProperty$1: loaded 2 times (x 72B)
Class org.jetbrains.kotlin.gradle.plugin.KotlinGradleBuildServices$Inject_            : loaded 2 times (x 97B)
Class org.jetbrains.kotlin.gradle.plugin.KotlinGradleBuildServices$Companion$registerIfAbsent$2$1: loaded 2 times (x 76B)
Class org.jetbrains.kotlin.gradle.plugin.statistics.BuildFusService$Parameters_Decorated: loaded 2 times (x 136B)
Class org.jetbrains.kotlin.gradle.plugin.VariantImplementationFactoriesConfigurator$Inject_: loaded 2 times (x 93B)
Class org.jetbrains.kotlin.tooling.core.HasMutableExtras                              : loaded 2 times (x 67B)
Class com.google.common.cache.LocalCache$AbstractReferenceEntry                       : loaded 2 times (x 104B)
Class org.gradle.internal.IoActions                                                   : loaded 2 times (x 68B)
Class org.jetbrains.kotlin.statistics.BuildSession                                    : loaded 2 times (x 69B)
Class org.jetbrains.kotlin.gradle.internal.Kapt3KotlinGradleSubpluginKt               : loaded 2 times (x 68B)
Class org.jetbrains.kotlin.gradle.dsl.KotlinJvmCompile                                : loaded 2 times (x 67B)
Class com.google.common.collect.ImmutableRangeSet$ComplementRanges                    : loaded 2 times (x 204B)
Class org.jetbrains.kotlin.konan.target.KonanTarget$LINUX_ARM32_HFP                   : loaded 2 times (x 75B)
Class org.jetbrains.kotlin.gradle.internal.Kapt3GradleSubplugin                       : loaded 2 times (x 78B)
Class org.jetbrains.kotlin.gradle.plugin.diagnostics.checkers.CInteropInputChecker    : loaded 2 times (x 71B)
Class org.jetbrains.kotlin.gradle.targets.native.internal.CInteropConfigurationsKt$special$$inlined$KotlinTargetSideEffect$2: loaded 2 times (x 71B)
Class org.jetbrains.kotlin.gradle.plugin.statistics.FinalizeConfigurationFusMetricActionKt$FinalizeConfigurationFusMetricAction$1: loaded 2 times (x 92B)
Class org.jetbrains.kotlin.gradle.internal.KotlinDependenciesManagementKt$CustomizeKotlinDependenciesSetupAction$1: loaded 2 times (x 71B)
Class org.jetbrains.kotlin.gradle.plugin.KotlinGradlePluginExtensionPointInternal$registeredExtensions$2: loaded 2 times (x 75B)
Class org.jetbrains.kotlin.statistics.metrics.BooleanOverridePolicy$OR                : loaded 2 times (x 82B)
Class org.jetbrains.kotlin.gradle.plugin.UsesVariantImplementationFactories           : loaded 2 times (x 67B)
Class org.objectweb.asm.SymbolTable                                                   : loaded 2 times (x 69B)
Class com.google.common.cache.CacheLoader$InvalidCacheLoadException                   : loaded 2 times (x 79B)
Class com.google.common.collect.ImmutableSet$RegularSetBuilderImpl                    : loaded 2 times (x 74B)
Class org.gradle.internal.classloader.SystemClassLoaderSpec                           : loaded 2 times (x 68B)
Class com.google.common.collect.FluentIterable                                        : loaded 2 times (x 78B)
Class org.jetbrains.kotlin.gradle.tasks.CacheableTasksKt$cacheOnlyIfEnabledForKotlin$1$1: loaded 2 times (x 71B)
Class org.jetbrains.kotlin.gradle.plugin.diagnostics.DefaultProblemsReporter_Decorated: loaded 2 times (x 116B)
Class org.jetbrains.kotlin.gradle.tasks.configuration.BaseKotlinCompileConfig$1$1     : loaded 2 times (x 72B)
Class org.jetbrains.kotlin.gradle.plugin.mpp.compilationImpl.factory.KotlinCompilationImplFactory$PostConfigure: loaded 2 times (x 67B)
Class org.jetbrains.kotlin.gradle.utils.KotlinExtensionUtilsKt                        : loaded 2 times (x 68B)
Class [Lorg.jetbrains.kotlin.konan.util.Named;                                        : loaded 2 times (x 66B)
Class org.jetbrains.kotlin.gradle.plugin.diagnostics.checkers.NoKotlinTargetsDeclaredChecker$runChecks$1: loaded 2 times (x 85B)
Class org.jetbrains.kotlin.gradle.plugin.mpp.AbstractKotlinTarget$kotlinComponents$2  : loaded 2 times (x 76B)
Class org.jetbrains.kotlin.gradle.plugin.KotlinPlatformType$CompatibilityRule         : loaded 2 times (x 73B)
Class org.jetbrains.kotlin.gradle.tasks.abi.KotlinLegacyAbiDumpTask                   : loaded 2 times (x 67B)
Class org.jetbrains.kotlin.gradle.internal.properties.NativePropertiesLoader$actualNativeHomeDirectory$1: loaded 2 times (x 72B)
Class org.jetbrains.kotlin.gradle.internal.properties.NativePropertiesKt              : loaded 2 times (x 68B)
Class [Lorg.jetbrains.kotlin.statistics.metrics.BooleanOverridePolicy;                : loaded 2 times (x 66B)
Class org.jetbrains.kotlin.gradle.plugin.BuildEventsListenerRegistryHolder            : loaded 2 times (x 69B)
Class com.google.common.cache.LocalCache$StrongEntry                                  : loaded 2 times (x 105B)
Class com.google.common.util.concurrent.AbstractFuture$TrustedFuture                  : loaded 2 times (x 111B)
Class com.google.common.cache.LoadingCache                                            : loaded 2 times (x 67B)
Class jdk.internal.jrtfs.JrtFileSystem                                                : loaded 2 times (x 99B)
Class org.jetbrains.kotlin.gradle.tasks.GradleCompileTaskProvider                     : loaded 2 times (x 69B)
Class org.jetbrains.kotlin.gradle.plugin.mpp.KotlinTargetSoftwareComponentImplKt$KotlinTargetSoftwareComponent$1: loaded 2 times (x 92B)
Class org.jetbrains.kotlin.gradle.tasks.configuration.BaseKotlinCompileConfig$registerBuildToolsApiTransformations$1: loaded 2 times (x 76B)
Class org.jetbrains.kotlin.gradle.tasks.configuration.AbstractKotlinCompileConfigKt$sam$org_gradle_api_Action$0: loaded 2 times (x 72B)
Class org.jetbrains.kotlin.gradle.plugin.internal.BuildIdService                      : loaded 2 times (x 73B)
Class org.jetbrains.kotlin.gradle.plugin.mpp.compilationImpl.factory.KotlinCompilationDependencyConfigurationsFactoriesKt: loaded 2 times (x 68B)
Class org.jetbrains.kotlin.gradle.plugin.mpp.compilationImpl.DefaultKotlinCompilationFriendPathsResolver: loaded 2 times (x 72B)
Class org.jetbrains.kotlin.gradle.plugin.diagnostics.checkers.KmpPartiallyResolvedDependenciesCheckerKt: loaded 2 times (x 68B)
Class org.jetbrains.kotlin.gradle.plugin.diagnostics.checkers.WasmSourceSetsNotFoundChecker$runChecks$1: loaded 2 times (x 85B)
Class org.jetbrains.kotlin.konan.target.KonanTarget$IOS_SIMULATOR_ARM64               : loaded 2 times (x 75B)
Class org.jetbrains.kotlin.gradle.targets.jvm.KotlinJvmCompilationWireJavaSourcesSideEffectKt: loaded 2 times (x 68B)
Class org.jetbrains.kotlin.gradle.plugin.mpp.compilationImpl.KotlinCreateCompilationArchiveTaskKt$KotlinCreateCompilationArchivesTask$1: loaded 2 times (x 71B)
Class org.jetbrains.kotlin.gradle.dsl.KotlinVersion                                   : loaded 2 times (x 76B)
Class org.jetbrains.kotlin.gradle.internal.properties.NativePropertiesLoader$actualNativeHomeDirectory$2: loaded 2 times (x 71B)
Class org.jetbrains.kotlin.gradle.utils.StoredPropertyKt                              : loaded 2 times (x 68B)
Class org.objectweb.asm.MethodWriter                                                  : loaded 2 times (x 103B)
Class [Lcom.google.common.cache.Weigher;                                              : loaded 2 times (x 66B)
Class com.google.common.collect.RegularImmutableMap$BucketOverflowException           : loaded 2 times (x 79B)
Class jdk.internal.jimage.decompressor.CompressedResourceHeader                       : loaded 2 times (x 68B)
Class com.google.common.collect.AbstractMapBasedMultimap$RandomAccessWrappedList      : loaded 2 times (x 202B)
Class org.jetbrains.kotlin.gradle.internal.build.SourcesUtilsKt                       : loaded 2 times (x 68B)
Class org.jetbrains.kotlin.gradle.plugin.sources.KotlinDependencyScope$Companion      : loaded 2 times (x 68B)
Class org.jetbrains.kotlin.gradle.tasks.configuration.BaseKotlinCompileConfig$registerBuildToolsApiTransformations$2: loaded 2 times (x 76B)
Class org.jetbrains.kotlin.gradle.tasks.KotlinJvmCompile                              : loaded 2 times (x 67B)
Class org.jetbrains.kotlin.gradle.plugin.mpp.compilationImpl.KotlinCompilationSourceSetsContainerKt: loaded 2 times (x 68B)
Class org.jetbrains.kotlin.gradle.plugin.KotlinPluginLifecycleKt$launchInStage$1      : loaded 2 times (x 92B)
Class org.jetbrains.kotlin.gradle.targets.NativeForwardImplementationToApiElementsSideEffectKt: loaded 2 times (x 68B)
Class org.jetbrains.kotlin.gradle.tasks.publishing.HelpersKt$addPgpSignatureHelpers$1 : loaded 2 times (x 72B)
Class org.jetbrains.kotlin.gradle.internal.properties.NativePropertiesLoader$actualNativeHomeDirectory$3: loaded 2 times (x 72B)
Class org.jetbrains.kotlin.gradle.report.BuildReportMode                              : loaded 2 times (x 76B)
Class org.jetbrains.kotlin.statistics.metrics.StringAnonymizationPolicy$RegexControlled: loaded 2 times (x 76B)
Class org.jetbrains.kotlin.statistics.ValueAnonymizer                                 : loaded 2 times (x 67B)
Class org.jetbrains.kotlin.gradle.plugin.VariantImplementationFactories$Companion$getProvider$2$1$1: loaded 2 times (x 72B)
Class org.jetbrains.kotlin.gradle.plugin.internal.ProjectIsolationStartParameterAccessor$Factory: loaded 2 times (x 67B)
Class build_7c73qa3eeiqfvlirsaintclzw                                                 : loaded 2 times (x 170B)
Class org.jetbrains.kotlin.gradle.plugin.statistics.KotlinBuildStatsLoggerService$reportBuildFinished$1: loaded 2 times (x 76B)
Class com.google.common.collect.AbstractIterator$State                                : loaded 2 times (x 76B)
Class org.jetbrains.kotlin.gradle.tasks.DefaultKotlinJavaToolchain$javaExecutable$1   : loaded 2 times (x 72B)
Class org.jetbrains.kotlin.build.report.metrics.BuildAttribute                        : loaded 2 times (x 76B)
Class com.google.common.collect.RegularImmutableBiMap                                 : loaded 2 times (x 146B)
Class org.jetbrains.kotlin.gradle.plugin.mpp.compilationImpl.KotlinCompilationRegisterInSourceSetsConfigurator: loaded 2 times (x 71B)
Class org.jetbrains.kotlin.gradle.plugin.mpp.compilationImpl.factory.DefaultKotlinCompilationTaskNamesContainerFactory: loaded 2 times (x 71B)
Class org.jetbrains.kotlin.gradle.plugin.mpp.compilationImpl.DefaultKotlinCompilationFriendPathsResolver$FriendArtifactResolver$Companion: loaded 2 times (x 68B)
Class org.jetbrains.kotlin.gradle.targets.native.internal.CommonizerTasksKt           : loaded 2 times (x 68B)
Class [Lorg.jetbrains.kotlin.gradle.targets.js.npm.NpmDependency$Scope;               : loaded 2 times (x 66B)
Class org.jetbrains.kotlin.gradle.plugin.KotlinCompilerPluginSupportPlugin            : loaded 2 times (x 67B)
Class org.jetbrains.kotlin.gradle.plugin.mpp.AbstractKotlinTarget$components$2        : loaded 2 times (x 76B)
Class org.jetbrains.kotlin.gradle.targets.CreateNonPackedKlibVariantsSideEffectKt$CreateNonPackedKlibVariantsSideEffect$1: loaded 2 times (x 71B)
Class org.jetbrains.kotlin.gradle.plugin.mpp.KotlinUsages$setupAttributesMatchingStrategy$1: loaded 2 times (x 71B)
Class org.jetbrains.kotlin.gradle.plugin.KotlinGradleBuildServices$Companion$registerIfAbsent$2$1$1: loaded 2 times (x 72B)
Class org.jetbrains.kotlin.gradle.plugin.statistics.BuildFinishBuildService$Parameters$Inject_: loaded 2 times (x 111B)
Class org.jetbrains.kotlin.gradle.internal.diagnostics.AgpCompatibilityCheck$runAgpCompatibilityCheckIfAgpIsApplied$1$1: loaded 2 times (x 72B)
Class org.jetbrains.kotlin.gradle.utils.AndroidPluginIdsKt                            : loaded 2 times (x 68B)
Class org.jetbrains.kotlin.gradle.plugin.KotlinBasePlugin                             : loaded 2 times (x 67B)
Class com.google.common.base.CharMatcher$Negated                                      : loaded 2 times (x 110B)
Class com.google.common.base.CharMatcher$Is                                           : loaded 2 times (x 108B)
Class com.google.common.cache.LocalCache$ValueReference                               : loaded 2 times (x 67B)
Class com.google.common.hash.PrimitiveSink                                            : loaded 2 times (x 67B)
Class org.jetbrains.kotlin.gradle.tasks.internal.KotlinJvmOptionsCompat               : loaded 2 times (x 98B)
Class org.jetbrains.kotlin.compilerRunner.CompilerSystemPropertiesService$Companion   : loaded 2 times (x 68B)
Class com.google.common.base.PatternCompiler                                          : loaded 2 times (x 67B)
Class org.jetbrains.kotlin.gradle.utils.FutureKt                                      : loaded 2 times (x 68B)
Class org.jetbrains.kotlin.gradle.dsl.abi.AbiFiltersSpec                              : loaded 2 times (x 67B)
Class org.jetbrains.kotlin.gradle.targets.native.internal.PlatformLibrariesGenerator$GeneratedPlatformLibrariesService: loaded 2 times (x 73B)
Class org.jetbrains.kotlin.gradle.logging.GradleLoggingUtilsKt                        : loaded 2 times (x 68B)
Class org.jetbrains.kotlin.gradle.plugin.KotlinAndroidPluginWrapper                   : loaded 2 times (x 83B)
Class com.google.common.util.concurrent.AbstractFuture$Failure                        : loaded 2 times (x 69B)
Class com.google.common.base.Equivalence$Equals                                       : loaded 2 times (x 79B)
Class com.google.common.collect.Hashing                                               : loaded 2 times (x 68B)
Class com.google.common.base.Preconditions                                            : loaded 2 times (x 68B)
Class com.google.common.io.CharSink                                                   : loaded 2 times (x 76B)
Class org.jetbrains.kotlin.compilerRunner.GradleCompilerRunner$Companion              : loaded 2 times (x 68B)
Class com.google.common.base.Joiner$1                                                 : loaded 2 times (x 77B)
Class [Lorg.jetbrains.kotlin.gradle.dsl.PlatformSourceSetConventionsChecker$CheckedPlatformInfo;: loaded 2 times (x 66B)
Class org.jetbrains.kotlin.gradle.plugin.diagnostics.KotlinGradleProjectCheckerContext: loaded 2 times (x 69B)
Class org.jetbrains.kotlin.gradle.plugin.diagnostics.checkers.DuplicateSourceSetChecker: loaded 2 times (x 71B)
Class org.jetbrains.kotlin.gradle.targets.KotlinTargetSideEffect                      : loaded 2 times (x 67B)
Class org.jetbrains.kotlin.gradle.plugin.DefaultKotlinBasePlugin$setupAttributeMatchingStrategy$1$1: loaded 2 times (x 76B)
Class org.jetbrains.kotlin.gradle.plugin.diagnostics.ToolingDiagnosticFactory         : loaded 2 times (x 70B)
Class org.jetbrains.kotlin.statistics.metrics.NumericalMetrics$Companion              : loaded 2 times (x 68B)
Class [Lorg.jetbrains.kotlin.statistics.metrics.NumberAnonymizationPolicy;            : loaded 2 times (x 66B)
Class org.jetbrains.kotlin.statistics.metrics.NumberOverridePolicy$OVERRIDE           : loaded 2 times (x 82B)
Class org.jetbrains.kotlin.gradle.internal.properties.PropertiesBuildService$property$1: loaded 2 times (x 76B)
Class org.objectweb.asm.Label                                                         : loaded 2 times (x 70B)
Class org.objectweb.asm.CurrentFrame                                                  : loaded 2 times (x 70B)
Class com.google.common.base.CharMatcher                                              : loaded 2 times (x 108B)
Class org.objectweb.asm.ClassTooLargeException                                        : loaded 2 times (x 80B)
Class com.google.common.collect.PeekingIterator                                       : loaded 2 times (x 67B)
Class com.google.common.collect.Maps$IteratorBasedAbstractMap                         : loaded 2 times (x 122B)
Class org.jetbrains.kotlin.gradle.tasks.configuration.AbstractKotlinCompileConfig$2$2$1: loaded 2 times (x 72B)
Class org.jetbrains.kotlin.build.report.metrics.BuildAttributes$Companion             : loaded 2 times (x 68B)
Class org.jetbrains.kotlin.gradle.tasks.KotlinCompilationTask                         : loaded 2 times (x 67B)
Class org.jetbrains.kotlin.gradle.plugin.mpp.compilationImpl.factory.KotlinCompilationImplFactory$ProcessResourcesTaskNameFactory: loaded 2 times (x 67B)
Class com.google.common.collect.RangeGwtSerializationDependencies                     : loaded 2 times (x 68B)
Class com.google.common.base.Joiner$2                                                 : loaded 2 times (x 76B)
Class org.jetbrains.kotlin.gradle.internal.properties.PropertiesBuildService$property$2: loaded 2 times (x 76B)
Class org.jetbrains.kotlin.gradle.internal.KotlinDependenciesManagementKt             : loaded 2 times (x 68B)
Class org.jetbrains.kotlin.gradle.plugin.DefaultKotlinBasePlugin$setupAttributeMatchingStrategy$1$2: loaded 2 times (x 76B)
Class org.jetbrains.kotlin.gradle.targets.native.internal.PlatformLibrariesGenerator$Companion: loaded 2 times (x 68B)
Class org.jetbrains.kotlin.gradle.plugin.statistics.KotlinBuildStatsLoggerService     : loaded 2 times (x 69B)
Class org.objectweb.asm.Frame                                                         : loaded 2 times (x 70B)
Class com.google.common.base.CharMatcher$NamedFastMatcher                             : loaded 2 times (x 109B)
Class com.google.common.base.CharMatcher$1                                            : loaded 2 times (x 110B)
Class org.objectweb.asm.MethodVisitor                                                 : loaded 2 times (x 102B)
Class com.google.common.cache.LocalCache$EntryFactory$1                               : loaded 2 times (x 80B)
Class [Lcom.google.common.cache.RemovalListener;                                      : loaded 2 times (x 66B)
Class org.jetbrains.kotlin.gradle.plugin.mpp.InternalKotlinTargetKt$special$$inlined$extrasStoredFuture$1: loaded 2 times (x 76B)
Class org.jetbrains.kotlin.tooling.core.ExtrasProperty                                : loaded 2 times (x 67B)
Class org.jetbrains.kotlin.compilerRunner.UsesCompilerSystemPropertiesService         : loaded 2 times (x 67B)
Class org.jetbrains.kotlin.gradle.plugin.mpp.compilationImpl.KotlinCompilationSourceSetInclusion$Companion: loaded 2 times (x 68B)
Class com.google.common.collect.RangeSet                                              : loaded 2 times (x 67B)
Class org.jetbrains.kotlin.konan.target.KonanTarget$WATCHOS_DEVICE_ARM64              : loaded 2 times (x 75B)
Class org.jetbrains.kotlin.gradle.plugin.diagnostics.checkers.MissingNativeStdlibChecker$runChecks$1: loaded 2 times (x 85B)
Class [Lorg.jetbrains.kotlin.gradle.plugin.sources.android.AndroidVariantType;        : loaded 2 times (x 66B)
Class org.jetbrains.kotlin.gradle.plugin.sources.android.AndroidVariantType           : loaded 2 times (x 76B)
Class org.jetbrains.kotlin.gradle.plugin.mpp.KotlinTargetSoftwareComponent            : loaded 2 times (x 86B)
Class org.jetbrains.kotlin.gradle.plugin.mpp.KotlinVariant                            : loaded 2 times (x 96B)
Class org.jetbrains.kotlin.gradle.targets.native.ConfigureFrameworkExportSideEffectKt : loaded 2 times (x 68B)
Class org.jetbrains.kotlin.gradle.utils.WhenPluginEnabledKt                           : loaded 2 times (x 68B)
Class org.jetbrains.kotlin.gradle.plugin.diagnostics.KotlinToolingDiagnosticsCollector$Parameter$Inject_: loaded 2 times (x 103B)
Class org.jetbrains.kotlin.gradle.plugin.VariantImplementationFactories               : loaded 2 times (x 72B)
Class org.jetbrains.kotlin.gradle.internal.diagnostics.KotlinCompilerEmbeddableCheck  : loaded 2 times (x 68B)
Class com.google.common.cache.LocalCache$EntryFactory$2                               : loaded 2 times (x 80B)
Class org.gradle.api.internal.classpath.GlobalCacheRootsProvider                      : loaded 2 times (x 67B)
Class org.jetbrains.kotlin.tooling.core.Extras$Entry$Companion                        : loaded 2 times (x 68B)
Class com.google.common.collect.CollectCollectors                                     : loaded 2 times (x 68B)
Class org.jetbrains.kotlin.gradle.targets.js.dsl.KotlinWasmWasiTargetDsl              : loaded 2 times (x 67B)
Class org.jetbrains.kotlin.gradle.plugin.diagnostics.checkers.DisabledNativeTargetsChecker: loaded 2 times (x 71B)
Class org.jetbrains.kotlin.gradle.plugin.mpp.compilationImpl.KotlinCreateSourcesJarTaskSideEffectKt$KotlinCreateSourcesJarTaskSideEffect$1: loaded 2 times (x 71B)
Class org.jetbrains.kotlin.gradle.internal.CompilerArgumentAware                      : loaded 2 times (x 67B)
Class org.jetbrains.kotlin.gradle.plugin.statistics.BuildFusService$Parameters$Inject_: loaded 2 times (x 109B)
Class org.jetbrains.kotlin.gradle.utils.ReportUtilsKt                                 : loaded 2 times (x 68B)
Class org.jetbrains.kotlin.gradle.utils.StoredLazyProperty                            : loaded 2 times (x 72B)
Class org.objectweb.asm.ModuleWriter                                                  : loaded 2 times (x 79B)
Class com.google.common.cache.LocalCache$EntryFactory$3                               : loaded 2 times (x 80B)
Class com.google.common.base.Ticker$1                                                 : loaded 2 times (x 69B)
Class com.google.common.collect.Maps$BiMapConverter                                   : loaded 2 times (x 87B)
Class com.google.common.collect.ImmutableMapEntrySet$RegularEntrySet                  : loaded 2 times (x 149B)
Class Native_plugin_loader_gradle$NativePluginLoader                                  : loaded 2 times (x 69B)
Class org.jetbrains.kotlin.gradle.tasks.K2MultiplatformStructure_Decorated            : loaded 2 times (x 128B)
Class org.jetbrains.kotlin.compilerRunner.GradleCompilerRunner                        : loaded 2 times (x 70B)
Class com.google.common.collect.SetMultimap                                           : loaded 2 times (x 67B)
Class org.jetbrains.kotlin.gradle.dsl.AndroidMainSourceSetConventionsChecker$runChecks$1: loaded 2 times (x 85B)
Class org.jetbrains.kotlin.gradle.plugin.sources.FragmentConsistencyChecks            : loaded 2 times (x 69B)
Class org.jetbrains.kotlin.gradle.plugin.mpp.InternalKotlinTargetComponent            : loaded 2 times (x 88B)
Class org.jetbrains.kotlin.gradle.targets.CreateNonPackedKlibVariantsSideEffectKt     : loaded 2 times (x 68B)
Class org.jetbrains.kotlin.gradle.targets.CreateDefaultTestRunSideEffectKt$special$$inlined$KotlinTargetSideEffect$1: loaded 2 times (x 71B)
Class org.jetbrains.kotlin.gradle.utils.ProviderApiUtilsKt                            : loaded 2 times (x 68B)
Class org.jetbrains.kotlin.gradle.plugin.diagnostics.IsAttachedToTerminalValueSource  : loaded 2 times (x 77B)
Class org.jetbrains.kotlin.gradle.targets.native.UsesKonanPropertiesBuildService      : loaded 2 times (x 67B)
Class org.jetbrains.kotlin.gradle.internal.properties.NativePropertiesLoader$forceDisableRunningInProcess$1: loaded 2 times (x 72B)
Class org.jetbrains.kotlin.gradle.internal.tasks.TaskWithLocalState                   : loaded 2 times (x 67B)
Class org.jetbrains.kotlin.gradle.plugin.statistics.KotlinBuildStatisticsUtilsKt      : loaded 2 times (x 68B)
Class org.jetbrains.kotlin.statistics.metrics.BooleanMetrics                          : loaded 2 times (x 77B)
Class org.jetbrains.kotlin.gradle.utils.PersistentCachesKt                            : loaded 2 times (x 68B)
Class org.jetbrains.kotlin.gradle.internal.properties.PropertiesBuildService$Params   : loaded 2 times (x 67B)
Class org.jetbrains.kotlin.gradle.internal.diagnostics.GradleCompatibilityCheck       : loaded 2 times (x 68B)
Class com.google.common.collect.ImmutableSet$Builder                                  : loaded 2 times (x 82B)
Class com.google.common.base.CharMatcher$InRange                                      : loaded 2 times (x 108B)
Class com.google.common.cache.LocalCache$EntryFactory$4                               : loaded 2 times (x 80B)
Class org.jetbrains.kotlin.gradle.plugin.sources.KotlinDependencyScopeKt$WhenMappings : loaded 2 times (x 68B)
Class org.jetbrains.kotlin.gradle.tasks.K2MultiplatformCompilationTask                : loaded 2 times (x 67B)
Class org.jetbrains.kotlin.gradle.utils.ConfigurationsKt$maybeCreateDependencyScope$1 : loaded 2 times (x 75B)
Class org.jetbrains.kotlin.gradle.plugin.sources.FragmentConsistencyChecks$languageVersionCheck$1: loaded 2 times (x 76B)
Class org.jetbrains.kotlin.gradle.plugin.mpp.DecoratedKotlinCompilation               : loaded 2 times (x 188B)
Class org.jetbrains.kotlin.gradle.plugin.diagnostics.checkers.ExperimentalTryNextUsageChecker: loaded 2 times (x 71B)
Class [Lorg.jetbrains.kotlin.gradle.plugin.KotlinPlatformType;                        : loaded 2 times (x 66B)
Class [Lorg.jetbrains.kotlin.gradle.plugin.diagnostics.ToolingDiagnostic$Severity;    : loaded 2 times (x 66B)
Class org.jetbrains.kotlin.gradle.plugin.statistics.UsesBuildFusService               : loaded 2 times (x 67B)
Class org.jetbrains.kotlin.gradle.plugin.statistics.old.Pre232IdeaKotlinBuildStatsBeanService: loaded 2 times (x 92B)
Class org.jetbrains.kotlin.statistics.metrics.NumberOverridePolicy$AVERAGE            : loaded 2 times (x 82B)
Class org.jetbrains.kotlin.gradle.plugin.BuildFinishedListenerService$Companion$registerIfAbsent$1$1: loaded 2 times (x 76B)
Class org.jetbrains.kotlin.gradle.internal.diagnostics.GradleCompatibilityCheck$CurrentGradleVersionProvider: loaded 2 times (x 67B)
Class com.google.common.cache.LocalCache$EntryFactory$5                               : loaded 2 times (x 80B)
Class org.jetbrains.kotlin.gradle.targets.native.internal.CInteropConfigurationsKt    : loaded 2 times (x 68B)
Class org.jetbrains.kotlin.gradle.plugin.mpp.MppSourcesJarKt$sourcesJarTaskNamed$result$1: loaded 2 times (x 76B)
Class org.jetbrains.kotlin.gradle.tasks.configuration.BaseKotlinCompileConfig$1       : loaded 2 times (x 76B)
Class org.jetbrains.kotlin.gradle.plugin.mpp.compilationImpl.factory.ConfigurationNaming$Default: loaded 2 times (x 72B)
Class org.jetbrains.kotlin.gradle.plugin.mpp.compilationImpl.KotlinCompilationSourceSetInclusion: loaded 2 times (x 69B)
Class org.jetbrains.kotlin.gradle.plugin.KotlinBaseApiPlugin                          : loaded 2 times (x 113B)
Class org.jetbrains.kotlin.gradle.targets.jvm.KotlinJvmTarget                         : loaded 2 times (x 160B)
Class org.jetbrains.kotlin.gradle.targets.js.dsl.KotlinWasmJsTargetDsl                : loaded 2 times (x 67B)
Class org.jetbrains.kotlin.gradle.plugin.diagnostics.checkers.DisabledNativeTargetsChecker$runChecks$1: loaded 2 times (x 85B)
Class org.jetbrains.kotlin.gradle.plugin.KotlinPluginLifecycleImpl$await$2$1          : loaded 2 times (x 76B)
Class org.jetbrains.kotlin.gradle.plugin.sources.DefaultLanguageSettingsBuilder       : loaded 2 times (x 97B)
Class org.jetbrains.kotlin.gradle.plugin.sources.FragmentConsistencyChecks$languageVersionCheck$2: loaded 2 times (x 75B)
Class org.jetbrains.kotlin.gradle.targets.CreateTargetConfigurationsSideEffectKt$CreateTargetConfigurationsSideEffect$1: loaded 2 times (x 71B)
Class org.jetbrains.kotlin.gradle.dsl.KotlinPublishingDsl                             : loaded 2 times (x 67B)
Class org.jetbrains.kotlin.gradle.dsl.KotlinTargetContainerWithPresetFunctions        : loaded 2 times (x 67B)
Class org.jetbrains.kotlin.gradle.plugin.diagnostics.ToolingDiagnosticRenderingOptionsKt$WhenMappings: loaded 2 times (x 68B)
Class org.jetbrains.kotlin.gradle.utils.GradleConfigurationUtilsKt                    : loaded 2 times (x 68B)
Class org.jetbrains.kotlin.gradle.plugin.internal.CustomPropertiesFileValueSource$Parameters: loaded 2 times (x 67B)
Class org.jetbrains.kotlin.gradle.plugin.UsesBuildFinishedListenerService             : loaded 2 times (x 67B)
Class com.google.common.cache.LocalCache$EntryFactory$6                               : loaded 2 times (x 80B)
Class org.gradle.internal.installation.CurrentGradleInstallationLocator               : loaded 2 times (x 68B)
Class org.jetbrains.kotlin.statistics.metrics.SumMetricContainer                      : loaded 2 times (x 77B)
Class org.jetbrains.kotlin.gradle.tasks.DefaultKotlinJavaToolchain$getToolsJarFromJvm$1: loaded 2 times (x 72B)
Class org.jetbrains.kotlin.build.report.metrics.GcMetrics                             : loaded 2 times (x 69B)
Class org.jetbrains.kotlin.gradle.plugin.diagnostics.UsesKotlinToolingDiagnosticsKt   : loaded 2 times (x 68B)
Class org.jetbrains.kotlin.gradle.tasks.configuration.BaseKotlinCompileConfig$2       : loaded 2 times (x 76B)
Class com.google.common.collect.Maps$KeySet                                           : loaded 2 times (x 134B)
Class org.jetbrains.kotlin.gradle.plugin.KotlinJvmFactory                             : loaded 2 times (x 67B)
Class org.jetbrains.kotlin.gradle.plugin.mpp.InternalKotlinCompilation                : loaded 2 times (x 67B)
Class org.jetbrains.kotlin.gradle.utils.WhenEvaluatedKt                               : loaded 2 times (x 68B)
Class org.jetbrains.kotlin.konan.target.KonanTarget$IOS_X64                           : loaded 2 times (x 75B)
Class org.jetbrains.kotlin.gradle.targets.native.internal.AddKotlinPlatformIntegersSupportLibraryKt: loaded 2 times (x 68B)
Class org.jetbrains.kotlin.gradle.plugin.AbstractKotlinJsPluginWrapper                : loaded 2 times (x 83B)
Class org.jetbrains.kotlin.gradle.plugin.internal.MavenPublicationComponentAccessor   : loaded 2 times (x 67B)
Class org.jetbrains.kotlin.gradle.fus.BuildUidService                                 : loaded 2 times (x 77B)
Class org.jetbrains.kotlin.gradle.plugin.KotlinPluginWrapperKt                        : loaded 2 times (x 68B)
Class com.google.common.collect.ImmutableSet$EmptySetBuilderImpl                      : loaded 2 times (x 73B)
Class com.google.common.cache.LocalCache$EntryFactory$7                               : loaded 2 times (x 80B)
Class com.google.common.collect.ImmutableList                                         : loaded 2 times (x 203B)
Class org.gradle.internal.service.DefaultServiceLocator                               : loaded 2 times (x 80B)
Class jdk.internal.jrtfs.JrtDirectoryStream                                           : loaded 2 times (x 86B)
Class com.google.common.collect.Maps$EntrySet                                         : loaded 2 times (x 133B)
Class org.jetbrains.kotlin.gradle.tasks.configuration.BaseKotlinCompileConfig$1$1$1   : loaded 2 times (x 72B)
Class org.jetbrains.kotlin.gradle.tasks.KotlinCompile$scriptExtensions$1              : loaded 2 times (x 76B)
Class org.jetbrains.kotlin.gradle.tasks.K2MultiplatformStructure$Fragment             : loaded 2 times (x 69B)
Class org.jetbrains.kotlin.compilerRunner.CompilerSystemPropertiesService$Companion$registerIfAbsent$1: loaded 2 times (x 72B)
Class org.jetbrains.kotlin.statistics.AnonymizerUtilsKt                               : loaded 2 times (x 68B)
Class org.jetbrains.kotlin.gradle.plugin.diagnostics.checkers.WasmJsEnvironmentChecker: loaded 2 times (x 73B)
Class org.jetbrains.kotlin.gradle.plugin.diagnostics.checkers.AndroidPluginWithoutAndroidTargetChecker: loaded 2 times (x 71B)
Class org.jetbrains.kotlin.gradle.plugin.statistics.FlowActionBuildFusService$getConfigurationTimeMetrics$1: loaded 2 times (x 72B)
Class org.jetbrains.kotlin.gradle.plugin.statistics.SynchronizedMetricsContainer      : loaded 2 times (x 79B)
Class org.jetbrains.kotlin.statistics.metrics.NumberOverridePolicy                    : loaded 2 times (x 82B)
Class org.jetbrains.kotlin.statistics.metrics.StringAnonymizationPolicy$AllowedListAnonymizer$Companion: loaded 2 times (x 68B)
Class org.jetbrains.kotlin.gradle.plugin.internal.DefaultProjectIsolationStartParameterAccessor_Decorated: loaded 2 times (x 118B)
Class org.jetbrains.kotlin.gradle.plugin.internal.ProjectIsolationStartParameterAccessorKt: loaded 2 times (x 68B)
Class org.jetbrains.kotlin.gradle.testing.internal.KotlinTestsRegistry                : loaded 2 times (x 69B)
Class com.google.common.cache.LocalCache$EntryFactory$8                               : loaded 2 times (x 80B)
Class com.google.common.collect.ImmutableSet$SetBuilderImpl                           : loaded 2 times (x 73B)
Class org.gradle.internal.installation.CurrentGradleInstallation                      : loaded 2 times (x 70B)
Class org.jetbrains.kotlin.gradle.tasks.configuration.BaseKotlinCompileConfig$1$1$2   : loaded 2 times (x 72B)
Class org.jetbrains.kotlin.gradle.tasks.KotlinCompilerExecutionStrategy               : loaded 2 times (x 76B)
Class org.jetbrains.kotlin.gradle.plugin.mpp.InternalKotlinCompilationKt$awaitAllKotlinSourceSets$1: loaded 2 times (x 85B)
Class org.jetbrains.kotlin.gradle.plugin.sources.DefaultKotlinSourceSet$special$$inlined$Iterable$1: loaded 2 times (x 76B)
Class org.jetbrains.kotlin.gradle.plugin.mpp.compilationImpl.factory.KotlinCompilationImplFactory$KotlinCompilerOptionsFactory$Options: loaded 2 times (x 69B)
Class org.jetbrains.kotlin.gradle.plugin.statistics.FusMetrics                        : loaded 2 times (x 67B)
Class org.jetbrains.kotlin.gradle.plugin.KotlinCompilation                            : loaded 2 times (x 67B)
Class org.jetbrains.kotlin.gradle.plugin.diagnostics.ToolingDiagnosticRenderingOptionsKt: loaded 2 times (x 68B)
Class org.jetbrains.kotlin.gradle.tasks.publishing.HelpersKt                          : loaded 2 times (x 68B)
Class org.jetbrains.kotlin.gradle.plugin.KotlinTargetConfiguratorKt                   : loaded 2 times (x 68B)
Class org.jetbrains.kotlin.gradle.targets.native.internal.PlatformLibrariesGenerator  : loaded 2 times (x 69B)
Class org.jetbrains.kotlin.tooling.core.Extras$Type$Companion                         : loaded 2 times (x 68B)
Class com.google.common.cache.CacheLoader$1                                           : loaded 2 times (x 72B)
Class com.google.common.collect.ImmutableList$SubList                                 : loaded 2 times (x 206B)
Class org.gradle.util.internal.GUtil                                                  : loaded 2 times (x 68B)
Class com.google.common.io.ByteSource                                                 : loaded 2 times (x 81B)
Class org.jetbrains.kotlin.gradle.tasks.configuration.BaseKotlinCompileConfig$1$1$3   : loaded 2 times (x 72B)
Class org.jetbrains.kotlin.gradle.plugin.mpp.InternalKotlinTargetKt$isSourcesPublishableFuture$2: loaded 2 times (x 92B)
Class org.jetbrains.kotlin.gradle.plugin.mpp.KotlinCompilationFactory                 : loaded 2 times (x 67B)
Class org.jetbrains.kotlin.gradle.dsl.IosSourceSetConventionChecker$runChecks$1       : loaded 2 times (x 85B)
Class org.jetbrains.kotlin.gradle.plugin.mpp.AbstractKotlinCompilation                : loaded 2 times (x 188B)
Class org.jetbrains.kotlin.gradle.plugin.diagnostics.checkers.UnusedSourceSetsChecker : loaded 2 times (x 71B)
Class org.jetbrains.kotlin.gradle.utils.Future                                        : loaded 2 times (x 67B)
Class org.jetbrains.kotlin.gradle.plugin.statistics.KotlinBuildStatsConfiguration$Companion: loaded 2 times (x 68B)
Class com.google.common.cache.AbstractCache$StatsCounter                              : loaded 2 times (x 67B)
Class org.jetbrains.kotlin.gradle.plugin.attributes.KlibPackaging                     : loaded 2 times (x 67B)
Class org.jetbrains.kotlin.gradle.plugin.mpp.KotlinTargetSoftwareComponentImplKt      : loaded 2 times (x 68B)
Class org.jetbrains.kotlin.gradle.targets.js.dsl.KotlinJsSubTargetContainerDsl        : loaded 2 times (x 67B)
Class org.jetbrains.kotlin.tooling.core.MutableExtrasImpl$Companion                   : loaded 2 times (x 68B)
Class org.jetbrains.kotlin.gradle.internal.ClassLoadersCachingBuildService$Parameters : loaded 2 times (x 67B)
Class org.jetbrains.kotlin.gradle.plugin.KotlinGradleBuildServices$Companion$registerIfAbsent$1: loaded 2 times (x 72B)
Class org.jetbrains.kotlin.statistics.fileloggers.MetricsContainer                    : loaded 2 times (x 74B)
Class org.jetbrains.kotlin.gradle.plugin.internal.ProjectIsolationStartParameterAccessor: loaded 2 times (x 67B)
Class org.jetbrains.kotlin.gradle.utils.StoredProperty                                : loaded 2 times (x 67B)
Class com.google.common.collect.Iterators$MergingIterator                             : loaded 2 times (x 78B)
Class com.google.common.collect.RegularImmutableSet                                   : loaded 2 times (x 146B)
Class org.gradle.internal.installation.GradleInstallation                             : loaded 2 times (x 72B)
Class jdk.internal.jimage.decompressor.ResourceDecompressor$StringsProvider           : loaded 2 times (x 67B)
Class com.google.common.base.Splitter$Strategy                                        : loaded 2 times (x 67B)
Class org.jetbrains.kotlin.gradle.dsl.KotlinJvmCompile$DefaultImpls                   : loaded 2 times (x 68B)
Class org.jetbrains.kotlin.gradle.plugin.mpp.compilationImpl.factory.KotlinCompilationImplFactory$create$1: loaded 2 times (x 72B)
Class org.jetbrains.kotlin.gradle.tasks.KotlinJavaToolchain                           : loaded 2 times (x 67B)
Class org.jetbrains.kotlin.statistics.metrics.BooleanMetrics$Companion                : loaded 2 times (x 68B)
Class org.jetbrains.kotlin.gradle.plugin.internal.CompatibilityConventionRegistrar    : loaded 2 times (x 67B)
Class org.jetbrains.kotlin.gradle.plugin.AndroidGradlePluginVersion                   : loaded 2 times (x 72B)
Class com.google.common.collect.Iterables                                             : loaded 2 times (x 68B)
Class org.jetbrains.kotlin.gradle.plugin.mpp.KotlinJvmCompilation                     : loaded 2 times (x 196B)
Class org.jetbrains.kotlin.gradle.plugin.KotlinCompilation$Companion                  : loaded 2 times (x 68B)
Class org.jetbrains.kotlin.konan.target.KonanTarget$WATCHOS_ARM64                     : loaded 2 times (x 75B)
Class org.jetbrains.kotlin.gradle.plugin.diagnostics.checkers.OverriddenKotlinNativeHomeChecker: loaded 2 times (x 71B)
Class org.jetbrains.kotlin.gradle.artifacts.KotlinJvmJarArtifactKt$KotlinJvmJarArtifact$1: loaded 2 times (x 71B)
Class org.jetbrains.kotlin.gradle.targets.native.SetupEmbedAndSignAppleFrameworkTaskSideEffectKt: loaded 2 times (x 68B)
Class org.jetbrains.kotlin.gradle.plugin.KotlinProjectSetupActionKt$KotlinProjectSetupCoroutine$1: loaded 2 times (x 72B)
Class org.jetbrains.kotlin.gradle.dsl.ToolchainSupport$Companion                      : loaded 2 times (x 68B)
Class org.jetbrains.kotlin.gradle.plugin.KotlinSourceSet                              : loaded 2 times (x 67B)
Class org.jetbrains.kotlin.konan.target.KonanTarget$MACOS_ARM64                       : loaded 2 times (x 75B)

---------------  S Y S T E M  ---------------

OS:
 Windows 11 , 64 bit Build 26100 (10.0.26100.8521)
OS uptime: 0 days 0:32 hours
Hyper-V role detected

CPU: total 12 (initial active 12) (6 cores per cpu, 2 threads per core) family 6 model 151 stepping 2 microcode 0x32, cx8, cmov, fxsr, ht, mmx, 3dnowpref, sse, sse2, sse3, ssse3, sse4.1, sse4.2, popcnt, lzcnt, tsc, tscinvbit, avx, avx2, aes, erms, clmul, bmi1, bmi2, adx, sha, fma, vzeroupper, clflush, clflushopt, clwb, hv, serialize, rdtscp, rdpid, fsrm, f16c, cet_ibt, cet_ss
Processor Information for all 12 processors :
  Max Mhz: 2500, Current Mhz: 2500, Mhz Limit: 2500

Memory: 4k page, system-wide physical 16217M (3828M free)
TotalPageFile size 18273M (AvailPageFile size 2197M)
current process WorkingSet (physical memory assigned to process): 409M, peak: 950M
current process commit charge ("private bytes"): 976M, peak: 990M

vm_info: OpenJDK 64-Bit Server VM (21.0.3+-12282718-b509.11) for windows-amd64 JRE (21.0.3+-12282718-b509.11), built on 2024-08-27T17:34:15Z by "builder" with MS VC++ 16.10 / 16.11 (VS2019)

END.
